T-Rex	The Adventures of T-Rex	
T-sensei	My teacher	てぃ先生
T.P. Sakura: Time Paladin Sakura		T.P. Sakura ~Time Paladin Sakura~ Jikuu Boueisen
T7S Longing for Summer Again and Again: Harukaze		Tokyo 7th Sisters Longing for Summer Again and Again: Harukaze
TANK S.W.A.T. 01	TANK S.W.A.T. 01	Keisatsu Sensha Tai TANK S.W.A.T. 01
THE iDOLM@STER Cinderella Girls: Starlight Stage - Shinshun! Happy New Year Campaign		
TO		2001 Ya Monogatari
TO-Y		
TOHO Cinemas x One Piece Film: Gold - Tokubetsu Eizou		TOHO Cinemas x One Piece Film: Gold Special Video
TOTO Green Challenge		
TSF Monogatari		Takumi ga Seitenkan Shite Fuck Sare Makuru
TV ga Kita hi		Terebi ga Kita hi
TV-ban Pokemon Special Masara Town-hen Recaps		Pocket Monsters Indigo League Recap
TWD Express Rolling Takeoff		
TWO-MIX: White Reflection		
Taa-chan no Kaitei Ryokou	Ta-chan&#039;s Underwater Adventure	Ta-chan no Kaitei Ryoko
Taabou no Ganbaru Sengen		
Taabou no Ryuuguusei Daitanken		Minna no Taai no Ryuuguusei Dai Tanken
Tabi		Travel
Tabi Machi Late Show		Tabi Machi Late Show: Awaiting My Journey
Tabi no Kisetsu		
Tabi wa Michizure Yo wa Nasake		
Tabidachi no Hi ni		
Tabidachi: Ami Shuushou	Cream Lemon: Ami&#039;s Journey	
Tabisuru Nuigurumi: Traveling Daru		
Taboo Tattoo	Taboo Tattoo	
Tachibanakan Triangle	Love to Lie Angle	Tachibanakan To Lie Angle
Tachiguishi Retsuden		Tachigui - The Amazing Lives of the Fast Food Grifters
Tachumaru Gekijou		
Tactical Roar		Tactical Rawr
Tactical Roar Special		Tactical Rawr
Tactics		
Tada-kun wa Koi wo Shinai	Tada Never Falls in Love	Tada Doesn&#039;t Fall in Love
Taegeugsonyeon Huin Dogsuli		Taekwon Boy White Eagle
Taekwon Dongja Maruchi Arachi		Taekwon Boy Maruchi Arachi
Taeng-gu & Ulasyong		Tangoo & Ullashong
Taichi Senjimon	Tai Chi Chasers	
Taifuu no Noruda	Typhoon Noruda	
Taiheiyou ni Kakeru Niji		Rainbow Across the Pacific Ocean
Taiho Shichau zo	You&#039;re Under Arrest	Taiho Shichauzo
Taiho Shichau zo (TV)	You&#039;re Under Arrest (1996)	Taiho Shichauzo (1996)
Taiho Shichau zo Special	You&#039;re Under Arrest Mini Specials	Taiho Shichauzo Special
Taiho Shichau zo The Movie	You&#039;re Under Arrest The Movie	Taiho Shichauzo The Movie
Taiho Shichau zo in America	You&#039;re Under Arrest: No Mercy!!	You&#039;re Under Arrest in America
Taiho Shichau zo: Full Throttle	You&#039;re Under Arrest: Full Throttle	Taiho Shichauzo: Full Throttle
Taiho Shichau zo: Full Throttle Special	You&#039;re Under Arrest: Full Throttle Special	You&#039;re Under Arrest Full Throttle Episode 0
Taiho Shichau zo: Nagisa no Koutsuu Yuudou	You&#039;re Under Arrest: Diverting Traffic at the Beach	Taiho Shichauzo Special
Taiho Shichau zo: Second Season	You&#039;re Under Arrest: Fast & Furious	Taiho Shichauzo: Second Season
Taiko no Tatsujin	Taiko Drum Master	
Taiko no Tatsujin: 15 Shuunenkinen Short Animation		Taiko: Drum Master
Taikong Lixianji	Astro Plan	Space Adventures
Tailenders		
Taimadou Gakuen 35 Shiken Shoutai	AntiMagic Academy 35th Test Platoon	Taimadou Gakuen Sanjuugo Shiken Shoutai
Taiman Blues: Ladies-hen - Mayumi		Taiman Blues: Ladies Chapter - Mayumi
Taiman Blues: Shimizu Naoto-hen		Taiman Blues: Shimizu Naoto Chapter
Taimanin Asagi		Anti-Demon Hunters
Taimanin Asagi 2		
Taimanin Asagi 3		
Taimanin Asagi Special		Anti-Demon Hunters
Taimanin Yukikaze		
Tairiki Tarou no Mucha Shuugyou	Mighty Taro&#039;s Reckless Training	Dairiki Tarou no Mucha Shuugyou
Taisei Kensetsu: Bosporus Kaikyou Tunnel		Taisei Kensetsu CM: Bosporus Kaikyou Tunnel
Taisei Kensetsu: Shin Doha Kokusai Kuukou		Taisei Kensetsu CM: Shin Doha Kokusai Kuukou
Taisei Kensetsu: Sri Lanka Kousokudouro		Taisei Kensetsu CM: Sri Lanka Kousokudouro
Taisei Kensetsu: Vietnam Noi Bai Kuukou		Taisei Kensetsu CM: Vietnam Noi Bai Kuukou
Taisetsu na Kazoku wo Tsutsumu	 Sono Te.	大切な家族を包む、その手。
Taishou Mebiusline: Chicchai-san		
Taishou Mebiusline: Chicchai-san - You and I		
Taishou Yakyuu Musume.	Taisho Baseball Girls	Taishou Era Baseball Daughters
Taishou Yakyuu Musume. Specials		Taishou Baseball Girls
Taiyou no Hou: El Cantare e no Michi	The Laws of the Sun	Happy Science Movie 2
Taiyou no Kiba Dagram		Fang of the Sun Dagram
Taiyou no Ko Esteban	The Mysterious Cities of Gold	Esteban
Taiyou no Mokushiroku: A Spirit of the Sun		
Taiyou no Ouji: Horus no Daibouken	The Little Norse Prince	Horus: Prince of the Sun
Taiyou no Yuusha Fighbird	Brave of the Sun Fighbird	Brave Hero of the Sun
Taiyou to Tsuki no Kodomo-tachi		V6
Taiyou to Tsuki no Kodomo-tachi (2018)		V6
Taka no Tsume 7: Joou Heika no Jobuubu		The Frogman Show
Taka no Tsume 8: Yoshida-kun no X-Files		Eagle Talon Movie 8
Taka no Tsume GO: Utsukushiki Elleair Shoushuu Plus		Taka no Tsume GO: Yoshida
Taka no Tsume NEO Announcement Movie		Eagle Talon NEO Announcement Movie
Taka no Tsume x Ballad Katte ni Senden Movie		Eagle Talon
Taka no Tsume x Hello Kitty ga Masaka no Collab!		
Taka no Tsume x Megane Super		Taka no Tsume x Megane Super Prologue
Taka no Tsume-dan	 Toyama	鷹の爪団、富山
Taka no Tsume: Tokyo Comic Con 2017 no Ouen-dan ni Shuunin Kettei!		Eagle Talon
Takamiya Nasuno Desu!: Teekyuu Spin-off		
Takamiya Nasuno Desu!: Teekyuu Spin-off Specials		
Takanashi Rikka Kai: Chuunibyou demo Koi ga Shitai! Movie	Love	小鳥遊六花・改 ～劇場版 中二病でも恋がしたい！～
Takanashi Rikka Kai: Chuunibyou demo Koi ga Shitai! Movie Lite		
Takane no Jitensha	Takane&#039;s Bicycle	
Takara-sagashi	Treasure Hunting	Treasure Hunt
Takarajima		Treasure Island
Takarajima (Movie)		Takarajima Gekijouban
Takarajima Memorial: Yuunagi to Yobareta Otoko		Treasure Island Memorial
Takarakuji x Rope		Lottery x Rope
Take Your Way		
Takemoto Denki x Peeping Life		Takemotodenki x Peeping Life
Tako ni Natta Okaasan		
Tako no Hone		
Takoyaki Mant-Man	Takoyaki Capeman	Takoyaki Mantoman
Taku Boda		Nice to See You Re-Mix
Takunomi.	Takunomi	
Tales of Eternia The Animation	Tales of Eternia	ToE
Tales of Gekijou		Tales of the Heroes: Twin Brave Specials
Tales of Phantasia The Animation	Tales of Phantasia	
Tales of Symphonia The Animation: Kaette Kita Kratos-sensei no Private Lesson		Tales of Symphonia The Animation: Sylvarant-hen Special 2
Tales of Symphonia The Animation: Kratos-sensei no Private Lesson		Tales of Symphonia The Animation: Sylvarant-hen Special
Tales of Symphonia The Animation: Sekai Tougou-hen		Tales of Symphonia The Animation: United World Episode
Tales of Symphonia The Animation: Sekai Tougou-hen Specials		Tales of Symphonia The Animation: United World Episode Specials
Tales of Symphonia The Animation: Sylvarant-hen		Tales of Symphonia The Animation: Sylvarant Chapter
Tales of Symphonia The Animation: Tethe&#039;alla-hen		Tales of Symphonia 2
Tales of Symphonia The Animation: Tethe&#039;alla-hen Specials		Tales of Symphonia The Animation: Tethe&#039;alla Chapter - Mata Aeta ne: Shougeki no Judgement!
Tales of Vesperia: The First Strike	Tales of Vesperia ~The First Strike~	
Tales of Zestiria the X	Tales of Zestiria the X	Tales of Zestiria the Cross
Tales of Zestiria the X 2nd Season		Tales of Zestiria The Cross Second Season
Tales of Zestiria the X: Saiyaku no Jidai	Tales of Zestiria the X Prologue: The Age of Chaos	Tales of Zestiria the X Episode 00
Tales of Zestiria: Doushi no Yoake	Tales of Zestiria: Dawn of the Shepherd	
Tales of the Abyss	Tales of the Abyss	
Tales of the Abyss Special Fan Disc		
Tales of the Rays	Tales of the Rays	Tales of the Rays Opening Eizou
Tales of the Rays (2018)		
Tales of the Rays: Mirrage Prison	Tales of the Rays: Mirrage Prison	
Talpy	Talpy	
Tama & Friends: Uchi no Tama Shirimasenka?		Tama and Friends
Tama Gura Abayo: Moki Yumokyu Superdeluxe		Ici
Tama Pawns	Tama-Pawns	
Tamagawa Kyoudai		
Tamagotchi Honto no Hanashi		
Tamagotchi Movie: Tanpen Himitsu no Otodoke Daisakusen!		Tamagotchi Eiga
Tamagotchi!		
Tamagotchi! Miracle Friends		
Tamagotchi! Tamatomo Daishuu GO		Tamagotchi! Tamatomo Dai Shu-GO
Tamagotchi! Yume Kira Dream		
Tamagotchi! x Taka no Tsume: Tamagotchi de Seikai Seifuku		Eagle Talon
Tamako Love Story		Tamako Market Movie
Tamako Market	Tamako Market	
Tamako Market Specials		Tamako Market: Dera&#039;s BAR
Tamala 2010: A Punk Cat in Space	Tamala 2010: A Punk Cat in Space	
Tamala 2010: A Punk Cat in Space OVA		Tamala 2010 OVA
Tamashichi!		Tama-Sichi
Tamashii Insert		
Tamayura		
Tamayura: Hitotose		
Tamayura: Hitotose - Attakai Kaze no Omoide	 Nanode	たまゆら～hitotose～ 第5.5話「あったかい風の想い出、なので」
Tamayura: More Aggressive		
Tamayura: More Aggressive - Tsuitachi dake no Shuugakuryokou	 Nanode	たまゆら～もあぐれっしぶ～ 第8.5話「一日だけの修学旅行、なので」
Tamayura: More Aggressive Picture Drama		
Tamayura: Sotsugyou Shashin Part 1 - Kizashi		Tamayura Kanketsu-hen Movie 1
Tamayura: Sotsugyou Shashin Part 2 - Hibiki		Tamayura Kanketsu-hen Movie 2
Tamayura: Sotsugyou Shashin Part 3 - Akogare		Tamayura Kanketsu-hen Movie 3
Tamayura: Sotsugyou Shashin Part 4 - Ashita		Tamayura Kanketsu-hen Movie 4
Tanaami Keiichi no Shouzou	A Portrait of Keiichi Tanaami	
Tanabata Monogatari		
Tanahashi Hiroshi X Mameshiba Pro Wrestling		
Tanaka-kun wa Itsumo Kedaruge	Tanaka-kun is Always Listless	
Tanaka-kun wa Itsumo Kedaruge Specials	Tanaka-kun is Always Listless	
Tanaka-kun wa Kyou mo Kedaruge		Tanaka is Listless Today Too
Tanbai Haru	 Tookaraji	探梅　春、遠からじ
Taneyamagahara no Yoru		Night of Taneyamagahara
Tang Lang Bu Chan		A Story in Summertime
Tanin no Kankei		Homeroom Affairs
Tanita Shokudou		Tanita Shokudou®Collaboration Series
Tanjou: Debut		Birth: Debut
Tanjoubi no Chachacha		Minna no Uta
Tanken Driland		
Tanken Driland: 1000-nen no Mahou		
Tanoshii Bunmeishi: Tetsu Monogatari		
Tanoshii Ekaki Uta		
Tanoshii Muumin Ikka		Mumins
Tanoshii Muumin Ikka Bouken Nikki		Tanoshii Moomin Ikka Bouken Nikki
Tanoshii Saki Uta Animation		Meiji CM
Tanoshii Sansuu		Minna no Uta
Tanoshii Willow Town		Fun Willow Town
Tanoshii ne		Minna no Uta
Tanpen Animation Junpei Fujita	Short Animations of Junpei Fujita	The Seasons
Tanpen Unico: Kuroi Kumo to Shiroi Hane		Unico: Black Rain and White Feather
Tansa Quest!		
Tansu Warashi.		Wakate Animator Ikusei Project
Tantei Gakuen Q	Detective School Q	Detective Academy Q
Tantei Kageki Milky Holmes TD		Tantei Opera Milky Holmes TD
Tantei Opera Milky Holmes		
Tantei Opera Milky Holmes Dai 2 Maku	Detective Opera Milky Holmes 2	Tantei Opera Milky Holmes 2
Tantei Opera Milky Holmes Movie: Gyakushuu no Milky Holmes		
Tantei Opera Milky Holmes: Alternative		
Tantei Opera Milky Holmes: Arsene Karei naru Yokubou		
Tantei Opera Milky Holmes: Fun Fun Party Night♪ - Ken to Janet no Okurimono		
Tantei Opera Milky Holmes: Summer Special		
Tantei Shounen Kageman		
Tantei Team KZ Jiken Note		
Tanu no Magical Holiday		
Tanuki to Kitsune		
Tanuki to Kitsune Specials		Raccoon Dog and Fox Specials
Tanuki-san Ooatari		
Tanukichi no Ohanashi		Tanukichi&#039;s Story
Tao Hua Yuan Ji	The Legend of Shangri-La	
TaoTao Ehonkan Sekai Doubutsu Banashi		Pandi-Panda
Tapuri Card x Kaijuu Sakaba Kanpai: Kanegon no Shuchou		
Tarepanda		
Tari Tari	Tari Tari	
Tari Tari: Kumottari	 Kagayaitari	
Tarou-san no Kisha	Taro&#039;s Toy Train	Taro-san no Kisha
Tarzan		
Tasogare Otome x Amnesia	Dusk Maiden of Amnesia	Tasogare Otome x Amnesia
Tasogare Otome x Amnesia: Taima Otome	Dusk Maiden of Amnesia: Ghost Girl	Dusk Maiden of Amnesia: Exorcism Maiden
Tasukeai no Rekishi: Inochi Hoken no Hajimari		Tasukeai no Rekishi: Seimei Hoken no Hajimari
Tat-chan - Momo-chan no Fushigina Taiken		
Tatakae! Chou Robot Seimeitai Transformers	Transformers: Generation 1	Transformers G1
Tatakae! Osper		
Tatakae!! Iczer-1	Fight!! Iczer-1	Iczer-One
Tatakae!! Ramenman	Fight!! Ramenman	Toushou!! Ramenman
Tatakae!! Ramenman (Movie)		Ramenman (Movie)
Tatakau Shisho: The Book of Bantorra	Armed Librarians: The Book of Bantorra	Tatakau Shisho
Tatamp		
Tate no Yuusha no Nariagari		Tate no Yusha no Nariagari
Tatsu no Ko Tarou	Taro the Dragon Boy	Taro the Dragon&#039;s Son
Tatsunoko Pro x Peeping Life		
Tattoon Master		
Tayu Tayu		Tayutayu
Tayutama: Kiss on My Deity		Tayutama
Tayutayu: Pure My Heart		Tayutama Specials
TeNiOE		
Teach	Teach	
Teakamamire no Tenshi The Animation		
Tears to Tiara	Tears to Tiara	
Tec & Her Pets		
Techno Police 21C	Techno Police	The Robots are The... Technopolice
Teddy		
Teekyuu	Teekyu	Tekyuu
Teekyuu 2	Teekyu 2	Tekyuu 2
Teekyuu 2 Specials		Tekyuu 2 Specials
Teekyuu 3	Teekyu 3	Teekyu 3
Teekyuu 3 Specials		Tekyuu 3 Specials
Teekyuu 4	Teekyu 4	Teekyuu 4th Season
Teekyuu 4 Specials		Te-kyu 4 specials
Teekyuu 5	Teekyu 5	Teekyuu 5th Season
Teekyuu 5 Specials		Tekyuu 5 Specials
Teekyuu 6	Teekyu 6	
Teekyuu 6 Specials		Tekyuu 6 Specials
Teekyuu 7	Teekyu 7	
Teekyuu 7 Specials		Tekyuu 7 Specials
Teekyuu 8	Teekyu 8	
Teekyuu 8 Specials		Teekyu 8 Specials
Teekyuu 9	Teekyu 9	
Teekyuu 9 Specials		Teekyu 9 Specials
Tegami		
Tegami: Haikei Juugo no Kimi e		Tegami: Haikei 15 No Kimi E
Tegamibachi	Tegami Bachi: Letter Bee	
Tegamibachi Gakuen	Letter Bee Academy	Tegami Bachi Specials
Tegamibachi Reverse	Tegami Bachi: Letter Bee Reverse	Tegami Bachi 2
Tegamibachi: Hikari to Ao no Gensou Yawa	Letter Bee: Light and Blue Night Fantasy	
Teinenpi Shoujo Haiji		Low Fuel Cost Girl Haiji
Teito Monogatari	Doomed Megalopolis	Capital Story
Teizokurei Daydream	Ghost Talker&#039;s Daydream	Teizoku Rei Daydream
Tejina Shi		
Teki wa Kaizoku: Neko-tachi no Kyouen	The Enemy&#039;s the Pirates!: The Cats&#039; Banquet	Galactic Pirates
Tekkamen wo Oe: d&#039;Artagnan Monogatari yori		Anime Sanjushi Pilot Episode
Tekken	Tekken: The Motion Picture	The King Of Iron Fist Tournament The Movie
Tekken Chinmi	Iron Fist Chinmi	Ironfist Chinmi
Tekken: Blood Vengeance	Tekken: Blood Vengeance	
Tekkon Kinkreet	Tekkonkinkreet	Tekkon Kinkreet (2006)
Tekkon Kinkreet Pilot		Tekkon Kinkurito Pilot
Tekusuke Monogatari		
Teleclub no Himitsu	Secret of Teleclub	
Telemonster		
Telepathist IQ Saiko	IQ Psycho	Telepathist AI Q315 Saiko
Telepathy Shoujo Ran		Telepathy Shojo Ran
Television		
Tell Your World		
Ten	Dot	
Ten Count		10 Count
Ten Little Gall Force		Super Deformed Double Feature
Ten made Tobaso		Minna no Uta
Ten ni Yaka Reru: E ni Yoru Shougen		
Ten no Kawa		Minna no Uta
Tenamonya Voyagers		
Tenbatsu Angel Rabbie☆		Judgment! XX Angel Rabbie
Tenchi Muyou!		Tenchi Universe TV
Tenchi Muyou! GXP		Tenchi Muyou
Tenchi Muyou! Manatsu no Eve	Tenchi the Movie 2: Daughter of Darkness	Tenchi Muyou! Midsummer&#039;s Eve
Tenchi Muyou! Ryououki	Tenchi Muyo! Ryo-Ohki	
Tenchi Muyou! Ryououki 2nd Season	Tenchi Muyo! Ryo-Ohki	Tenchi Muyou! Ryououki (1994)
Tenchi Muyou! Ryououki 2nd Season Picture Drama		Sachi Tookaraji Gojitsudan Specials
Tenchi Muyou! Ryououki 3rd Season		Tenchi Muyo! Ryo-Ohki 3rd Season
Tenchi Muyou! Ryououki 3rd Season Picture Drama		Tenchi Muyou! Ryououki 3rd Season Radio Special
Tenchi Muyou! Ryououki 3rd Season: Tenchi Seirou naredo Namitakashi?		Tenchi Muyo! Ryo-Ohki 3rd Season Plus 1
Tenchi Muyou! Ryououki 4th Season		Tenchi Muyo! Ryo-Ohki 4th Season
Tenchi Muyou! Ryououki: Omatsuri Zenjitsu no Yoru!	Tenchi Muyo! Ryo-Ohki: The Night Before The Carnival	
Tenchi Muyou! in Love	Tenchi Muyo! In Love	Tenchi Muyo Movie 1: Tenchi in Love
Tenchi Muyou! in Love 2: Haruka Naru Omoi	Tenchi Forever!	Tenchi Muyo Movie 3: Tenchi Forever!
Tenchi Muyou!: Galaxy Police Mihoshi Space Adventure		Tenchi Muyo! Mihoshi Special
Tengai Makyou: Jiraiya Oboro-hen		Far East of Eden
Tengen Toppa Gurren Lagann	Gurren Lagann	Tengen Toppa Gurren-Lagann
Tengen Toppa Gurren Lagann Movie 1: Gurren-hen	Gurren Lagann The Movie: Childhood&#039;s End	Gekijouban Tengen Toppa Gurren Lagann: Guren-hen
Tengen Toppa Gurren Lagann Movie 2: Lagann-hen	Gurren Lagann The Movie: The Lights in the Sky are Stars	Tengen Toppa Gurren Lagann Movie 2
Tengen Toppa Gurren Lagann Movie: Lagann-hen Special - Viral no Amai Yume		Tengen Toppa Gurren Lagann Gekijouban Zenyasai Special: Viral&#039;s Sweet Dream
Tengen Toppa Gurren Lagann: Kirameki★Yoko Box - Pieces of Sweet Stars		
Tengen Toppa Gurren Lagann: Mitee Mono wa Miteen da!!		Tengen Toppa Gurren Lagann Episode 6
Tengen Toppa Gurren Lagann: Ore no Gurren wa Pikka-Pika!!		Tengen Toppa Gurren Lagann Episode 5.5
Tengen Toppa Gurren Lagann: Parallel Works		Tengen Toppa Gurren-Lagann Music Clip Project
Tengen Toppa Gurren Lagann: Parallel Works 2		Tengen Toppa Gurren-Lagann Music Clip Project
Tengoku	Heaven	Lai Lai Lai Team
Tengu Taiji	Hyoei and Heibei&#039;s Tengu Hunt	
Tenioha!: Onnanoko datte Honto wa Ecchi da yo?		
Tenjou Tenge	Tenjho Tenge	Heaven and Earth
Tenjou Tenge: The Past Chapter	TenjhoTenge: The Past Chapter	Everything Above the Skies
Tenjou Tenge: The Ultimate Fight	Tenjho Tenge: The Ultimate Fight	Ultimate Fight
Tenjoubito to Akutobito Saigo no Tatakai		Munto Movie
Tenjouhen: Utsunomiko		Utsu no Miko
Tenka wo Mezashita Sannin no Bushou		Tenka wo Mezashita 3-ri no Bushou
Tenkai Knights	Tenkai Knights	
Tenki ni Naare		
Tenkou Kotofumi		
Tenkousei		Transfer Student
Tenkousei wa Kounin Kaikeishi!		The Transfer Student is a Certified Public Accountant!
Tenkousei wa Uchuujin		Minna no Uta
Tenkuu Danzai Skelter+Heaven		Skelter Heaven
Tenkuu Senki Shurato		Heaven Wars Shurato
Tenkuu Senki Shurato Recaps		Tenkuu Senki Shurato Episode 39 and Episode 32.5
Tenkuu Senki Shurato: Sousei e no Anto		Heaven Wars Shurato OVA
Tenkuu no Escaflowne	The Vision of Escaflowne	Tenkuu no Escaflowne
Tenkuu no Shiro Laputa	Castle in the Sky	Tenkuu no Shiro Rapyuta
Tenkyuu no Arculs	Celestial Arculs	
Tennen Koi-iro Alcohol		
Tennis no Ouji-sama	The Prince of Tennis	
Tennis no Ouji-sama Movie 1: Futari no Samurai - The First Game	The Prince of Tennis: The Two Samurai	劇場版 テニスの王子様 二人のサムライ The First Game
Tennis no Ouji-sama Movie 2: Eikokushiki Teikyuu Shiro Kessen!		Gekijouban Tennis no Ouji-sama: Eikokushiki Teikyuu Shiro Kessen!
Tennis no Ouji-sama: Another Story - Kako to Mirai no Message		Tennis no Ouji-sama OVA Another Story: Kako to Mirai no Message
Tennis no Ouji-sama: Another Story - Messages From Past and Future Specials	Prince of Tennis: Another Story - Messages From Past and Future OVA Bonus	Tennis no Ouji-sama OVA Another Story: Kako to Mirai no Message
Tennis no Ouji-sama: Another Story II - Ano Toki no Bokura		Tennis no Ouji-sama OVA Another Story II: Ano Toki no Bokura
Tennis no Ouji-sama: Another Story II - Ano Toki no Bokura Specials		Tennis no Ouji-sama OVA Another Story II: Ano Toki no Bokura OVA Bonus
Tennis no Ouji-sama: Atobe kara no Okurimono - Kimi ni Sasageru Tennis Prince Matsuri	Prince of Tennis: Atobe Kara no Okurimono	Tennis no Oujisama: Atobe Kara no Okurimono
Tennis no Ouji-sama: Best Games!!		Prince of Tennis: Best Games!!
Tennis no Ouji-sama: Message in a Bottle		Prince of Tennis OVA Fan Disc: Message in a Bottle
Tennis no Ouji-sama: Mini Theater		Prince of Tennis: Mini Theater
Tennis no Ouji-sama: Oshougatsu Special		Tennis no Ouji-sama: S1
Tennis no Ouji-sama: Pair Prince		Prince of Tennis: Peapuri
Tennis no Ouji-sama: Sonzoku Yama no Hi	Prince of Tennis: A Day of the Survival Mountain	Tennis no Ouji-sama
Tennis no Ouji-sama: The Band of Princes Film Kick the Future		Tennis no Ouji-sama: The Band of Princes Film Kick the Future
Tennis no Ouji-sama: Zenkoku Taikai-hen	Prince of Tennis: National Championship Chapter	PoT OVA
Tennis no Ouji-sama: Zenkoku Taikai-hen - Final		Prince of Tennis: The National Tournament Finals
Tennis no Ouji-sama: Zenkoku Taikai-hen - Semifinal		Prince of Tennis: The National Tournament Semifinals
Tenpou Ibun: Ayakashi Ayashi	Ghost Slayers Ayashi	Tenpouibun Ayakashiayashi
Tenpou Ibun: Ayakashi Ayashi - Ayashi Shinkyoku	Ghost Slayers Ayashi: Inferno	Tenpou Ibun Ayakashi Ayashi: Inferno
Tenpou Suikoden Neo		
Tenrankai de Atta Onnanoko		Minna no Uta
Tenrankai no E	Pictures at an Exhibition	
Tenrou: Sirius the Jaeger		
Tensai Bakabon		Genius Bakabon
Tensai Bakavon: Yomigaeru Flanders no Inu		
Tensai Banpaku Opening		
Tensai Eri-chan Kingyo wo Tabeta		Tensai Eri-chan Kingyo o Tabeta
Tensai? Dr. Hamax		
Tensei Kendo no Harem Colosseo		Tensei Kendo no Kozukuri Tougijou
Tensei shitara Slime Datta Ken		That Time I Got Reincarnated as a Slime
Tenshi Kinryouku	Angel Sanctuary	
Tenshi Nanka ja Nai		I&#039;m Not an Angel
Tenshi na Konamaiki	Cheeky Angel	
Tenshi na Konamaiki Specials	Cheeky Angel DVD Specials	
Tenshi ni Narumon!	I&#039;m Gonna Be an Angel!	
Tenshi no 3P!	Angel&#039;s 3Piece!	Tenshi no Three Piece!
Tenshi no Drop	Angel&#039;s Drop	
Tenshi no Habataki Jun		Angel Girl Jun
Tenshi no Shippo Chu!		Tenshi no Shippo 2
Tenshi no Shippo Chu!: Tenshi no Utagoe		Tenshi no Shippo Chu!: Omnibus Tenshi no Utagoe
Tenshi no Tamago	Angel&#039;s Egg	
Tentacle and Witches		
Tentai Senshi Sunred		Astro Fighter Sunred
Tentai Senshi Sunred 2nd Season		Astro Fighter Sunred 2
Tentai Senshi Sunred: Short Corner		Astro Fighter Sunred: DVD Short Corners
Tentou Mushi no Uta	Song of the Ladybug	The Song of Tentomushi
Tentoumushi no Otomurai	Ladybirds&#039; Requiem	
Teo the Magic Planet Pilot		Teo: Another Earth
Teppen		
Terajima-chou Kidan: Ginnagashi		Ginnagashi: Strange Tales of Terajima District
Terra Formars	Terraformars	
Terra Formars OVA		
Terra Formars Revenge		Terra Formars 2nd Season
Terra Formars: Bugs 2-hen		Terra Formars: Bugs2 2599
Terra Story	TriAngle	
Terra e...	Toward the Terra	Terra he... (Movie)
Terra e... (TV)		Terra e... (2007)
Terra e... (TV) Specials		Terra e... (2007)
Tesagure! Bukatsumono		Tesagure! Bukatsu-mono
Tesagure! Bukatsumono Encore		Tesagure! Bukatsu-mono Encore
Tesagure! Bukatsumono Spin-off Purupurun Sharumu to Asobou		Tesagure! Bukatsu-mono Spin-off Purupurun Sharumu to Asobou
Tesapuru dayo! Schedule no Au Hito dake Shuugou!		Tesagure! Bukatsumono Spin-off Purupurun Sharumu to Asobou Picture Drama Specials
Tetopettenson		Minna no Uta
Tetsu no Ko Kanahiru		Kanahiru The Iron Boy
Tetsujin 28-gou	Gigantor	Iron Man 28
Tetsujin 28-gou (1980)	The New Adventures of Gigantor	New Tetsujin 28-go
Tetsujin 28-gou (2004)	Tetsujin 28	Tetsujin 28-go (2004)
Tetsujin 28-gou Gao!		
Tetsujin 28-gou: Hakuchuu no Zangetsu		Tetsujin 28-go: Hakuchuu no Zangetsu
Tetsujin 28-gou: Tanjou-hen		Tetsujin 28-gou: The Birth
Tetsuko no Tabi		Tetsuko&#039;s Travels
Tetsuro no Kanata		Beyond the Train Tracks
Tetsuwan Atom	Astro Boy	Mighty Atom
Tetsuwan Atom (1980)	Astro Boy (1980)	Astro Boy
Tetsuwan Atom: Ao Kishi no Kan		Astro Boy: Volume of the Blue Knight
Tetsuwan Atom: Atom Tanjou no Himitsu		Astro Boy: The Secret of Atom&#039;s Birth
Tetsuwan Atom: Chikyuu Saigo no Hi		Tetsuwan Atom: Chikyuu Saigo no Nichi
Tetsuwan Atom: Ivan no Wakusei - Robot to Ningen no Yuujou		Astro Boy Tetsuwan Atom: Ivan&#039;s Planet
Tetsuwan Atom: Kagayakeru Hoshi - Anata wa Aoku	 Utsukushii...	Tetsuwan Atom 鉄腕アトム 特別編: 輝ける地球 ~あなたは青く、美しい...~
Tetsuwan Atom: Uchuu no Yuusha	Astro Boy: The Brave in Space	
Tetsuwan Birdy	Birdy the Mighty	
Tetsuwan Birdy Decode	Birdy the Mighty: Decode	Tetsuwan Birdy (2008)
Tetsuwan Birdy Decode: The Cipher	Birdy the Mighty: Decode OVA	Tetsuwan Birdy Decode OVA
Tetsuwan Birdy Decode:02	Birdy the Mighty: Decode 02	Tetsuwan Birdy Decode 2nd Season
Texhnolyze	Texhnolyze	Technolyze
Tezuka Osamu Monogatari		
Tezuka Osamu Monogatari: Boku wa Son Gokuu		The Tale of Osamu Tezuka: I&#039;m Son Goku
Tezuka Osamu ga Kieta?! 20 Seiki Saigo no Kaijiken		Last Miracle 20th Century
Tezuka Osamu no Buddha: Akai Sabaku yo! Utsukushiku	BUDDHA	Osamu Tezuka&#039;s Buddha Movie 1: The Red Desert! It&#039;s Beautiful
Tezuka Osamu no Buddha: Owarinaki Tabi	BUDDHA 2	Osamu Tezuka&#039;s Buddha Movie 2: Endless Trip
Tezuka Osamu no Don Dracula		Don Dracula
Tezuka Osamu no Kyuuyaku Seisho Monogatari: In the Beginning	In The Beginning: The Bible Stories	
That Is How I Roll!	That Is How I Roll!	Afterglow
That&#039;s Hanakappa Musical: Pan to Gohan	 Docchi nano!?	ザッツ・はなかっぱミュージカル パンとごはん、どっちなの!?
The Adventures of Hello Kitty & Friends		
The Animatrix	The Animatrix	Beyond
The Arari Show	The Arari Show	Arari Syo
The Aurora: Umi no Aurora	The Aurora	The Sea&#039;s Aurora
The Baby Birds of Norman McLaren		
The Bathroom		
The Big O	The Big O	Big O Roger
The Borgman: Last Battle	Sonic Soldier Borgman: Last Battle	Sonic Soldier Borgman: The Final Battle
The Chocolate Panic Picture Show	The Chocolate Picture Panic Show	
The Choujo	Maris the Chojo	Rumic World 2
The Cockpit		The Cockpit: Kamikaze Stories
The Collected Animations of ICAF (2001-2006)		Apple Colored Water
The Curlydog Story	The Curlydog Story	
The Disappearance of Conan Edogawa: The Worst Two Days in History		Edogawa Conan Shissou Jiken: Shijou Saiaku no Futsukakan
The Embryo Develops into a Fetus		
The Epic Of ZektBach		The Epic Of ZektBach: Daiisshou: Shamshir no Mai
The Everlasting Guilty Crown		
The Five Killers		
The Four Seasons		
The Gakuen Choujo-tai	The Chohjotai	Za Gakuen Choujotai
The Gift	The Gift	
The Green Wind	The Green Wind	
The Guts!	Women at Work	Gattsu
The Hakkenden	The Hakkenden: Legend of the Dog Warriors	
The Hakkenden: Shin Shou	The Hakkenden: Legend of the Dog Warriors Part 2	
The Harmonic Gleam Vibration		
The House	The House	
The Humanoid: Ai no Wakusei Lezeria	The Humanoid	Metallia
The Impression of First Gundam		
The Kabocha Wine	The Pumpkin Wine	
The Kabocha Wine: Nita no Aijou Monogatari		The Pumpkin Wine: Nita&#039;s Love Story
The King of Fighters: Destiny		KOF
The Last: Naruto the Movie	The Last: Naruto the Movie	Naruto Movie 10: Naruto the Movie: The Last
The Legend of Huainanzi		
The Legend of Huainanzi 2nd Season		
The Marshmallow Times		Mashumaro Taimusu
The Midnight★Animal		The Midnight Animals
The Monkey King Conquers the Demon		Sun Ukun: The Monkey King Conquers the Demon
The New A-Class.: Next Stage with YOU		Mercedes-Benz x Perfume
The Night Game: Neko no Sakusen		
The Perfect World	The Perfect World	B: The Beginning THE IMAGE ALBUM
The Place Where We Were	The Place Where We Were	Angel: The Place Where We Were
The Primitives: Bongo and Grunge	The Primitives: Bongo and Grunge	
The Rapeman	The Rapeman	
The Reflection	The Reflection	
The Samurai		
The Satisfaction		
The Siamese: First Mission		Siam Neko: First Mission
The Sky Crawlers	The Sky Crawlers	
The Snack World		The Snack World Eiga
The Snack World (TV)		
The Snack World: Hitogirai no Renny		The Snack World Short Movie 2
The SoulTaker: Tamashii-gari	SoulTaker	
The SoulTaker: Tamashii-gari - Komugi Daisakusen		SoulTaker Omake
The Starry Night	The Starry Night	KONCOS
The Sun Sank	The Sunk Sank	LITE
The TV Show		
The Tales of Rien Village #1: Toilet ni Ittokiya		The Tales of Rien Village #1: Nature is calling!
The Third: Aoi Hitomi no Shoujo		The Third: The Girl with the Blue Eye
The Urotsuki		Urotsukidoji New Saga
The World of Golden Eggs		
The iDOLM@STER	THE IDOLM@STER	The Idolmaster
The iDOLM@STER Cinderella Girls	THE IDOLM@STER CINDERELLA GIRLS	The Idolmaster Cinderella Girls
The iDOLM@STER Cinderella Girls 2nd Anniversary PV	THE IDOLM@STER CINDERELLA GIRLS 2nd ANNIVERSARY PV	The Idolmaster Cinderella Girls: Onegai Cinderella
The iDOLM@STER Cinderella Girls 2nd Season	THE IDOLM@STER CINDERELLA GIRLS 2nd SEASON	The Idolmaster Cinderella Girls Second Season
The iDOLM@STER Cinderella Girls: Anytime	 Anywhere with Cinderella.	 Anywhere with Cinderella.
The iDOLM@STER Cinderella Girls: Special Program	THE IDOLM@STER CINDERELLA GIRLS Special Program	The Idolmaster Cinderella Girls Episode 7.5
The iDOLM@STER Live For You!		The Idolmaster Live For You!
The iDOLM@STER Million Live! 1st Anniversary PV	THE IDOLM@STER MILLION LIVE! 1st ANNIVERSARY PV	The Idolmaster Million Live!
The iDOLM@STER Million Live! 4th Anniversary PV		
The iDOLM@STER Million Live! Dreaming! Animation PV		
The iDOLM@STER Movie: Kagayaki no Mukougawa e!	THE IDOLM@STER MOVIE: BEYOND THE BRILLIANT FUTURE!	The Idolmaster Movie: Beyond the Brilliant Future
The iDOLM@STER Prologue SideM: Episode of Jupiter	The iDOLM@STER Side M: Episode of Jupiter	
The iDOLM@STER Shiny Festa	THE IDOLM@STER SHINY FESTA	The Idolmaster Shiny Festa
The iDOLM@STER SideM	The iDOLM@STER Side M	
The iDOLM@STER SideM: PASSION of the PASSION		The iDOLM@STER SideM Special
The iDOLM@STER: 765 Pro to Iu Monogatari		The Idolmaster Special
There She Is!!		
Thermae Romae	Thermae Romae	Thermæ Romæ
Thermae Romae Specials	Thermae Romae	Thermæ Romæ Specials
Thermae Romae x Asahi Shimbun Digital Collaboration		Thermae Romae x Asahi Shinbun Digital Collaboration
Thermae Romae x LOFT Collaboration		
Thermae Romae x TOTO Collaboration		
Thermae Romae x Yoyogi Animation Gakuin Collaboration		Thermae Romae x Yoyogi Animation Academy Collaboration
Thermae Romae: Kodai Romajin ga Uchuu e		Thermae Romae: Ancient Roman Goes to Space
The☆Doraemons: Dokidoki Kikansha Daibakusou!		The Doraemons: Dokidoki Wildcat Engine
The☆Doraemons: Goal! Goal! Goal!!		
The☆Doraemons: Mushimushi Pyonpyon Daisakusen!		The Doraemons: The Great Operation of Springing Insects
The☆Doraemons: Strange	 Sweets	
The☆Doraemons: The Mysterious Thief Dorapan The Mysterious Cartel		The Doraemons: Kaitou Dorapin Nazo no Chousenjou!
The☆Ultraman		Ultraman Jonias
Through the Windows		
Thunder		
Tian Xin Ge Ge	Ori-Princess	
Tian Xin Ge Ge 2nd Season	Ori-Princess 2nd Season	
Tian Yu	Revelation	Revelation Online Animated Series
Tibet Inu Monogatari	The Tibetan Dog	Tibetan Dog Story
Tic Tac Dreamin&#039;	Tic Tac Dreamin’	Irodorimidori
Tick & Tack	Tick & Tack	Tick and Tack
Tick Tock		Pollarstars
Ticonderonga no Iru Umi		Sea of the Ticonderoga
Tide-Line Blue		
Tide-Line Blue Special		Tide-Line Blue OVA
Tie Shan Gongzhu		Saiyuki: Tessen Koushu no Maki
Tiger & Bunny	Tiger & Bunny	Tiger and Bunny
Tiger & Bunny Movie 1: The Beginning	Tiger & Bunny Movie 1	Tiger and Bunny Movie 1
Tiger & Bunny Movie 2: The Rising	Tiger & Bunny: The Rising	Tiger and Bunny Movie 2
Tiger & Bunny Pilot	Tiger & Bunny Pilot	Tiger and Bunny Pilot
Tiger & Bunny Recaps		Tiger & Bunny: Special Edition - Side Bunny
Tiger & Bunny: Too Many Cooks Spoil the Broth.		The Sound of Tiger & Bunny
Tiger Mask	Tiger Mask	
Tiger Mask (Movie)		
Tiger Mask Fuku Men League Sen	Tiger Mask: War against the League of Masked Wrestlers	
Tiger Mask Nisei		Tiger Mask II
Tiger Mask W	Tiger Mask W	
Tight-rope	Tight-rope	Tight Rope
Timbre A to Z		Timbre A-Z
Time Bokan	Time Fighters	Time Fighters in the Land of Fantasy
Time Bokan 2000: Kaitou Kiramekiman		Time Boken 2000: Kiramekiman
Time Bokan 24	Time Bokan 24	
Time Bokan Oudou Fukko	Time Bokan: Royal Revival	Time Bokan OVA
Time Bokan Series: Gyakuten Ippatsuman		Go for it
Time Bokan Series: Itadakiman		
Time Bokan Series: Time Patroltai Otasukeman		Rescueman
Time Bokan Series: Yatterman		Yattaman
Time Bokan Series: Yattodetaman	Firebird	Calendar Man
Time Bokan Series: Zenderman		Time Bokan Series: Zendaman
Time Bokan: Gyakushuu no San Akunin	Time Bokan: The Villains Strike Back	Time Bokan 24 2nd Season
Time Driver: Bokura ga Kaita Mirai		Wakate Animator Ikusei Project
Time Ranger Cesar Boy no Bouken: Roma Teikoku-hen		
Time Slip Ichimannen: Prime Rose	Prime Rose	A Time Slip of 10000 Years: Prime Rose
Time Travel Shoujo: Mari Waka to 8-nin no Kagakusha-tachi	Time Travel Girl	MariWaka
Time Travel Tondekeman!	Time Quest	Time Trouble Tondekeman!
Time for Christmas		Glay
Time-Patrol Bon: Fujiko F. Fujio Anime Special - SF Adventure		T. P Bon
Timing		
Tire Kan x Kamiusagi Rope		Taiya Kan
Tistou Midori no Oyayubi	Tistou the Green Thumb	Tistou of the Green Fingers
To Be Hero	TO BE HERO	
To Be Heroine		To Be Hero 2
To Heart	To Heart	
To Heart 2	To Heart 2	ToHeart2
To Heart 2 AD	ToHeart 2 AD	ToHeart 2: Another Days
To Heart 2 AD Plus		ToHeart 2: Another Days Plus
To Heart 2 Adnext		
To Heart 2 OVA		ToHeart2 OVA
To Heart 2 Special		ToHeart2 TV Special
To Heart 2: Dungeon Travelers		ToHeart2 Dungeon Travelers
To Heart Omake		
To Heart: Remember My Memories		
To Heart: Remember My Memories Specials		
To LOVE-Ru	To LOVE Ru	To Love You
To LOVE-Ru Darkness	To LOVE Ru Darkness	To LOVE-Ru Trouble Darkness
To LOVE-Ru Darkness 2nd	To LOVE Ru Darkness 2	To LOVE-Ru Trouble Darkness 2nd
To LOVE-Ru Darkness 2nd OVA		To LOVE-Ru Trouble Darkness 2nd OVA
To LOVE-Ru Darkness 2nd Specials	To LOVE Ru Darkness 2 Specials	
To LOVE-Ru Darkness OVA		To LOVE-Ru Trouble Darkness OVA
To LOVE-Ru OVA		To-LOVE-Ru OVA
To LOVE-Ru: Multiplication - Mae kara Ushiro kara		To LOVE-Ru (2017)
To the Moon		
Toaru Hikuushi e no Koiuta	The Pilot&#039;s Love Song	Love Song of a Certain Pilot
Toaru Hikuushi e no Tsuioku	The Princess and the Pilot	To Aru Hikuushi e no Tsuioku
Toaru Kagaku no Railgun	A Certain Scientific Railgun	Toaru Kagaku no Choudenjihou
Toaru Kagaku no Railgun S	A Certain Scientific Railgun S	Toaru Kagaku no Railgun 2nd Season
Toaru Kagaku no Railgun S: Daiji na Koto wa Zenbu Sentou ni Osowatta	A Certain Scientific Railgun S: All the Important Things I Learned in a Bathhouse	
Toaru Kagaku no Railgun S: Motto Marutto Railgun		Toaru Kagaku no Railgun MMR III
Toaru Kagaku no Railgun: Entenka no Satsuei Model mo Raku Ja Arimasen wa ne.		Toaru Beach no Tokuten Eizo
Toaru Kagaku no Railgun: Misaka-san wa Ima Chuumoku no Mato desukara		Toaru Kagaku no Railgun OVA
Toaru Kagaku no Railgun: Motto Marutto Railgun		Toaru Kagaku no Railgun MMR
Toaru Majutsu no Index	A Certain Magical Index	Toaru Majutsu no Kinsho Mokuroku
Toaru Majutsu no Index 10th Anniversary PV		
Toaru Majutsu no Index II	A Certain Magical Index II	Toaru Majutsu no Index 2
Toaru Majutsu no Index III		
Toaru Majutsu no Index Movie: Endymion no Kiseki	A Certain Magical Index the Movie: The Miracle of Endymion	Gekijouban To Aru Majutsu no Kinsho Mokuroku
Toaru Majutsu no Index Movie: Endymion no Kiseki Special		Toaru Majutsu no Index: Endymion no Kiseki Omake
Toaru Majutsu no Index-tan	A Certain Magical Index: Specials	A Certain Magical Index-tan Specials
Toaru Majutsu no Index-tan II	A Certain Magical Index II: Specials	Toaru Majutsu no Index-tan II Specials
Tobacco to Hai		Tobacco and Ashes
Tobacco wa Dasai		Cigarettes are Lame
Tobe! Isami	Soar High! Isami	Fly! Isami
Tobe! Kujira no Peek	Fly! Peek the Whale	Free Whale Peek
Tobe! Pegasus Kokoro no Goal ni Shoot		
Tobidase! Bacchiri		Jump Out! Batchiri
Tobidase! Machine Hiryuu		Jump Out! Machine Hiryu
Tobidase!! Buddy-kun		
Tobidashi wa Abunaizo! Mushi Mushi Mura no Koutsuu Anzen		
Tobidashicha dame!		
Tobidasu Ehon 3D		3D Picture Book
Tobidasu PriPara: Mi~nna de Mezase! Idol☆Grand Prix		Tobidasu PriPara: Minna de Mezase! Idol☆Grand Prix
Tobira wo Akete		Open the Door
Tobira wo Akete (1995)		Tobira o Akete
Tobiuo no Boy wa Byouki Desu		
Toei Robot Girls		
Togainu no Chi	Togainu no Chi	Blood of the Reprimanded Dog
Toho Cinemas & I Love Snoopy: The Peanuts Movie Collab Logo Eizou		
Toho Cinemas x Pokemon Go		
Toilet no Hanako-san		Hanako of the Toilet
Toilet no Kamisama		Toilet no Kami-sama
Toilet no Kuni	The Kingdom of Toilet	Toire no Kuni
Toji no Miko	Katana Maidens: Toji no Miko	Sword User Shrine Maiden
Toji no Miko Recap		Toji no Miko: Taidou-hen Digest
Toji no Miko: Kizamishi Issen no Tomoshibi		
Tokai no Butchy		
Toki no Daichi: Hana no Oukoku no Majo		
Toki no Tabibito: Time Stranger		
Toki wa Meguru: Tokyo Station	Passage of Time: Tokyo Station	
Toki wo Kakeru Shoujo	The Girl Who Leapt Through Time	Toki wo Kakeru Shojo
Toki-iro Kaima		Shuiro no Youma
Toki: Kono Hoshi no Mirai wo Mitsumete		Nipponia-Nippon into the Future from this Earth
Tokimeki Memorial 4 OVA		Tokimeki Memorial 4 Original Animation -Hajimari ni Fainda-
Tokimeki Memorial: Forever With You		Tokimemo OVA
Tokimeki Memorial: Only Love	Tokimeki Memorial	
Tokimeki Memorial: Only Love Specials		Tokimeki Memorial 17.5: The Excitement of Heroism
Tokimeki Restaurant☆☆☆  MIRACLE6 Movie		Gekijouban Tokimeki Restaurant ☆☆☆ MIRACLE6
Tokimeki Tonight		Heart-Thumping Tonight
Tokimeki Tonight Recaps		Tokimeki Tonight Specials
Tokineiro		A Time to Screw
Tokino Kousa	Shibuya Vernacular	Tokino Crossing
Tokio Heidi: Mainichi no Kodomo Uta		Tokyo Heidi
Tokio Kidou Police	Tokio Private Police	TPP
Tokiwa Kitareri!!		Tokiwa Kitareri CM
Tokkou	Tokko	
Toko-chan Chokkin		
Tokubetsu Byoutou		Special Hospital Ward
Tokubetsu Jugyou	Private Sessions	
Tokubetsu Jugyou 2	Private Sessions 2	
Tokubetsu Jugyou 3 SLG The Animation		
Tokugawa Iemitsu to Edo Bakufu		
Tokumu Sentai Shinesman	Special Duty Combat Unit Shinesman	
Tokumu Sousakan Rei & Fuko	Rei and Fuko	Tokumu Sousakan Rei and Fuko
Tokusou Kihei Dorvack	Special Powered Armor Troop Dorvack	Dolbuk
Tokyo 2164		J. Walter Thompson Japan LLC
Tokyo Babylon		Tokyo Babylon 2
Tokyo Babylon: Vision		
Tokyo Dai Kuushuu: Aoyo	 Kaette Koi	東京大空襲 あおよかえってこい
Tokyo Daigaku Monogatari		Tokyo University Story
Tokyo Disney Resort: Yume ga Kanau Basho	Where Dreams Come True	Tokyo Disney Resort CM: Yume ga Kanau Basho
Tokyo ESP	Tokyo ESP	
Tokyo Fantasia		
Tokyo Futago Athletic	Tokyo Twins Athletic Tournament	
Tokyo Ghoul	Tokyo Ghoul	Tokyo Kushu
Tokyo Ghoul √A	Tokyo Ghoul √A	Tokyo Ghoul Root A
Tokyo Ghoul: Jack		Tokyo Ghoul: Jack
Tokyo Ghoul: Pinto		
Tokyo Ghoul:re		Tokyo Kushu:re
Tokyo Ghoul:re 2nd Season		Tokyo Kushu:re
Tokyo Girls Collection 2016 A/W x Osomatsu-san Special Movie		
Tokyo Godfathers	Tokyo Godfathers	
Tokyo Juushouden	Ten Tokyo Warriors	Tokyo Jushoden
Tokyo Juushouden: Fuuma Gogyou Denshou		10 Tokyo Warriors (2001)
Tokyo Loop		
Tokyo Magnitude 8.0	Tokyo Magnitude 8.0	
Tokyo Magnitude 8.0 Recap		Tokyo Magnitude 8.0 Special
Tokyo Majin Gakuen Kenpucho: Tou	Tokyo Majin	Tokyo Majin Gakuen Kenpuchou
Tokyo Majin Gakuen Kenpucho: Tou Dai Ni Maku		Tokyo Majin Gakuen Kenpucho: Tou Kenbu Hen
Tokyo Marble Chocolate	Tokyo Marble Chocolate	Zenryoku Shounen
Tokyo Mew Mew	Mew Mew Power	
Tokyo Onlypic	Tokyo Onlypic Pictures 2008	Opening Ceremony
Tokyo Ravens	Tokyo Ravens	
Tokyo Ravens: Kon ga Oshiete Moshi Agemasu! Maru Wakari Tokyo Ravens		Tokyo Ravens Specials
Tokyo Requiem	Tokyo Requiem	
Tokyo SOS		
Tokyo Tribe 2		
Tokyo Underground	Tokyo Underground	
Tokyo Vice	The Tokyo Project	Toukyou Vice
Tokyogurashi!	Tokyo-Live!	
Tokyu Plaza Ginza Open	Tokyu Plaza Ginza Open	
Tom Sawyer no Bouken	The Adventures of Tom Sawyer	Sekai Meisaku Gekijou
Tom Sawyer no Bouken Specials		World Masterpiece Theater Complete Edition: The Adventures of Tom Sawyer
Tomato ni Natta Otokonoko		
Tomica Hyper Rescue Drive Head: Kidou Kyuukyuu Keisatsu (ONA)		Mobile Emergency Police
Tomica Hyper Rescue Drive Head: Kidou Kyuukyuu Keisatsu (TV)		Mobile Emergency Police
Tomica Hyper Rescue Drive Head: Kidou Kyuukyuu Keisatsu Movie		Mobile Emergency Police Movie
Tomie		Ito Junji: Collection Specials
Tomodachi 8-nin		
Tomodachi Miitsuketa		
Tomodachi de Iyou ne		Hirake! Ponkikki: Tomodachi de Iyou ne
Tomoe ga Yuku!		There Goes Tomoe!
Tomoko-chan to Watashi		
Tomorrow&#039;s Song		Minna no Uta
Tomoyo		Friend
Ton-Ton Atta to Niigata no Mukashibanashi		
Tonagura!		Tona-gura!
Tonari no 801-chan R		
Tonari no Kaibutsu-kun	My Little Monster	Tonari no Kaibutsukun
Tonari no Kaibutsu-kun: Tonari no Gokudou-kun		Tonari no Kaibutsu-kun OVA
Tonari no Kyuuketsuki-san		
Tonari no Oneesan	Girl Next Door	Tonari no Onee-san
Tonari no Onigiri-kun		My Neighbor Onigiri-kun
Tonari no Seki-kun	Tonari no Seki-kun: The Master of Killing Time	My Neighbor Seki
Tonari no Seki-kun OVA		Tonari no Seki-kun OAD
Tonari no Seki-kun Specials		Tonari no Seki-kun: The Master of Killing Time Specials
Tonari no Tamageta-kun		Little Tamageta
Tonari no Tokoro		
Tonari no Tonari	Tonari no Tonari	kamitani
Tonari no Totoro	My Neighbor Totoro	My Neighbour Totoro
Tonari no Yamada-kun	My Neighbors the Yamadas	Houhokekyo Tonari no Yamada-kun
Tonari no Yarou	The Man Next Door	The Guy Next Door
Tonde Mon Pe		Mon Pe
Tondemo Nezumi Daikatsuyaku	The Legend of Manxmouse	Manxmouse
Tondemo Senshi Muteking		Rolling Star
Tondera House no Daibouken	The Flying House	Time Kyoshitsu: Tondera House no Daiboken
Tong Zhi Zhe	Tong Zhi Zhe	Jack of All Trades
Tongari Boushi no Memole		Memoru in the Pointed Hat
Tongari Boushi no Memole: Marielle no Housekibako		Memoru in the Pointed Hat: Marielle&#039;s Jewelbox
Tonight		
Tonkatsu DJ Agetarou		
Tono to Issho		
Tono to Issho 1.5		Tono to Issho Anime DVD 1.5
Tono to Issho: Gantai no Yabou		
Tono to Issho: Ippunkan Gekijou		Tono to Issho TV
Tono-sama no Chawan		
Tonpei to Sarukichi	Tonpei and Sarukichi	
Tony&#039;s Heroine Series: Kanojo wa Hanayome Kouhosei? Cinderella Collection		Candidate For Bride
Tooi Sekai		Toi Sekai
Tooryanse		Toryanse
Top Secret: The Revelation		Himitsu: Top Secret - The Revelation
Top wo Nerae 2! Diebuster	Gunbuster 2	Aim for the Top! 2
Top wo Nerae 2! Kagaku Kouza		Diebuster Science Course
Top wo Nerae! & Top wo Nerae 2! Gattai Movie!!		Gunbuster vs. Diebuster
Top wo Nerae! Gunbuster	Gunbuster	Top wo Nerae!
Top wo Nerae! Gunbuster Specials	Gunbuster Renewal EX	
Top wo Nerae! Kagaku Kouza		Aim for the Top! Science Lesson
Topo Gigio	Return of Topo Gigio	Toppo Jijo
Topo Gigio no Botan Sensou		
Toppuku Kyousou Kyoku		
Tora-chan no Kankan Mushi		
Tora-chan to Hanayome	Little Tiger and Bride	
Toradora!	Toradora!	Tiger X Dragon
Toradora! Recap		Toradora! Portable
Toradora!: Bentou no Gokui	Toradora!: Bento Battle	Toradora! Special
Toradora!: SOS!	Toradora! SOS! Hooray for Foodies	
Torajima no Miime		Torajima no Mime
Torero Kamomiro		Minna no Uta
Tori	The Bird	
Tori no Uta	Bird&#039;s Song; Bird&#039;s Poem	
Tori vs. Buta: Buttobi Pizza Battle		
Torikaekko Please		Let&#039;s Trade
Toriko	Toriko	Toriko (2011)
Toriko 3D: Kaimaku Gourmet Adventure!!		
Toriko Hime: Hakudaku Mamire no Reijou		
Toriko Movie: Bishokushin no Special Menu	Toriko the Movie: Secret Recipe of Gourmet God!	Gekijouban Toriko: Bishokushin no Special Menu
Toriko no Chigiri		
Toriko no Kusari		
Toriko: Barbarian Ivy wo Hokaku Seyo!		Toriko: Jump Super Anime Tour 2010 Special
Toriko: Jump Super Anime Tour 2009 Special		Toriko: Jump Festa 2009 Special
Toruru&#039;s Adventure	Toruru&#039;s Adventure	
Toshi Densetsu Monogatari Hikiko		Urban Legend Story Hikiko
Toshi Densetsu Series		
Toshi Keikaku	City Planning	Doit Science
Toshi Souzou Gakubu Shoukai		Malaysia-hen
Toshi wo Totta Wani		The Old Crocodile
Toshishun		Du Ziqun
Toshokan Sensou	Library Wars	Library War
Toshokan Sensou: Kakumei no Tsubasa		Library War the Movie
Toshokan Sensou: Koi no Shougai		Library War
Totsugeki! Pappara-tai	Charge! Pappara Team	Charge! Pappara Team
Totsuzen! Neko no Kuni Banipal Witt	Catnapped	
Tottemo! Luckyman		
Tottoi	Secret of the Seal	
Tottoko Hamtarou	Hamtaro	Tottoko Hamtaro Dechu
Tottoko Hamtarou Hai!	Hamtaro Hai!	Tottoko Hamutarou Hai!
Tottoko Hamtarou Movie 1: Ham-Ham Land Daibouken	Hamtaro Movie 1: Ham Ham Land Big Adventure	Hamtaro the Movie
Tottoko Hamtarou Movie 2: Ham-Ham Hamuuja! Maboroshi no Princess		Tottoko Hamutarou: Hamu Hamu Hamuuja! Maboroshi no Princess
Tottoko Hamtarou Movie 3: Ham Ham Grand Prix Aurora Tani no Kiseki - Ribon-chan Kiki Ippatsu!	Ham Ham Grand Prix - The Miracle of Aurora Valley ~Ribon-chan&#039;s Close Call~	Hamtaro
Tottoko Hamtarou Movie 4: Hamtaro to Fushigi no Oni no Emon Tou	Hamtaro: The Mysterious Ogre&#039;s Picture Book Tower	Hamtaro
Tottoko Hamtarou OVA 1: Hamtaro no Otanjoubi - Mama wo Tasunete Sanzen Techi Techi	Hamtaro: Hamtaro&#039;s Birthday! - 3000 Hammy Steps in Search of Mommy	Hamutarou no Otanjobi
Tottoko Hamtarou OVA 2: Hamuchanzu no Takara Sagashi Daisaku - Hamuha! Suteki na Umi no Natsuyasumi	Hamtaro: Ham-Hams Ahoy!	Hamtaro OVA 2
Tottoko Hamtarou OVA 3: Hamuchanzu to Niji no Kuni no Oujisama - Sekai de Ichiban no Takaramono		Hamtaro OVA 3
Tottoko Hamtarou OVA 4: Hamuchanzu no Mezase! Hamuhamu Kin Medal - Hashire! Hashire! Daisakusen	Hamtaro: Ham-Ham Games	Hamtaro OVA 4
Tottoko Hamtarou no Tottoko Daijida!! Bousai Kunren		
Tottoko Hamtarou no Tottoko Taisetsu!! Koutsuu Rule		
Tottoko Hamtarou: Anime Dechu!		Tottoko Hamutaro: Anime Dechu!
Tottori U-turn		
Touch		
Touch 2: Sayonara no Okurimono		Touch 2: The Farewell Gift
Touch 3: Kimi ga Toorisugita Ato ni - Don&#039;t Pass Me By		Touch 3: After You Passed By
Touch: Cross Road - Kaze no Yukue		Touch: Crossroad - Kaze no Yukue
Touch: Miss Lonely Yesterday - Are kara	 Kimi wa...	タッチ Miss Lonely Yesterday あれから
Touch: Sebangou no Nai Ace		Touch: Ace Without A Number On His Back
Toufu Kozou	Little Ghostly Adventures Of The Tofu Boy	
Tough Boy	Tough Boy	TOUGH BOY／MEG × the telephones
Tough Guy!		
Touhai Densetsu Akagi: Yami ni Maiorita Tensai		Mahjong Legend Akagi: The Genius Who Descended Into the Darkness
Touhou Niji Sousaku Doujin Anime: Musou Kakyou		Touhou Unofficial Doujin Anime: A Summer Day&#039;s Dream
Touhou Niji Sousaku Doujin Anime: Musou Kakyou Special		Touhou Unofficial Doujin Anime: A Summer Day&#039;s Dream Episode 2.5
Touka Gettan		Toka Gettan
Touken Ranbu: Hanamaru	Touken Ranbu - Hanamaru	
Touken Ranbu: Hanamaru - Makuai Kaisouroku		
Toukiden 2		
Toukiden Kiwami		
Toukiden: The Age of Demons - Introduction		Toukiden:The Age of Demons
Touma Kishinden Oni		Fighting Devil Divinity Oni
Toumei Ningen	Transparent Man	
Toumei Ningen (OVA)	The Invisible Stud	Tomei Ningen
Toumei Ningen R		The Invisible Stud Returns
Toumei Shounen Tantei Akira		Invisible Boy Detective Akira
Tousan no Kiteki		Minna no Uta
Tousan no Tsukutta Uta		Minna no Uta
Toushi Gordian	Gordian Warrior	Toshi Gordian
Toushin Toshi II	Tournament of the Gods: Title Match	Toshin Toshi 2
Toushindai My Lover: Minami tai Mecha-Minami		Be Lifesized My Lover - Mechanic Minami vs. Human Minami
Toushinden	Battle Arena Toshinden	Toshinden
Toushou Daimos	Daimos	Generał Daimos
Toute wa Sono Kotae		
Touyama Sakura Uchuu Chou: Yatsu no Na wa Gold		Samurai Gold
Towa no Kizuna		Everlasting Bond
Towa no Quon 1: Utakata no Kaben	Towanoquon: The Ephemeral Petala	
Towa no Quon 2: Konton no Ranbu	Towanoquon: Dancing Orchid in Chaos	
Towa no Quon 3: Mugen no Renza	Towanoquon: The Complicity of Dreams	
Towa no Quon 4: Guren no Shoushin	Towanoquon: The Roaring Anxiety	
Towa no Quon 5: Souzetsu no Raifuku	Towanoquon: The Return of the Invincible	
Towa no Quon 6: Towa no Quon	Towanoquon: Eternal Quon	
Toward Morning	Toward Morning	in the blue shirt
Towel Story	Towel Story	Shichifuku Towel
Tower of Etruria	Tower of Etruria	
Town Workers	TOWN WORKERS	
Toyama Kankou Anime Project	Toyama Tourism Anime Project	Nakaseru Sora ni Aitai: Toyama
Toyoichi	Toyoichi	Lai Lai Lai Team
Track City	Track City	
Tragic Silence: Shoujo Yugi	Tragic Silence	Shoujo Yuugi
Train Heroes		
Train Heroes Movie		
Transfer		
Transformers Galaxy Force	Transformers Cybertron	Galaxy Force
Transformers Headmasters	Transformers The Headmasters	
Transformers Micron Densetsu	Transformers Armada	Transformers Legend of Micron
Transformers Superlink	Transformers Energon	
Transformers Superlink Special		Transformers Super Link Special
Transformers Victory	Transformers Victory	
Transformers Zone	Transformers: Zone	Transformers Z
Transformers the Movie	Transformers: The Movie	
Transformers: Car Robots	Transformers: Robots in Disguise	
Transformers: Choujin Master Force	Transformers Super-God Masterforce	Transformers Chojin Master Force
Transformers: Robot Masters	Transformers: Robot Masters	
Transformers: Scramble City		Transformers - Scramble City: Hatsudu-hen
Trapp Ikka Monogatari	The Trapp Family Story	Sekai Meisaku Gekijou
Trapp Ikka Monogatari Specials		Sekai Meisaku Gekijou Kanketsu Ban: Trapp Ikka Monogatari
Trava: Fist Planet		Trava
Treasure Gaust		
Tres Marias: Sannin no Sei Shojo	Holy Virgins	
Triage X	Triage X	
Triage X: Recollection XOXO	Triage X: Recollection XOXO	Triage X Episode 11
Triangle Blue		
Triangle Heart: Sazanami Joshi Ryo	Triangle Heart: Sazanami Joshi Ryo	
Triangle Heart: Sweet Songs Forever		
Tribe Cool Crew		
Trick or Alice		
Trickster: Edogawa Ranpo Shounen Tanteidan yori	Trickster	
Trickster: Edogawa Ranpo Shounen Tanteidan yori OVA		Trickster Episode 00
Trigger-chan		
Trigun	Trigun	
Trigun: Badlands Rumble	Trigun - Badlands Rumble	Trigun the Movie
Trinity Blood	Trinity Blood	
Trinity Seven	Trinity Seven	
Trinity Seven Movie: Eternity Library to Alchemic Girl	Trinity Seven: Eternity Library & Alchemic Girl	Gekijouban Trinity Seven
Trinity Seven: Nanatsu no Taizai to Nana Madoushi		Trinity Seven (2015)
Trip Trek		
Trip Trek (2010)		
Tripod Baby		m-flo loves LISA / TRIPOD BABY
Trojan wo Jibun no Te de		Doutoku Meisaku Series
Tropical Kiss		
Trouble Chocolate		
Trouble Evocation		Evocation
True Blue	True Blue	
True Blue: Gaiden	True Blue: Gaiden	
True Love Story	True Love Story Summer Days	True Love Story Summer Days
True Tears	True Tears	
True Tears Epilogue		
True Tears Specials		
True Tears: Raigomaru to Jibeta no Monogatari		True Tears Special: The Story of Raigomaru and Jibeta
Trust	Trust	Irodorimidori
Try Z		
Tsubaki Iro no Purijioone		Heritage from Father
Tsubasa Chronicle	Tsubasa RESERVoir CHRoNiCLE	Tsubasa: RESERVoir CHRoNiCLE
Tsubasa Chronicle 2nd Season	Tsubasa RESERVoir CHRoNiCLE Season Two	Tsubasa Chronicles - Second Season
Tsubasa Chronicle: Tori Kago no Kuni no Himegimi	Tsubasa RESERVoir CHRoNiCLE The Movie: The Princess in the Birdcage Kingdom	Tsubasa Chronicle the Movie: The Princess of the Country of Birdcages
Tsubasa to Hotaru		Ribon Festa 2014
Tsubasa to Hotaru (2015)		Ribon x Oha Suta Specials
Tsubasa to Hotaru (2016)		Ribon x Oha Suta Specials
Tsubasa: Shunraiki	Tsubasa RESERVoir CHRoNiCLE: Spring Thunder Chronicle	Tsubasa Reservoir Chronicle OVA
Tsubasa: Tokyo Revelations	Tsubasa RESERVoir CHRoNiCLE: Tokyo Revelations	Tsubasa Reservoir Chronicle OVA
Tsubiregg Tsuburegg March		Minna no Uta
Tsubo		The Pot
Tsubuyaki-tai		
Tsubuyaki-tai Specials		
Tsubu★Doll		Tubu Doll
Tsugou no Yoi Sexfriend?		Sex Friends Convenience?
Tsugumomo	Tsugumomo	
Tsui no Sora		Endsky
Tsuideni Tonchinkan	Anyway	ついでにとんちんかん
Tsuiseki	Chase	
Tsuki Kagerou		
Tsuki ga Kirei	Tsukigakirei	The Moon is Beautiful
Tsuki ga Kirei Recap	Tsukigakirei: First Half - The Road So Far	Tsuki ga Kirei Episode 6.5
Tsuki ga Kirei Special		Tsukigakirei Special
Tsuki ga Noboru made ni		
Tsuki no Mine no Ookami		Doutoku Meisaku Series
Tsuki no Miya no Oujo-sama		Princess of the Moon Palace
Tsuki no Sango		Coral of the Moon
Tsuki no Waltz		Minna no Uta
Tsuki to Azarashi		
Tsuki wa Higashi ni Hi wa Nishi ni: Operation Sanctuary		Hani Hani: Operation Sanctuary
Tsuki wa Higashi ni Hi wa Nishi ni: Operation Sanctuary OVA		Hani Hani: Operation Sanctuary OVA
Tsukimonogatari	Tsukimonogatari	Tsukimonogatari: Yotsugi Doll
Tsukipro The Animation		
Tsukipro The Animation 2nd Season		
Tsukiuta. The Animation	TSUKIUTA. The Animation	
Tsukiyo to Megane	The Moonlight and the Glasses	Moonlit Night and Glasses
Tsukiyomi		
Tsukumo	Possessions	Short Peace
Tsukumogami Kashimasu		
Tsukushi no Iwai		
Tsukuyomi: Moon Phase	Tsukuyomi: Moon Phase	
Tsukuyomi: Moon Phase Special		 ゆらゆらきらきらどんぶらこ これって
Tsuma Netori: Ryoujoku Rinne		
Tsuma Shibori	Beautiful Sisters	
Tsuma Tsuma	Wife with Wife	Tsuma Tsuma Hitoduma x Hitoduma
Tsuma ga Onsen de Circle Nakama no Nikubenki ni Natta no Desu ga... Anime Edition		
Tsuma no Haha Sayuri		
Tsuma to Mama to Boin	Cantaloupe Collector	
Tsumamigui	Wife Eater	
Tsumamigui 3 The Animation		Wife Eater 3
Tsumiki no Ie	La Maison en Petits Cubes	The House of Small Cubes
Tsun M! Gyutto Shibatte Shidoushite The Animation		
Tsun Tsun Maid wa Ero Ero Desu		
Tsunagaru Animal		Animal Lead
Tsundere Inran Shoujo Sukumi		
Tsunpri		Tsunpuri
Tsurezure Children	Tsuredure Children	
Tsuri Baka Nisshi		Fishing Fool Diary
Tsurikichi Sanpei		Tsurikichi Sampei
Tsuritama	tsuritama	Fishing Ball
Tsuritama: Harikitte Contest		Tsuritama Picture Drama
Tsuru Shitae Waka Kan	Anthology With Cranes	
Tsuru ni Notte: Tomoko no Bouken	On A Paper Crane: Tomoko&#039;s Adventure	Tomoko Adventure
Tsuru no Ongaeshi		
Tsuru no Sugomori		Nesting Cranes
Tsuruhime Ja!		
Tsurune		
Tsurupika Hagemaru-kun	Little Baldy Hagemaru	
Tsushima Maru: Sayounara Okinawa		Tsushimamaru: Goodbye
Tsuugakuro		Identity
Tsuukin Kairaku: Chikan de Go!!		Kaihouku: Chikan Harem
Tsuyokiss		Tsuyokiss Cool x Sweet
Tsuyoshi Shikkari Shinasai		Hang in There
Tsuyoshi Shikkari Shinasai: Tsuyoshi no Time Machine de Shikkari Shinasai		
Tsuyu no Hito Shizuku	A Drop of Dew: Shouji Ueda&#039;s Photographs that Woke the World	Tsuyu no Hito Shizuku: Ueda Shouji no Shashin Sekai wo Samayou
Tsuzuki wo Kangaeru Monogatari		
Tteodori Kkachi		Wandering Kkachi
Ttoli Janggun		General Ttoli
Ttori wa Zeta Robot		Ddoli and Zeta Gundam
Tu Xia Chuanqi	Legend of Kung Fu Rabbit	Legend of a Rabbit
Tu Xia Zhi Qing Li Chuanshuo	Legend of a Rabbit: The Martial of Fire	
Turn A Gundam	∀ Gundam	Mobile Suit Gundam Turn A
Turn A Gundam I Movie: Earth Light	∀ Gundam I: Earth Light	∀ Gundam I: Earth Light
Turn A Gundam II Movie: Moonlight Butterfly	∀ Gundam II: Moonlight Butterfly	∀ Gundam II: Gekkou Chou
Turning Girls		
Turning Mecard	Turning Mecard	
Turning Mecard R	Turning Mecard R	
Turning Mecard W	Turning Mecard W	Turning Mecard Wing
Turning Mecard W Season 2	Turning Mecard W Season 2	Turning Mecard Wing Season 2
Turning Mecard W: Black Mirror ui buhwal	Turning Mecard W: The Revival of Black Mirror	Turning Mecard W: Resurrection of the Black Mirror
Turning Mecard W: Vandyne-ui Bimil	Turning Mecard W: Vandyne&#039;s Secret	
Turning Mecard W: Vandyne-ui Bimil - Teugbyeolpan	Turning Mecard W: The Secret of Vandyne - Special Edition	Turning Mecards W: Secret of Vandyne
Turnover		
Turuturutu Narongi		Nalong: Fly to the Sky
Tuzki: Love Assassin		
Twilight Q		
Twin Angel Break	Twin Angels Break	Kaitou Tenshi Twin Angel
Twin Bee Paradise		Twinbee
Twin Signal: Family Game	Twin Signal	
Twinkle Heart: Gingakei made Todokanai		
Twinkle Nora Rock Me!		
Two Car	TWOCAR	Two Car: Racing Sidecar
Two Down Full Base		Nishi Manrui
Two Tea Two	Two Tea Two	
Two on the Road: Itsumo Futari de		Always Two of Us
Tytania	Tytania	Titania
