PES: Peace Eco Smile	PES: Peace Eco Smiles	
PES: Peace Eco Smile - Drive your Heart		
PJ Berri no Mogumogu Munyamunya		PJ Berry no Mogu Mogu Munya Munya
PJ Berri no Mogumogu Munyamunya Season 2		PJ Berri no Mogu Mogu Munya Munya Season 2
PLUG	 THe NeW WORLD	 THe NeW WORLD
PS3® no Tsukai Kata: feat.Peeping Life		PS3 no Tsukai Kata feat. Peeping Life
Pa Para Papa	Pa Para Papa	Minna no Uta
Pa-Pa-Pa the ★ Movie: Perman		Pa-Pa-Pa the ★ Movie: Paaman
Pa-Pa-Pa the ★ Movie: Perman - Tako de Pon! Ashi wa Pon!		
Pa-ri Nezumi-kun	Pa-ri Nezumi-kun	
Paboo & Mojies	Paboo & Mojies	
Pac-World		PAC-MAN and the Ghostly Adventures
Pachislo Kizoku Gin		
Pacusi		Pakushi
Pacusi no Uta		Pakushi no Uta
Padak Padak	PADAK	Pa-dak Pa-dak
Pair		
Paizuri Cheerleader vs. Sakunyuu Ouendan!		
Pakomane: Watashi	 Kyou kara Meimon Yakyuubu no Seishorigakari ni Narimasu... The Animation	パコマネ わたし
Pale Cocoon		Aoi Tamago
Palladium: siroPd Motion Collective		Palladium
Palme no Ki	A Tree of Palme	Arbre de Palmem
Pan de Peace!	Pan de Peace!	Peace Through Bread!
Panchira Teacher	Panty Flash Teacher	
Panda Kopanda	Panda! Go Panda!	
Panda no Blues		Panda&#039;s Blues
Panda no Daibouken		The Panda&#039;s Great Adventure
Panda no Taputapu		
Panda-Z: The Robonimation		Panda Zeto
Pandane to Tamago-hime	Mr. Dough and the Egg Princess	
Pandora Hearts	PandoraHearts	Pandora Hearts
Pandora Hearts Specials		PandoraHearts Specials
Pandra The Animation: Shiroki Yokubou Kuro no Kibou		
Paniponi		Pani Poni
Paniponi Dash!	Pani Poni Dash!	
Paniponi Dash!: Danjite Okonaeba Kishin mo Kore wo Saku		Pani Poni Dash! Special
Pankis! 2-jigen		Punkzkiss
Pankunchi		
Panpaka Pants	Panpaka Pantsu	Panpaka Panties
Panpaka Pants Matsuri Movie: Purin Ara	 Domo	えいが パンパカパンツまつり ─プリン あら
Panpaka Pants Movie: Bananan Oukoku no Hihou		Eiga Panpaka Pantsu Bananan Okoku no Hiho
Panpaka Pants O New-san		
Panpaka Pants O-New!		Panpaka Pantsu
Panpaka Pants W-O-New!		Panpaka Pantsu W-O-New!
Panpaka Pants x Lala-chan		Eigakan no Manner: Oshaberi wa Dame desu yo-hen
Pants Pankurou		
Pants no Ana		Pantsu no Ana
Panty & Stocking in Sanitarybox		Panty & Stocking with Garterbelt Special
Panty & Stocking with Garterbelt	Panty & Stocking with Garterbelt	PanSto
Panyo Panyo Di Gi Charat		Di Gi Charat Panyo Panyo
Panzer Dragoon		
Papa Love: Papa to Icha Ero Shitai Musume-tachi to Hitotsu Yane no Shita de		
Papa Mama Bye Bye		Papa Mama Bye-bye
Papa no Iukoto wo Kikinasai!	Listen to Me	パパのいうことを聞きなさい！
Papa no Iukoto wo Kikinasai! OVA		Papakiki OVA
Papa no Iukoto wo Kikinasai!: Pokkapoka		Papakiki Special
Papa to Kiss in the Dark	Papa to Kiss in the Dark	Papato: Kiss in the Dark
Papa to Odorou	Let&#039;s Dance with Papa	
Papan Ga Panda!	Papan Ga Panda!	
Paper Cranes Story: Kenta to Maiko		Paper Cranes Story: Kenta & Maiko
Paper Film		Paper Films
Paperman		
Papillon Rose	Papillon Rose	Papillon Rose: New Season
Paprika	Paprika	
Papuwa		Papuwa 2
Parade Parade	Parade Parade	
Parade de Satie	Parade de Satie	Satie&#039;s Parade
Paradise		
Paradise Kiss	Paradise Kiss	ParaKiss
Parappa the Rapper		PaRappa the Rapper
Parasite Dolls		
Parasol Henbei		Henbe
Parasol Life		nhhmbase
Pareo wa Emerald		
Paris no Isabelle		Paris no Isabel
Parol no Miraijima	Paroru&#039;s Future Island	Wakate Animator Ikusei Project
Passion		Hikaru Utada - Passion
Pastel Kazoku		The Pastel Family
Pastel Life		
Pastel Memories		
Pata Pata Mama		
Patalliro Saiyuuki!		Patalliro Saiyuki!
Patalliro Saiyuuki! Special		Patalliro Saiyuuki! Episode 27
Patalliro!		Boku Pataliro!
Patalliro! Stardust Keikaku		Pataliro! Stardust Program
Patapata Hikousen no Bouken		The Secret of Cerulean Sand
Patchin shite! Obaachan		Patchin shite! Obaa-chan
Patta Potta Monta	Going Wild	
Pattenrai!! Minami no Shima no Mizu Monogatari		Batain Lai!! - Minami no Shima no Mizu Monogatari
Patty & Jimmy no Kimikoso Superstar	Patty and Jimmy in You&#039;re a Superstar!	Patty and Jimmy no Kimikoso Superstar
Paul no Miracle Daisakusen	Paul in Fantasy Island	Paul no Miracle Dai Sakusen
Paulette no Isu	Paulette&#039;s Chair	Poulette no Isu
PePePePengiin		
Peace Hame!		Pisu Hame!
Peace Maker Kurogane	Peace Maker Kurogane	Peacemaker Kurogane
Peace Maker Kurogane Movie 1: Omou Michi		
Peace Maker Kurogane Special	Peace Maker Kurogane: Festival of Gion	Peace Maker Kurogane: Original Short Story - Gion Festival
Peace Shitenchou		Ehime Ginkou Smart Phone Account
Peaceful Times (F02) Petit Film		
Peach Command Shin Momotarou Densetsu		
Peach Girl	Peach Girl: Super Pop Love Hurricane	
Pecola	Pecola	
Peeban		
Peeping Life		
Peeping Life 5.0ch		
Peeping Life Movie: We Are The Hero		
Peeping Life Specials		
Peeping Life TV: Season 1??		
Peeping Life x IODATA: Quiz!! Input Output		
Peeping Life x Kaijuu Sakaba Kaiji: Kaijuu-tachi ga Iru Tokoro		
Peeping Life x Kids Station		
Peeping Life x Sanyo		Sanyo Bussan
Peeping Life: Gekijou Original-ban		Peeping Life Gekijou Original Han
Peeping Life: Shinkon-chan Kansai ni Irasshai	Peeping Life: Welcome to Kansai	Peeping Life 『新婚ちゃん関西にいらっしゃい』
Peeping Life: TV Asahi Josei Announcer Collab		Peeping Life: TV Asahi Jousei Announcer Collaboration
Peeping Life: Tezuka Pro - Tatsunoko Pro Wonderland		Peeping Life: Tezuka Pro Tatsunoko Pro Wonderland
Peeping Life: Tezuka Pro - Tatsunoko Pro Wonderland ONA		Peeping Life: Tezuka Pro Tatsunoko Pro Wonderland ONA
Peeping Life: Tezuka Pro - Tatsunoko Pro Wonderland Specials		Peeping Life: Tezuka Pro Tatsunoko Pro Wonderland Specials
Peeping Life: The Perfect Emotion		
Peeping Life: The Perfect Emotion Special		
Peeping Life: The Perfect Evolution		
Peeping Life: The Perfect Evolution Specials		TV Asahi Josei Announcer Collab Kikaku
Peeping Life: The Perfect Explosion		
Peeping Life: The Perfect Explosion Specials		
Peeping Life: The Perfect Extension		
Peeping Life: The Perfect Extension Specials		
Peeping Life: World History		
Peeping Life: YouTuber-kun		
Pelican Road Club Caroucha		Pelikan Road Club Culture
Pendant	Pendant	
Peng You Town		Ponyutaun
Penguin Highway		
Penguin Musume♥Heart	Penguin Musume♥Heart	Penguin Girl
Penguin Musume♥Heart Special		Penguin Musume♥Heart Episode 11.5
Penguin no Mondai		A Penguin&#039;s Troubles
Penguin no Mondai DX?		
Penguin no Mondai Max		
Penguin no Mondai Movie		A Penguin&#039;s Troubles Movie
Penguin&#039;s Memory: Shiawase Monogatari		A Penguin&#039;s Memories
Pepsi Nex x 009 Re:Cyborg		
Perestroika		
Perfect Blue	Perfect Blue	
Perfect Day		supercell: Perfect Day
Perman		Paaman
Perman (1983)	Superkid (1983)	Paaman (1983)
Perman (1983) Specials		Paaman: Copy World no Nazo
Perman: Birdman ga Yatte Kita!!		
Pero Pero Candy		
PeroPero☆Teacher		
Perrine Monogatari		Sekai Meisaku Gekijou
Perrine Monogatari Movie		The Story of Perrine Movie
Perrine Monogatari Specials		Sekai Meisaku Gekijou Kanketsu Ban: Perrine Monogatari
Persia no Komoriuta: Watashi no Hana		Minna no Uta
Persona 2: Another Self		Persona 2: Innocent Sin
Persona 3 the Movie 1: Spring of Birth	Persona 3 the Movie: #1 Spring of Birth	Shin Megami Tensei: Persona 3
Persona 3 the Movie 2: Midsummer Knight&#039;s Dream	Persona 3 the Movie: #2 Midsummer Knight&#039;s Dream	P3M
Persona 3 the Movie 3: Falling Down		
Persona 3 the Movie 4: Winter of Rebirth		
Persona 3 the Movie Meets “Walkman”		
Persona 4 the Animation	Persona 4 the Animation	P4A
Persona 4 the Animation: A Brief Lesson on Izanagi & Izanami		A Brief Lesson on Izanagi and Izanami
Persona 4 the Animation: Mr. Experiment Shorts		Persona 4&#039;s Mr. Experiment Shorts
Persona 4 the Animation: No One is Alone		P4A
Persona 4 the Animation: The Factor of Hope	Persona 4 the Animation: The Factor of Hope	P4A: The Factor of Hope
Persona 4 the Golden Animation	Persona 4 the Golden ANIMATION	P4GA
Persona 4 the Golden Animation: Thank you Mr. Accomplice		Persona 4 The Golden Animation: Another End
Persona 5 the Animation		
Persona 5 the Animation: The Day Breakers	Persona 5 the Animation -THE DAY BREAKERS-	
Persona: Trinity Soul	Persona: Trinity Soul	
Personal Computer Travel Tanteidan	Superbook 2	Superbook: Bible Stories
Pet		
Pet Life		
Peter Pan no Bouken	Peter Pan & Wendy	Sekai Meisaku Gekijou
Peter Pan no Bouken Specials		Sekai Meisaku Gekijou Kanketsu Ban: Peter Pan no Bouken
Petit Eva: Evangelion@School		Puchi Eva
Petit Manga		Petti Manga
Petit Petit Muse		
Petit☆Dream Stars! Let&#039;s La Cooking? Showtime!		
PetoPeto-san		
Petshop of Horrors	Pet Shop of Horrors	
Petting a Dog		
Peut-etre Toi	Maybe You	Mylene Farmer Peut-etre Toi
Phantasm		
Phantasy Star Online 2 The Animation		PSO2 The Animation
Phantom The Animation	Phantom: The Animation	
Phantom Yuusha Densetsu		
Phantom in the Twilight		
Phantom of the Kill: Zero kara no Hangyaku		Phantom of the Kill: Zero&#039;s Rebellion
Phantom: Requiem for the Phantom	Phantom: Requiem for the Phantom	
Phantom: Requiem for the Phantom Picture Drama		
Phi Brain: Kami no Puzzle	Phi-Brain ~ Puzzle of God	Phi Φ Brain: Kami no Puzzle
Phi Brain: Kami no Puzzle - Orpheus Order-hen	Phi-Brain ~ Puzzle of God: The Orpheus Order	Phi Brain: Kami no Puzzle Dai 2 Series
Phi Brain: Kami no Puzzle - Shukuteki! Rätsel-hen	Phi Brain: Puzzle of God 3	Phi Brain: Kami no Puzzle Dai 3
Photokano	Photo Kano	Foto Kano
Photon	Photon: The Idiot Adventures	
Pi Po Pa Po Patrol-kun	Pi Po Pa Po Patrol	Pipopapo Patrol-kun
PiKA PiKA		Lightning Doodle Project PiKA PiKA
Pia Carrot e Youkoso!!	Welcome to Pia Carrot	
Pia Carrot e Youkoso!! 2	Welcome To Pia Carrot 2	
Pia Carrot e Youkoso!! 2 DX		Pia Carrot 2 DX
Pia Carrot e Youkoso!!: Sayaka no Koi Monogatari	Welcome to Pia Carrot! Sayaka&#039;s Love Story	Pia Carrot: The Movie
Piace: Watashi no Italian	Piacevole: My Italian Cooking	
Pianist	The Pianist	
Piano	Piano: The Melody of a Young Girl&#039;s Heart	
Piano Specials		Piano Episodes 4.5
Piano no Mori		The Perfect World of Kai
Piano no Mori (TV)		Piano Forest
Pic-lele		
Picchipichi Shizuku-chan		
Pichiko Dakyuubu		
Pichiko Dakyuubu USA-hen		
Pico to Chico		Boku no Piko OVA 2
Pico x CoCo x Chico		Boku no Pico OVA 3
Pico: My Little Summer Story		Pico: Boku no Chiisana Natsu Monogatari
Picotopia		Pikotopia
Piece		
Pig: Oka no Ue no Dam Keeper	Pig: The Dam Keeper Poems	Dam Keeper no Nakama-tachi
Pigeon Blood		
Pika Don		Pica-don
Pikachin-Kit		
Pikaia!		
Pikaia!!		
PikkaPika Summer		Shiny Summer
Pikkoman no Kichikumichi: Mayonaka no Milk Party	Midnight Milk Party	
Pikmin Short Movies		
Pikotarou no Lullaby Lullaby	Pikotaro&#039;s Lullaby La La By (Web)	Pikotaro Lullaby Lu-llaby
Pikotarou no Lullaby Lullaby (TV)	Pikotaro&#039;s Lullaby La La By (TV)	
Pinch to Punch		Pinch & Punch
Ping Pong The Animation	Ping Pong the Animation	PPTA
Pingu in the City		Pingu
Pink Jumon		Minna no Uta
Pink Lady Monogatari: Eikou no Tenshi-tachi		
Pink Lady Monogatari: Eikou no Tenshitachi Recaps		Pink Lady 34
Pink Mizu Dorobou Ame Dorobou	Pink: Water Thieves Rain Thieves	Pink: Water Bandit Rain Bandit
Pink no Curtain		Pink Curtain
Pinkerton		
Pinky	Pinky	
Pinky Monkey no Umareta Hi		
Pinky Monkey x FaFa Collaboration Animation: At Afternoon of Sunny Day	Fafa x Pinky Monkey: at afternoon of sunny day	Pinky Monkey x Snuggle Collaboration Douga: At Afternoon of Sunny Day
Pinky Street		Pinky:st
Pinky Wakuwaku Tabi Stroll		Pinky Monkey Series
Pinocchio yori Piccolino no Bouken	The Adventures of Piccolino	
Pipi Tobenai Hotaru		
Piroppo		
PistStar		
Pita Ten	Pita-Ten	Pita-ten
Pittanko! Nekozakana		
Pittanko! Taiyou-sensei to Pittanko		Pittanko: The Sun Teacher and Pittanko
Piyo no Ongaeshi		Minna no Uta
Piyoko ni Omakase pyo!		Leave it to Piyoko!
Pi~hyara Kouta		Pi Hyara Kouta
Planet With		
Planet:Valkyrie		
Planetarian: Chiisana Hoshi no Yume	Planetarian	Planetarian: The Reverie of a Little Planet
Planetarian: Hoshi no Hito		
Planetarium Chibi Maruko-chan	 Hoshi ni Negai wo	プラネタリウム　ちびまる子ちゃん　星にねがいを
Planetarium Kamiusagi Rope: Orera Rocket Tobasu tte Maji ssuka!?		
Planetarium Uchuu Kyoudai: Itten no Hikari		Space Brothers
Planetes	Planetes	ΠΛΑΝΗΤΕΣ
Planetes Picture Drama		Planetes Audio Drama
Planzet	Planzet	
Plastic Little		Plastic Little: The Adventures of Captain Tita
Plastic Memories	Plastic Memories	Plamemo
Plastic Neesan		+tic Nee-san
Platonic Chain		
Platonic Chain: Ansatsu Jikkouchuu		
Platonic Chain: Web		Platonic Chain Special
Plawres Sanshirou	Plastic Model Wrestling Sanshiro	Jumaru
Play Ball	Play Ball	Playball
Play Ball 2nd	Play Ball 2nd	Playball 2nd
Play Jazz		
Playground		
Please ♥♥♥♥ Me!		Please Rape Me!
Plunderer		Purandara
Plus 50000-nen		
Plus Kouji		Kouji Amazake Midori no Oka-hen
PoPo Loouise		Minna no Uta
Pochacco no Jack to Mame no Ki	Pochacco in Jack and the Beanstalk	Hello Kitty&#039;s Animation Theater 2a
Pochacco no Ninjin Hata wa Oosawagi	Pochacco in The Excitement at the Carrot Patch	Hello Kitty and Friends: The Excitement at the Carrot Patch
Pochacco no Wakuwaku Birthday	Pochacco in Exciting Birthday	Hello Kitty and Friends: Exciting Birthday
Pochitto Hatsumei: Pikachin-Kit		Pikachin-Kit Episode 0
Poka Poka Mori no Rascal		Rascal in the Snag Forest
Pokemon	Pokémon	Pocket Monsters
Pokemon 3D Adventure 2: Pikachu no Kaitei Daibouken	Pokemon 4D: Pikachu&#039;s Ocean Adventure	Pokemon 4D: Pikachu no Kaiyou Adventure
Pokemon 3D Adventure: Mew wo Sagase!	Pokemon 3D Adventure: Find Mew!	
Pokemon Advanced Generation	Pokemon: Advanced	Pocket Monsters: Advanced Generation
Pokemon Advanced Generation: Mew to Hadou no Yuusha Lucario	Pokemon: Lucario and the Mystery of Mew	Gekijouban Pocket Monsters Advanced Generation: Myuu to Hadou no Yuusha Lucario
Pokemon Advanced Generation: Nanayo no Negaiboshi Jirachi	Pokemon: Jirachi Wishmaker	Gekijouban Pocket Monsters Advanced Generation: Nana-Yo no Negai Boshi Jiraachi
Pokemon Advanced Generation: Pokemon Ranger to Umi no Ouji Manaphy	Pokemon: Pokemon Ranger and the Temple of the Sea	Gekijouban Pocket Monsters Advanced Generation: The Pokemon Ranger and Prince of the Sea: Manaphy
Pokemon Advanced Generation: Rekkuu no Houmonsha Deoxys	Pokemon: Destiny Deoxys	Gekijouban Pocket Monsters Advanced Generation: The Visitor of the Space Fissure! Deoxys
Pokemon Best Wishes!	Pokémon: Black & White	Pocket Monsters: Best Wishes!
Pokemon Best Wishes! Season 2	Pokémon: Black & White: Rival Destinies	Pocket Monsters: Best Wishes! 2
Pokemon Best Wishes! Season 2: Decolora Adventure	Pokémon: Black & White: Adventures in Unova and Beyond	Pocket Monsters: Best Wishes Season 2 - Decolora Adventure Da!
Pokemon Best Wishes! Season 2: Decolora Adventure - Dent to Takeshi! Gyarados no Gekirin!!		Pocket Monsters: Best Wishes Season 2 Special
Pokemon Best Wishes! Season 2: Decolora Adventure - Iris vs. Ibuki! Dragon Master e no Michi!!		Pocket Monsters: Best Wishes Season 2 Special 2
Pokemon Best Wishes! Season 2: Episode N	Pokémon: Black & White: Adventures in Unova	Pocket Monsters: Best Wishes! 2 - Episode N
Pokemon Best Wishes! Season 2: Kyurem vs. Seikenshi	Pokemon the Movie: Kyurem VS. The Sword of Justice	Gekijouban Pocket Monsters Best Wishes 2: Kyurem vs. Seikenshi
Pokemon Best Wishes! Season 2: Shinsoku no Genosect - Mewtwo Kakusei	Pokemon the Movie: Genesect and the Legend Awakened	Gekijouban Pocket Monsters Best Wishes 2: Shinsoku no Genosect
Pokemon Best Wishes!: Victini to Kuroki Eiyuu Zekrom	Pokemon the Movie: White - Victini and Zekrom	Gekijouban Pocket Monsters Best Wishes: Victini to Kuroki Eiyuu Zekrom
Pokemon Best Wishes!: Victini to Shiroki Eiyuu Reshiram	Pokemon the Movie: Black - Victini and Reshiram	Gekijouban Pocket Monsters Best Wishes: Victini to Shiroki Eiyuu Reshiram
Pokemon Black and White 2: Introduction Movie		Pokémon Black and White 2: Introduction Movie
Pokemon Crystal: Raikou Ikazuchi no Densetsu		Pokemon Crystal - Raikou
Pokemon Daisuki Club		Pokemon: Magikarp&#039;s Song
Pokemon Diamond & Pearl		Pocket Monsters: Diamond & Pearl
Pokemon Diamond & Pearl Specials		Pocket Monsters Diamond and Pearl Tokubetsu-hen
Pokemon Diamond & Pearl: Arceus Choukoku no Jikuu e	Pokemon: Arceus and the Jewel of Life	Gekijouban Pocket Monsters Diamond and Pearl: To the Conquering of Space-Time
Pokemon Diamond & Pearl: Clip Show		Pokemon Recap
Pokemon Diamond & Pearl: Dialga vs. Palkia vs. Darkrai	Pokemon: The Rise Of Darkrai	Gekijouban Pocket Monsters Diamond and Pearl: Dialga vs. Palkia vs. Darkrai
Pokemon Diamond & Pearl: Genei no Hasha Zoroark	Pokemon: Zoroark: Master of Illusions	Gekijouban Pocket Monsters Diamond and Pearl: Phantom Ruler Zoroark
Pokemon Diamond & Pearl: Giratina to Sora no Hanataba Sheimi	Pokemon: Giratina and the Sky Warrior	Gekijouban Pocket Monsters Diamond and Pearl: Giratina and the Sky&#039;s Bouquet: Shaymin
Pokemon Fushigi no Dungeon: Magnagate to Mugendai Meikyu	Pokemon Mystery Dungeon: Gates to Infinity	Pokemon Mystery Dungeon: Magnagate and the Infinite Labyrinth
Pokemon Fushigi no Dungeon: Shutsudou Pokemon Kyuujotai Ganbaruzu!	Pokemon Mystery Dungeon: Team Go-Getters Out of the Gate!	Pocket Monsters Advanced Generation - S3 Pokemon Mystery Dungeon: Team Go-Getters Out of the Gate!
Pokemon Fushigi no Dungeon: Sora no Tankentai - Toki to Yami wo Meguru Saigo no Bouken	Pokemon Mystery Dungeon: The Final Adventure Through Time and Darkness	Pokemon Mystery Dungeon: Explorers of the Sky
Pokemon Fushigi no Dungeon: Toki no Tankentai	 Yami no Tankentai	ポケモン不思議のダンジョン 時の探検隊・闇の探検隊
Pokemon Generations	Pokémon Generations	Pocket Monsters Generations
Pokemon Housoukyoku	Pokemon Chronicles	Pokémon Side Stories
Pokemon Introductory Recap	Ash&#039;s Journey	World of Pokemon
Pokemon Movie 21: Minna no Monogatari		Gekijouban Pocket Monster: Minna no Monogatari
Pokemon Omega Ruby & Alpha Sapphire: Mega Special Animation		
Pokemon Ranger: Hikari no Kiseki	Pokémon Ranger: Guardian Signs	Pokémon Ranger: Tracks of Light
Pokemon Sun & Moon	Pokémon the Series: Sun & Moon	Pocket Monsters Sun & Moon
Pokemon XY	Pokémon The Series: XY	Pocket Monsters XY
Pokemon XY SP: Road to Kalos		
Pokemon XY&Z	Pokémon the Series: XYZ	Pocket Monsters XY&Z
Pokemon XY&Z Specials		
Pokemon XY&Z: Subete no Nazo wo Tokiakase!		Subete no Nazo wo Tokiakase! Pocket Monster XY & Z Kanzen Master Special!!
Pokemon XY: Hakai no Mayu to Diancie	Pokemon the Movie: Diancie and the Cocoon of Destruction	Pokemon XY: Cocoon of Destruction and Diancie
Pokemon XY: Hoopa no Odemashi Daisakusen!!		Hoopa&#039;s Appearance! Operations
Pokemon XY: Koukoku no Princess Diancie	Diancie	鉱国のプリンセス ディアンシー
Pokemon XY: Mega Evolution		Pokemon XY: Saikyou Mega Shinka
Pokemon XY: New Year Special		Complete Overview! Pocket Monsters XY Special!!
Pokemon XY: New Year&#039;s Eve 2014 Super Mega Special		Pokemon XY: New Year&#039;s Eve Special
Pokemon XY: Odemashi Ko Majin Hoopa	Pokemon: Hoopa	ポケモン・ザ・ムービーXY『おでまし小魔神フーパ』
Pokemon XY: Sora no Hahen		Pocket Monsters XY: Sora no Hahen
Pokemon the Movie XY&Z: Volcanion to Karakuri no Magearna	Pokemon the Movie: Volcanion and the Mechanical Marvel	Pokemon Movie 19
Pokemon the Movie XY: Ring no Choumajin Hoopa	Pokemon the Movie: Hoopa and the Clash of Ages	Pokemon the Movie XY 2015
Pokemon: Bokutachi Pichu Brothers - Party wa Oosawagi! no Maki	Pokemon: Pichu Bros. in Party Panic	Pokemon: Pichu Bros. Wild Adventure
Pokemon: Celebi Toki wo Koeta Deai	Pokemon 4Ever	Gekijouban Pocket Monsters: Serebii Toki wo Koeta Deai
Pokemon: Kesshoutou no Teiou Entei	Pokemon 3: The Movie	Pokemon: Spell Of The Unown
Pokemon: Kimi ni Kimeta!	Pokémon the Movie: I Choose You!	Pokemon Movie 20
Pokemon: Maboroshi no Pokemon Lugia Bakutan	Pokemon: The Movie 2000	The Power of One
Pokemon: Meloetta no Kirakira Recital	Pokemon: Meloetta&#039;s Moonlight Serenade	Pikachu Short 23
Pokemon: Mewtwo - Kakusei e no Prologue	Pokemon: Mewtwo - Prologue to Awakening	Mewtwo: Kakusei he no Prologue
Pokemon: Mewtwo no Gyakushuu	Pokemon: The First Movie	Gekijouban Pocket Monsters: Mewtwo Strikes Back
Pokemon: Mewtwo! Ware wa Koko ni Ari	Pokemon: Mewtwo Returns	Pocket Monsters: Myuutsu! I Exist Here
Pokemon: Mizu no Miyako no Mamorigami Latias to Latios	Pokemon Heroes	Gekijouban Pocket Monsters: Mizu no Miyako Mamorigami Latias to Latios
Pokemon: Odoru Pokemon Himitsu Kichi	Pokemon Gotta Dance	Pocket Monsters: Odoru Pokemon Himitsu Kichi
Pokemon: Pichu to Pikachu	Pokemon: Pikachu and Pichu	
Pokemon: Pika Pika Hoshizora Camp	Pokemon: Camp Pikachu	Pocket Monsters: Pika Pika Hoshizora Camp
Pokemon: Pikachu	 Kore Nan no Kagi?	 What&#039;s This Key?
Pokemon: Pikachu Koori no Daibouken	Pikachu&#039;s Great Ice Adventure	Pocket Monsters: Pikachu Koori no Daibouken
Pokemon: Pikachu Tanken Club	Pikachu&#039;s Exploration Club	Pocket Monsters: Pikachu Tanken Kurabu
Pokemon: Pikachu Tankentai	Pokemon: Pikachu&#039;s Rescue Adventure	Pocket Monsters: Pikachu Tankentai
Pokemon: Pikachu no Dokidoki Kakurenbo	Pokemon: Pikachu&#039;s Pikaboo	Pocket Monsters: Pikachu no Dokidoki Kakurenbo
Pokemon: Pikachu no Fushigi na Fushigi na Daibouken	Pokemon: Pikachu&#039;s Big Mysterious Adventure	Pocket Monsters: Pikachu&#039;s Really Mysterious Adventure
Pokemon: Pikachu no Fuyuyasumi	Pokemon: Pikachu&#039;s Winter Vacation	Pocket Monters: Pikachu no Fuyuyasumi
Pokemon: Pikachu no Fuyuyasumi (2000)	Pokemon: Pikachu&#039;s Winter Vacation (2000)	Pocket Monsters: Pikachu no Fuyuyasumi (2000)
Pokemon: Pikachu no Fuyuyasumi (2001)	Pokemon: Pikachu&#039;s Winter Vacation (2001)	Pocket Monsters: Pikachu no Fuyuyasumi (2001)
Pokemon: Pikachu no Kirakira Daisousaku!	Pikachu&#039;s Great Sparking Search!	Pocket Monsters: Pikachu no Kirakira Daisousaku
Pokemon: Pikachu no Natsumatsuri	Pokemon: Pikachu&#039;s Summer Festival!	Pocket Monsters: Pikachu no Natsu Matsuri
Pokemon: Pikachu no Natsuyasumi	Pokemon: Pikachu&#039;s Summer Vacation	Pocket Monsters: Pikachu no Natsuyasumi
Pokemon: Pikachu no Obake Carnival	Pokemon: Pikachu&#039;s Ghost Festival!	Pocket Monsters: Pikachu no Obake Carnival
Pokemon: Pikachu no Summer Bridge Story	Pokemon: Pikachu&#039;s Summer Bridge Story	Pocket Monsters: Pikachu&#039;s Summer Bridge Story
Pokemon: Pikachu no Wanpaku Island	Pikachu&#039;s Island Adventure	
Pokemon: Pikachu to Eievui Friends	Pokemon: Eevee and Friends	Pikachu Short 25
Pokemon: Pikachu to Pokemon Ongakutai		Pocket Monsters: Pikachu to Pokemon Ongakutai
Pokemon: Senritsu no Mirage Pokemon		Pocket Monsters: Senritsu no Mirage Pokemon
Pokemon: The Origin	Pokémon: Origins	Pocket Monsters: The Origin
Pokemon: Utae Meloetta - Rinka no Mi wo Sagase!	Pocket Monsters: Sing Meloetta - Search for the Rinka Berries	Utae Meloetta: Rinka no Mi o Sagase!
Pokemon: Yadoking no Ichinichi	Pokemon: Slowking&#039;s Day	Pocket Monsters: Slowking no Ichinichi
Poker		
Pokonyan!	Rocky Rackat!	
Pokopon no Kitsune-gawa Onsen Henshin Gassen		
Pokopon no Satogaeri		
Pokopon no Yukai na Saiyuuki		Pokopon no Yukaina Saiyuuki
Polka Dot	Polka Dot	Irodorimidori
Pom Pom Purin no Kitakaze to Taiyou	Pom Pom Purin in the Northwind and the Sun	Hello Kitty&#039;s Animation Theater 12b
Pom Pom Purin no Usagi to Kame	Pom Pom Purin in the Tortoise and the Hare	Hello Kitty&#039;s Animation Theater 8b
Ponkaman no Animation no Dekiru made		
Ponkotsu Quest Specials		vap tte naani?
Ponkotsu Quest x Digimon Story: Cyber Sleuth - Hacker&#039;s Memory		
Ponkotsu Quest x Gatchaman Special		
Ponkotsu Quest x Monsterz		Ponkotsu Quest x Monsters Tokubetsu-hen
Ponkotsu Quest: Maou to Haken no Mamono-tachi		PonQue
Ponkotsu Quest: Maou to Haken no Mamono-tachi Specials		
Ponkotsuland Saga		Pon Kotsuland Saga
Ponsuke no Haru	Spring Comes to Ponsuke	
Ponsuke no Udekurabe		
Ponta Monogatari		Minna no Uta
Ponta to Ensoku		
Pony Metal U-GAIM Promotion Film		
Pop		
Pop in Q		Poppin Q
Popee the Performer		
Popful Mail		Popful Mail Promotion Video
PopoloCrois		Popolocrois Monogatari - Hajimari no Bouken
Popolocrois Monogatari	Popolocrois Monogatari	
Popotan		Po-Po-Tan
Poppen-sensei to Kaerazu no Numa		
Poppoya-san: Nonki Ekichou		Poppaya-san
Poppoya-san: Nonki Kikanshi		Poppaya-san: Carefree Engineer
Pops		
Poputepipikku	Pop Team Epic	
Poputepipikku 2	Pop Team Epic 2	
Poron Guitar		
Porong Porong Pororo		Pororo the Little Penguin
Porong Porong Pororo 2	Pororo the Little Penguin 2	
Porong Porong Pororo 3	Pororo the Little Penguin 3	
Porong Porong Pororo 4	Pororo the Little Penguin 4	
Porong Porong Pororo 5	Pororo the Little Penguin 5	
Porong Porong Pororo 6	Pororo the Little Penguin 6	
Pororo Daemoheom	Pororo to the Cookie Castle	Porong Porong Pororo
Pororo Geugjangpan Super Sseolmae Daemoheom	Pororo: The Racing Adventure	Pororo Geukjangpan Super Sseolmae Daemoheom
Pororo Hanguk-e Wass-eoyo	Pororo Goes to Korea	Pororo Hangug-e Wass-eoyo
Pororo&#039;s English Show	Pororo&#039;s English Show	Pororo English Show
Pororo-wa Noraehaeyo	Sing-A-Long with Pororo	Pororo-wa Nolaehaeyo
Porphy no Nagai Tabi	The Orphans of Simitra	Porufi no Nagai Tabi
Portable Kuukou	Portable Airport	
Portrait		
PostPet Momobin		Post Pet Momobin
Potecco Babies		Potekko Babies
Potecco Babies (2011)		
Potemayo		
Potemayo Specials		
Power Dolls		Powerdolls: Detachment of Limited Line Services
Power Powan		Minna no Uta
Power Stone		
Poyopoyo Kansatsu Nikki	Poyopoyo	
Pozzie		
Prayers		
Precure All Stars DX the Dance Live♥: Miracle Dance Stage e Youkoso		
Precure All Stars GoGo Dream Live!		Pretty Cure All Stars GoGo Dream Live!
Precure All Stars Movie DX2: Kibou no Hikari☆Rainbow Jewel wo Mamore!	Pretty Cure All Stars DX2: Light of Hope - Protect the Rainbow Jewel!	Eiga Precure All Stars DX2: Kibou no Hikari - Rainbow Jewel wo Mamore!
Precure All Stars Movie DX3: Mirai ni Todoke! Sekai wo Tsunagu☆Nijiiro no Hana		Pretty Cure All Stars DX3: Reach the Future! The Rainbow Flower that Connects the World
Precure All Stars Movie DX: Minna Tomodachi☆Kiseki no Zenin Daishuugou!		Pretty Cure All Stars DX
Precure All Stars Movie New Stage 2: Kokoro no Tomodachi		Pretty Cure All Stars New Stage Kokoro no Tomodachi
Precure All Stars Movie New Stage 3: Eien no Tomodachi		Pretty Cure All Stars New Stage Eien no Tomodachi
Precure All Stars Movie New Stage: Mirai no Tomodachi		Pretty Cure All Stars New Stage Mirai no Tomodachi
Precure All Stars Movie: Haru no Carnival♪		Eiga Precure All Stars: Haru no Carnival
Precure All Stars Movie: Haru no Carnival♪ - Ima Koko kara		Precure All Stars Movie: Haru no Carnival♪ - Feature Dance Presentation
Precure All Stars Movie: Minna de Utau♪ - Kiseki no Mahou		PreCure All Stars - Singing with Everyone♪ Miraculous Magic!
Precure Dream Stars! Movie		Eiga Precure Dream Stars!
Precure Super Stars! Movie		Eiga Precure Super Stars!
Precure kara Minna e no Ouen Movie		
Present		
Present (Music)	Present	Sekai no Owari
Present made no Michinori		Road to Present
Pretty All Friends		
Pretty Rhythm Movie: All Star Selection - Prism Show☆Best Ten		Gekijouban Pretty Rhythm
Pretty Rhythm: All Star Selection		
Pretty Rhythm: Aurora Dream		
Pretty Rhythm: Aurora Dream - Prism Shougekijou		Pretty Rhythm: Aurora Dream Specials
Pretty Rhythm: Dear My Future		
Pretty Rhythm: Rainbow Live		
Pretty x Cation 2 The Animation		
Pretty x Cation The Animation		
PriPara		Puri Para
PriPara & Kiratto Pri☆chan Movie: Kirakira Memorial Live		PriPara & Kiratto Pri☆chan Movie: Sparkling Memorial Live
PriPara Movie: Mi~nna Atsumare! Prism☆Tours		PriPara Movie: Minna Atsumare! Prism☆Tours
PriPara Movie: Mi~nna de Kagayake! Kirarin☆Star Live!		Gekijouban PriPara: Minna de Kagayake! Kirarin Star Live!
PriPara Movie: Mi~nna no Akogare♪ Let&#039;s Go☆Prix Paris		PriPara Movie: Minna no Akogare♪ Let&#039;s Go☆Prix Paris
PriPri Chii-chan!!	PriPri Chi-chan!!	Puripuri Chii-chan!!
Pride		
Prima Donna Mai		
Prince of Stride: Alternative	Prince of Stride: Alternative	PuriSuto
Princess Army: Wedding★Combat	Princess Army: Wedding Combat	
Princess Connect!	Princess Connect!	Princess Connect! Re:Drive
Princess Holiday: Korogaru Ringo Tei Senya Ichiya		
Princess Knight☆Catue		
Princess Lover!		Princess Lover!
Princess Lover! OVA		Kimi to Isshou no Asa
Princess Lover! Picture Drama		
Princess Lover!: Magical Knight Maria-chan		
Princess Memory	Princess Memory	
Princess Minerva		
Princess Nine: Kisaragi Joshikou Yakyuubu	Princess Nine	
Princess Princess	Princess Princess	PuriPuri
Princess Princess Specials		Princess Princess Omake
Princess Principal	Princess Principal	
Princess Principal 2		
Princess Principal Picture Drama		
Princess Principal: Ange Report		Princess Principal Recap
Princess Road: Bara to Dokuro no Monshou	Erotic Torture Chamber	Best of Kitty #4 (3)
Princess Rouge		Legend of the Last Labyrinth
Princess Sara	A Little Princess Sara	Sekai Meisaku Gekijou
Princess Tutu	Princess Tutu	
Princess Tutu Recaps		Princess Tutu Specials
Prism		Irodorimidori
Prism Ark		
Prism Ark Specials		Prism Ark: Pri Ark
Prism Magical: Prism Generations!		
Prism Season		
Prison Bear		
Prison School	Prison School	Kangoku Gakuen
Prison School OVA		Kangoku Gakuen OVA
Private Emotion		Dirty Thoughts
Private Eye Dol		
Pro Golfer Saru		
Pro Golfer Saru (TV)		
Pro Golfer Saru: Kouga Hikyou! Kage no Ninpou Golfer Sanjou!		
Pro Golfer Saru: Super Golf World e no Chousen!!		
Pro Yakyuu wo 10-bai Tanoshiku Miru Houhou		Pro Yakyu o Jubai Tanoshiku Muru Hoho
Pro Yakyuu wo 10-bai Tanoshiku Miru Houhou Part 2		Pro Yakyu o Jubai Tanoshiku Muru Hoho Part 2
Project A-Ko		
Project A-Ko 2: Daitokuji Zaibatsu no Inbou		Project A-Ko 2: Plot of the Daitokuji Financial Group
Project A-Ko 3: Cinderella Rhapsody		
Project A-Ko 4: Final	Project A-ko: Love & Robots	Project A-Ko: Kanketsuron
Project ARMS	Project ARMS	ARMS
Project ARMS: The 2nd Chapter	Project ARMS: The 2nd Chapter	Project Arms 2
Project BLUE Chikyuu SOS	Project Blue Earth SOS	
Project HAL		HAL Tokyo
Project758		
Promare		
Promedicus		
Promised Town	Promised Town	
Propagate	Propagate	Kaika
Psychedelic Afternoon		Zapuni Project
Psychic Academy	Psychic Academy	Psychic Academy Aura Banshou
Psychic Force		
Psycho Diver: Mashou Bosatsu	Psycho Diver: Soul Siren	Psycho Diver Masei Rakuryu
Psycho-Pass	Psycho-Pass	Psychopath
Psycho-Pass 2	Psycho-Pass 2	Psycho-Pass Second Season
Psycho-Pass Movie	Psycho-Pass: The Movie	Psychopath Movie
Psycho-Pass SS Case 1: Tsumi to Batsu		Psycho-Pass: Sinners of the System - Tsumi to Batsu
Psycho-Pass SS Case 2: First Guardian		Psycho-Pass: Sinners of the System - First Guardian
Psycho-Pass SS Case 3: Onshuu no Kanata ni		Psycho-Pass: Sinners of the System - Onshuu no Kanata ni
Psychoarmor Govarian		Psycho Armor Govarian
Pucca	Pucca: Funny Love	
Pucca (2006)		Jjajang Sonyeo Ppukka
Pucca (2008)		Jjajang Sonyeo Ppukka
Puchi Pri*Yucie	Petite Princess Yucie	Petite Pri Yuushi
Puchimas!!: Petit Petit iDOLM@STER	PUCHIM@S 2	Puchimas!!: Petit Petit Idolmaster
Puchimas!!: Petit Petit iDOLM@STER - Fuyu→Kotatsu←Haru		Puchimas!!: Petit Petit iDOLM@STER OVA
Puchimas!: Petit iDOLM@STER	PUCHIM@S	Puchimas!: Petit Idolmaster
Puchimas!: Petit iDOLM@STER - Takatsuki Gold Densetsu Special!! Haruka-san Matsuri		Puchimas!: Petit Idolmaster Special
Puchimas!: Petit iDOLM@STER Episode 0		Puchimas! Wakku Waku!!
Puchitto Furikaerintia		Gargantia on the Verdurous Planet Recap
Puchitto Gargantia		Petit Gargantia
Puchitto Gargantia Special		Puchitto Gargantia Episode 14
Pugpug		Pagupagu
Pugyuru		
Puka Puka Juju		Pukapuka Dudu
Pulsar	Pulsar	
Pumpkin Scissors		PumpSci
Punch Line	Punch Line	Punchline
Puni Puni☆Poemii	Puni Puni Poemy	
Punky Funky Baby	Punky Funky Baby	Synphony Yume Monogatari
Punpun Polka		Minna no Uta
Pupa	Pupa	
Pupipo!		Pupipoo!
Pure Aluminum: Sunoko-tan.		
Pure Mail		
Pure-tou no Nakama-tachi	Serendipity the Pink Dragon	Serendipity Monogatari: Pyuatou no Nakamatachi
PuriGorota: Uchuu no Yuujou Daibouken		Puri Gorota: The movie
Purina Felix	Purina Felix	
Puru Pom		
Pururun! Shizuku-chan		
Pururun! Shizuku-chan Aha		
Push	Push	Osu
Pussycat		
Puttsun Make Love		
Puu-Neko		Poo-Neko
Puu-Neko Shougekijou		Puu-Neko Show Time
Puyo Puyo: Madou Monogatari		
Puzzle & Dragon	Puzzle & Dragon	PazuDora
Puzzle & Dragons CM	Puzzle & Dragons CM	Tenkousei
Puzzle & Dragons Cross	Puzzle & Dragons X	PazuDora Cross
Pygmalio		Pygmalion
Pyun Pyun Maru		Hana no Pyun Pyun Maru
Pyuu to Fuku! Jaguar	Blow the Flute Jaguar!	Pyu to Fuku! Jaguar
Pyuu to Fuku! Jaguar: Ima	 Fuki ni Yukimasu	ピューと吹く! ジャガー ～いま
Pyuu to Fuku! Jaguar: Return of Yaku Ichinenburi		Pyuu to Fuku! Jaguar Return Of Yaku Ichinen buri
Pâtisserie no Monster	Patissier Monster	Patisserie no Monster
