Z/X: Code Reunion		
Z/X: Ignition		Zillions of Enemy X Ignition
ZIP! x Peeping Life TV: Cool Japan Saizensen	ZIP! x Peeping Life TV: The Front Line of Cool Japan	Peeping Life×ZIP!
Zakuro Yashiki		La Grenadière
Zan Sayonara Zetsubou Sensei		Zan Sayonara Zetsubo Sensei
Zan Sayonara Zetsubou Sensei Bangaichi		Zan Sayonara Zetsubou Sensei OVA
Zankyou no Terror	Terror in Resonance	Terror in Tokyo
Zannen Onna Kanbu Black General-san	Precarious Woman Executive Miss Black General	Zannen Jokanbu Black General-san
Zawazawa		
Ze Tian Ji		Way of Choices
Ze Tian Ji 2nd Season		Way of Choices 2nd Season
Ze Tian Ji 3rd Season		Way of Choices 3rd Season
Zecchou Rocket		Orgasm Rocket
Zegapain	Zegapain	
Zegapain ADP		Zegapain Adaptation
Zekkyou Gakkyuu		Ribbon x Oha Suta Specials
Zekkyou Gakkyuu: Tensei		Scary Lessons: Hide-And-Seek Ogre
Zenchuu Maite	Dancer of Vermicular	
Zenmai Zamurai		
Zenmaiji-kake no Truffe	A Clockwork Truffe	
Zeno: Kagirinaki Ai ni		Zeno: Unlimited Love
Zenryoku Usagi		Constructor Rabbit
Zenryoku Yobikou 5.5 Seminar		Channel 5.5
Zenryoku Yobikou 5.5 Seminar Prologue		Channel 5.5
Zeonic Toyota Special Movie		Gundam x Toyota
Zephyr		
Zero Duel Masters		
Zero Seiki Movie 1: Emeraldas		The Zero Century Movie 1: Emeraldas
Zero Seiki Movie 2: Herlock		The Zero Century: Harlock
Zero Seiki Movie 3: Maetel		The Zero Century Movie 3: Maetel
Zero Sum Game: Sex Crime	Zero Sum Game	Sex Crime: Zero Sum Game
Zero Tester		
Zero Tester: Chikyuu wo Mamore!		
Zero kara Hajimeru Mahou no Sho		Grimoire of Zero
Zero no Mono	Zero no Mono	
Zero no Tsukaima	The Familiar of Zero	Zero&#039;s Familiar
Zero no Tsukaima F	The Familiar of Zero F	Zero no Tsukaima Final Series
Zero no Tsukaima: Futatsuki no Kishi	The Familiar of Zero: Knight of the Twin Moons	Zero&#039;s Familiar 2nd Series
Zero no Tsukaima: Princesses no Rondo	The Familiar of Zero: Rondo of Princesses	Zero no Tsukaima: Princess no Rondo
Zero no Tsukaima: Princesses no Rondo - Yuuwaku no Sunahama	The Familiar of Zero: Rondo of the Princesses OVA	Zero no Tsukaima: Princess no Rondo OVA
Zero no Tsukaima: Princesses no Rondo Picture Drama		Zero no Tsukaima: Princesses no Rondo DVD Specials
Zetman	Zetman	
Zetsuai 1989		Desperate Love
Zetsuen no Tempest	Blast of Tempest	Zetsuen no Tempest: The Civilization Blaster
Zetsumetsu Kigu Shoujo: Amazing Twins		
Zettai Bouei Leviathan	Leviathan: The Last Defense	Zettai Boei Leviatan
Zettai Bouei Leviathan: Mini Takibi Gekijou		Zettai Bouei Leviathan Campfire Short
Zettai Junpaku♡Mahou Shoujo		Angelic White Magical Girls
Zettai Junshu☆Kyousei Kozukuri Kyokashou!!		Perfectly Observed Compulsory Child-Making Permit!!
Zettai Karen Children	Psychic Squad	Absolutely Lovely Children
Zettai Karen Children Gentei Kaikin!! OVA Chou Sakidori Special!!		Absolutely Lovely Children
Zettai Karen Children OVA: Aitazousei! Ubawareta Mirai?		Absolutely Lovely Children
Zettai Karen Children Recap	Absolutely Lovely Children Recap	ZKC
Zettai Karen Children: The Unlimited - Hyoubu Kyousuke	Unlimited Psychic Squad	The Unlimited Hyobu Kyosuke
Zettai Muteki Raijin-Oh	Zettai Muteki Raijin-Oh	Eldran series #1
Zettai Muteki Raijin-Oh (1992)		
Zettai Shougeki: Platonic Heart	Master of Martial Hearts	Zettai Shogeki
Zettai Shougeki: Platonic Heart Picture Drama		Master of Martial Hearts Picture Drama
Zettai Shounen		Absolute Boy
Zettai Yareru Greece Shinwa		Zettai Yareru Gresia Shinwa
Zettai Zetsumei Dangerous Jiisan		Grandpa Danger
Zettai Zetsumei Dangerous Jiisan (2004)		Grandpa Danger
Zettai Zetsumei Dangerous Jiisan (2005)		
Zettai Zetsumei Dangerous Jiisan Special-ban		Grandpa Danger Special
Zhan Guo FAN		The Seven
Zhan Long Si Qu	Go For Speed	
Zhandou Wang Zhi Jufeng Zhan Hun	Infinity Nado	King of Warrior: Jufeng Zhan Hun
Zhandou Wang Zhi Jufeng Zhan Hun 2	Infinity Nado 2	King of Warrior 2
Zhandou Wang Zhi Jufeng Zhan Hun 3	Infinity Nado 3	King of Warrior 3
Zhen Gyi Hong Shi	World Peacekeepers	
Zhen Hun Jie	Rakshasa Street	Requiem Street
Zhong Hua Xiao Zi	Shaolin Wuzang	Chinese Kids
Zhongguo Jingqi Xiansheng		Chinese Mystery Man
Ziggy: Soreyuke! R&R Band		
Zinba	Zinba	Zinba Monsters
Zipang		
Zo Zo Zo Zombie-kun		
Zoids	Zoids	Zoids Classic
Zoids Fuzors	Zoids Fuzors	
Zoids Genesis	Zoids Genesis	
Zoids Shinseiki/Zero	Zoids: New Century	Zoids New Century/Zero
Zoids Wild		
Zoku Attacker You! Kin Medal e no Michi		New Attacker You!
Zoku Gosenzo San&#039;e		Masquerade 2
Zoku Koihime		Koihime 2
Zoku Naniwa Yuukyouden		Osaka Tough Guys 2
Zoku Natsume Yuujinchou	Natsume&#039;s Book of Friends Season 2	Natsume Yuujinchou Two
Zoku Natsume Yuujinchou: 3D Nyanko-sensei Gekijou		
Zoku Owarimonogatari		
Zoku Sayonara Zetsubou Sensei		Sayonara Zetsubo Sensei 2
Zoku Touken Ranbu: Hanamaru		
Zoku Zoku Mura no Obaketachi		Zoku Zoku Mura no Obake-tachi
Zombie Clay Animation: I&#039;m Stuck!!	I&#039;m Stuck!!: Life of the Dead	
Zombie Clay Animation: Life of the Dead		Zonbikureianime
Zombie Ehon	Zombie Diary	Zonbi Ehon
Zombie-Loan	Zombie-Loan	
Zombie-Loan Specials	Zombie-Loan	Zombie-Loan OVA
Zone of the Enders: 2167 Idolo	Z.O.E. 2167 Idolo	ZOE: Idolo
Zone of the Enders: Dolores	 I	Z.O.E Dolores
Zonmi-chan: Halloween☆Special Movie!		
Zonmi-chan: Meat Pie of the Dead		
Zoobles!		
Zoojazoo Watashi no Onaka	Zoojazoo “My Stomach”	
Zou no Hanako		
Zou no Inai Doubutsuen		Zoo Without an Elephant
Zou no Senaka: Tabidatsu Hi		The Day I Depart
Zouressha ga Yatte Kita		
Zton Jingai Animation: A Beautiful Greed Nulu Nulu		
Zukkoke Knight: Don De La Mancha	Don Quixote	Don Chisciotte
Zukkoke Sannin-gumi no Bousai Kyoushitsu		
Zukkoke Sannin-gumi no Hi Asobi Boushi Daisakusen		
Zukkoke Sannin-gumi no Jitensha Kyoushitsu		
Zukkoke Sannin-gumi no Koutsuu Anzen		
Zukkoke Sannin-gumi: Kusunoki Yashiki no Guruguru-sama		
Zukkoke Sannin-gumi: Zukkoke Jikuu Bouken		
Zumomo to Nupepe		
Zunda Horizon		Wakate Animator Ikusei Project
Zuo Ri Qing Kong	Crystal Sky of Yesterday	Zuori Qingkong
Zutto Mae kara Suki deshita.: Kokuhaku Jikkou Iinkai	I&#039;ve Always Liked You	HoneyWorks: I&#039;ve Liked You Since Long Ago
Zutto Mae kara Suki deshita.: Kokuhaku Jikkou Iinkai - Kinyoubi no Ohayou		I&#039;ve Always Liked You Picture Drama Special
Zutto Suki Datta		
