O-bake no... Holly		Holly the Ghost
O-parts: Oman		Out-of-place artifacts: Oman
OL Kaizou Kouza		OL Kaizo Koza
OZ		
Oam Monogatari: Sono Natsu	 Watashi ga Shitta koto	おあむ物語　その夏、わたしが知ったこと
Obaachan no Takaramono		Minna no Uta
Obake Entotsu no Uta		Song of the Chimney Ghosts
Obake Nagaya		
Obake de Ii kara Hayaku Kite		Minna no Uta
Obake no Dokurou	Dokuro the Ghost	
Obake no Q-Tarou: Susume! 1/100 Daisakusen		
Obake no Q-Tarou: Tobidase! Bake Bake Daisakusen		
Obake no Q-tarou		Obake no Q-Taro (1965)
Obake no Q-tarou (1985)		Obake no Q-taro (1985)
Oban Star-Racers		Oban Star Racers
Obatalian		Obatarian
Obocchama-kun		Obotchama-kun
Occultic;Nine	Occultic;Nine	Occultic9
Ocha-ken: Chokotto Monogatari		Tea-dog
Ocha-ken: Hotto Monogatari		
Ocha-ken: Ryokutto Monogatari		Tea-dog
Ochame na Futago: Claire Gakuin Monogatari	The Mischevious Twins	Ochame-na Futago
Ochamegami Monogatari: Korokoro Pollon	Little Pollon	Ochamegami Monogatari: Korokoro Poron
Ochou Fujin no Gensou		Madame Butterfly
Oda Nobuna no Yabou	The Ambition of Oda Nobuna	Oda Nobuna no Yabou
Oda Nobuna no Yabou Recap	The Ambition of Oda Nobuna	Oda Nobuna no Yabou Soshuhen
Oden-kun		Odenkun
Odin: Koushi Hansen Starlight	Odin: Starlight Mutiny	Odin: Photon Space Sailer Starlight
Odoriko Clinoppe		Dancer Clinoppe
Odoroki Ban	Phenakistoscope	
Oedo wa Nemurenai!		Sleepless Oedo
Off Stage	Off Stage	Minna no Uta
Offside		
Offside (TV)		Offside (2001)
Offside Girl		
Ofuro no Kazoe Uta		Counting-out game of Bathing
Ogami Matsugorou		
Ogenki Clinic		Ogenki Clinic Adventures
Oh Yoko!		Oh! Yoko!
Oh! 96-kku	Oh! Crock	Oh! Kuyuujuuroku-kku
Oh! Edo Rocket	Oh! Edo Rocket	Ohedo Rocket
Oh! Family		
Oh! My Konbu		
Oh! Super Milk-chan	The Super Milk-Chan Show	
Oh! Super Milk-chan Special		Super Milk Chan Special
Ohanashi de Te Koi		
Ohayo! Spank		Hello Spank!
Ohayo! Spank (Movie)		
Ohayou! Kokekkou-san		
Ohi-sama to Kaeru	The Sun and the Frogs	Ohisama to Kaeru
Ohoshisama no Rail	Rail of the Star: A True Story of Children	O-Hoshisama no Rail
Oi Pii-tan!!		Hey Pitan!
Oi! Ryouma	Rainbow Samurai	Oi! Ryoma
Oide yo! Mizuryuu Kei Land		
Oide yo! Shiritsu Yarimakuri Gakuen		
Oidon to		
Oira Sukeban		Delinquent in Drag
Oira Uchuu no Tankoufu	Mighty Space Miners	Oira Uchu no Tankofu
Oira no Hijouji	My Big Emergency	
Oira no Ski	My Ski Trip	
Oira no Yakyuu	Our Baseball Match	Oira no Yakyu
Oishi-sa Hajikeru! One Piece		Fanta
Oishinbo		The Gourmet
Oishinbo: Kyuukyoku tai Shikou	 Chouju Ryouri Taiketsu!!	美味しんぼ　究極対至高　長寿料理対決!!
Oishinbo: Nichibei Kome Sensou	Oishinbo: The Japan-America Rice War	Oishinbo: Nichibei Kome Senso
Ojamajo Doremi	Magical DoReMi	Useless Witchgirl Doremi
Ojamajo Doremi Dokkaan!	Useless Witch Doremi Kaboom!	
Ojamajo Doremi Na-i-sho		
Ojamajo Doremi OVA		 おジャ魔女どれみの自転車安全教室
Ojamajo Doremi Sharp		Ojamajo Doremi #
Ojamajo Doremi Sharp Movie		Ojamajo Doremi # Movie
Ojamanga Yamada-kun		
Ojamanga Yamada-kun (Movie)		
Ojarumaru	Prince Mackaroo	
Ojarumaru Yakusoku no Natsu Ojaru to Semira Movie	Prince Mackaroo the Movie: The Promised Summer - Ojaru and Semira	
Ojarumaru no Koutsuu Anzen		
Ojarumaru: Chitchai Mono no Ookina Chikara		
Ojarumaru: Mangetsu Road Kiki Ippatsu - Tama ni wa Maro mo Daibouken		Prince Mackaroo: Peril at the Full Moon Road -A Rare Adventure of Our Prince-
Ojarumaru: Wasureta Mori no Hinata		Ojarumaru Special
Ojiichan ga Kaizoku Datta Koro		Ojii-chan ga Kaizoku Datta Koro
Ojiichan ga Nokoshite Kureta Mono: Moetemo Moenai? Moenikui!		
Ojiichan no Hanabi		
Ojiichan no Komoriuta		Ojii-chan no Komoriuta
Ojiichan no Tomato		
Ojiichan wa Boku no Hero		
Ojiisan no Densha		Minna no Uta
Ojiisan no Lamp		Wakate Animator Ikusei Project
Ojisan Kaizou Kouza		
Ojisan to Marshmallow	Ojisan and Marshmallow	Oji-san to Marshmallow
Ojisan to Marshmallow Special	Ojisan and Marshmallow Episode 13: Hige-san and Marshmallow	
Ojousama Sousamou	Debutante Detective Corps	Ojou-sama Sousamou
Ojousama wa H ga Osuki: The Animation		
Ojousama☆Yomeiri Kousou!		
Okaachan Gomen ne		Okaa-chan Gomen ne
Okaasan	 Nakanaide	お母さん、なかないで
Okaasan ni Naisho	Don&#039;t tell Mom	
Okaasan no Kao		Minna no Uta
Okaasan no Ki		
Okaasan no Yasashii te		
Okama Hakusho	Okama Report	
Okane ga Nai	No Money	
Okane ga Nai Specials	No Money Omake episodes	No Money! DVD Extras
Okane wa Mawaru: Kurashi to Kinyuu		
Okashina Hotel		
Okawari-Boy Starzan-S		Transforming Boy Starzan-S
Okitegami Kyouko no Bibouroku x Monogatari		
Okojo to Yamane		Weasel and Dormouse
Okome Kakurenbo		Minna no Uta
Okon Joururi		The Ballad Drama of Okon
Okore!! Nonkuro		O Kore!! Non Kuro
Okori Jizou		Angry Jizou
Okoru yo!		Minna no Uta
Okubyou na Venus		YUMIKO KIRITA in Venus
Okusama ga Seitokaichou!	My Wife is the Student Council President!	Oku-sama ga Seito Kaichou!
Okusama ga Seitokaichou! OVA	My Wife is the Student Council President OVA	Okusama ga Seitokaichou! OAD
Okusama ga Seitokaichou! OVA: Okusama Gekijou		Okusama ga Seitokaichou! OVA Specials
Okusama ga Seitokaichou!+!	My Wife is the Student Council President!+	My Wife is the Student Council President 2nd Season
Okusama ga Seitokaichou!: Okusama Gekijou		Okusama ga Seitokaichou! Specials
Okusama wa Joshikousei		
Okusama wa Joshikousei (TV)	My Wife is a High School Girl	Oku-sama wa Joshi Kousei
Okusama wa Mahou Shoujo	Madam is a Magical Girl	Bewitched Agnes
Okusama wa Mahoutsukai	Enspelled	Oku-sama wa Mahou Tsukai
Okusama wa Michael		Okusama wa Tenshi
Okusama wa Moto Yariman		
Old City Ward		
Omae Umasou da na	You Are Umasou	Omae Umasou da na
Omae wa Mada Gunma wo Shiranai		
Omakase Scrappers		
Omakase! Miracle Cat-dan		Leave it to Mamitasu
Omake	Pieces	
Omamori Himari	Omamori Himari	Protective Charm Himari
Omedetou Jesus-sama		Happy Birthday Jesus
Omiai Aite wa Oshiego	 Tsuyoki na	
Omishi Mahou Gekijou: Risky★Safety		Omishi Magical Theater Risky Safety
Omocha Bako Series Dai 3 Wa: Ehon 1936-nen		Omochabako Series Dai San Wa: Ehon Senkyuuhyakusanjuuroku-nen
Omoi Au Christmas 2011		AFLAC
Omoi no Kakera		
Omoide Poroporo	Only Yesterday	Omohide Poro Poro
Omoide no Album		Album of Memories
Omoide no Marnie	When Marnie Was There	
Omoikkiri Kagaku Adventure Sou Nanda!	Full-Blast Science Adventure: So That&#039;s How It Is!	Sou Nanda
Omusubi Kororin		
On Your Mark	On Your Mark	
Ona x2		Onanie
Onagawa Chuu Baske Bu: 5-nin no Natsu		
Onaka Hime	Princess Onaka	Stomach Princess
Onaka no Ookina Ouji-sama		Minna no Uta
Onara Gorou		Fart Gorou
Onboro Film	Broken Down Film	
Onbu Obake		Piggyback Ghost
One More Time	 One More Chance	One More Time
One Nyan Monogatari		Minna no Uta
One Off		
One Outs	One Outs	ONE OUTS Nobody wins
One Piece	One Piece	OP
One Piece 3D2Y: Ace no shi wo Koete! Luffy Nakama Tono Chikai		One Piece Special 15th Anniversary
One Piece 3D: Gekisou! Trap Coaster		
One Piece 3D: Mugiwara Chase		One Piece 3D: Strawhat Chase
One Piece Film: Gold		One Piece Movie 13
One Piece Film: Gold - Cine Mike Popcorn Kokuchi		TOHO Cinemas x One Piece Film: Gold
One Piece Film: Gold Episode 0 - 711 ver.	ONE PIECE FILM GOLD 〜episode 0〜 711ver.	One Piece Film: Gold Episode 0
One Piece Film: Strong World	One Piece Film Strong World	One Piece Movie 10
One Piece Film: Strong World Episode 0		
One Piece Film: Z	One Piece Film Z	One Piece Movie 12
One Piece Movie 1		One Piece: The Movie
One Piece Movie 2: Nejimaki-jima no Daibouken	One Piece: Clockwork Island Adventure	One Piece: Nejimakijima no Bouken
One Piece Movie 3: Chinjuu-jima no Chopper Oukoku	One Piece: Chopper Kingdom of Strange Animal Island	One Piece: Chinjou Shima no Chopper Oukoku
One Piece Movie 4: Dead End no Bouken	One Piece: Dead End	
One Piece Movie 5: Norowareta Seiken	One Piece: The Curse of the Sacred Sword	
One Piece Movie 6: Omatsuri Danshaku to Himitsu no Shima	One Piece: Baron Omatsuri and the Secret Island	
One Piece Movie 7: Karakuri-jou no Mecha Kyohei		One Piece The Movie: Karakurijou no Mecha Kyohei
One Piece Movie 8: Episode of Alabasta - Sabaku no Oujo to Kaizoku-tachi	One Piece The Movie: Episode of Alabasta - The Desert Princess and the Pirates	
One Piece Movie 9: Episode of Chopper Plus - Fuyu ni Saku	 Kiseki no Sakura	ＯＮＥ ＰＩＥＣＥ（ワンピース） エピソードオブチョッパー＋冬に咲く、奇跡の桜
One Piece Recap	One Piece Recap	One Piece Recap OVA
One Piece: Adventure of Nebulandia		One Piece Special
One Piece: Cry Heart		One Piece: Banpresto&#039;s Cry Heart Short
One Piece: Episode of Alabasta - Prologue		
One Piece: Episode of East Blue - Luffy to 4-nin no Nakama no Daibouken		
One Piece: Episode of Luffy - Hand Island no Bouken		One Piece: Episode of Luffy - Hand Island Adventure
One Piece: Episode of Merry - Mou Hitori no Nakama no Monogatari		One Piece Special
One Piece: Episode of Nami - Koukaishi no Namida to Nakama no Kizuna		One Piece Special
One Piece: Episode of Sabo - 3 Kyoudai no Kizuna Kiseki no Saikai to Uketsugareru Ishi		
One Piece: Episode of Sorajima		One Piece: Episode of Skypiea
One Piece: Glorious Island		One Piece Special: Glorious Island
One Piece: Heart of Gold		
One Piece: Jango no Dance Carnival	One Piece: Django&#039;s Dance Carnival	
One Piece: Kinkyuu Kikaku One Piece Kanzen Kouryakuhou	One Piece: Emergency Planning	緊急企画ワンピース完全攻略法
One Piece: Long Ring Long Land-hen		One Piece: Long Ring Long Land Arc - A One Night Abridged Special
One Piece: Mamore! Saigo no Dai Butai		One Piece TV Special 3
One Piece: Mezase! Kaizoku Yakyuu Ou		One Piece: Take Aim! The Pirate Baseball King
One Piece: Nenmatsu Tokubetsu Kikaku! Mugiwara no Luffy Oyabun Torimonochou		One Piece Special: The Detective Memoirs of Chief Straw Hat Luffy
One Piece: Oounabara ni Hirake! Dekkai Dekkai Chichi no Yume!	One Piece Special: Open Upon the Great Sea! A Father&#039;s Huge	ワンピース 大海原にひらけ! でっかいでっカイ父の夢!
One Piece: Romance Dawn		
One Piece: Romance Dawn Story	One Piece: Romance Dawn Story	One Piece Prototype
One Piece: Straw Hat Theater		One Piece Strawhat Theater
One Piece: Taose! Kaizoku Ganzack	One Piece: Defeat the Pirate Ganzack!	
One Piece: Umi no Heso no Daibouken-hen		One Piece Special: Adventure in the Ocean&#039;s Navel
One Piece: Yume no Soccer Ou!		One Piece: Dream Soccer King!
One Pound Gospel	One Pound Gospel	Ichi Pound no Fukuin
One Punch Man	One Punch Man	One Punch-Man
One Punch Man 2		One Punch-Man 2
One Punch Man Specials		One Punch Man Specials
One Punch Man: Road to Hero		One Punch Man OVA
One Room	One Room	
One Room 2nd Season		
One Room Special		One Room Episode 13
One and Three Four		
One: Kagayaku Kisetsu e		One: To a Shining Season
One: Kagayaku Kisetsu e - True Stories		
Oneechan ga Kita		My Sister Came
Oneechan ga Kita Special		Onee-chan ga Kita Episode 13
Onegai My Melody	Onegai My Melody	
Onegai My Melody Sukkiri♪		
Onegai My Melody: Kuru Kuru Shuffle!		
Onegai My Melody: Yuu & Ai		Onegai My Melody: Friend & Love
Onegai! Samia Don		Please! Psammea-don
Onegai☆Teacher	Please Teacher!	Onegai Sensei
Onegai☆Teacher: Himitsu na Futari		Onegai Sensei
Onegai☆Teacher: Marie	 Ai no Gekijou	おねがい☆ティーチャー まりえ
Onegai☆Teacher: Reminiscence Disc		
Onegai☆Twins	Please Twins	Onegai☆Twins
Onegai☆Twins: Natsu wa Owaranai		Please Twins! Onegai Twins OVA
Onegai♪My Melody Kirara★		
Ongaku Sekai Ryokou		World Tavel Music
Ongaku Shoujo		Wakate Animator Ikusei Project
Ongaku Shoujo (TV)		
Ongeki		O.N.G.E.K.I.
Oni		The Demon
Oni Chichi		Oni Chichi
Oni Chichi 2		
Oni Chichi 2: Harvest		
Oni Chichi 2: Revenge		
Oni Chichi: Re-birth		Oni Chichi 3
Oni Chichi: Re-born		Oni Chichi 4
Oni Chichi: Rebuild		
Oni Chichi: Refresh♥		
Oni Chichi: Vacation		Oni Chichi: Kakeeshon
Oni Keibu Anpan	ANPAN the chief of detectives	Demon Inspector Anpan
Oni no Ko to Yuki Usagi	Goblin and Yuki Usagi (Snow Hare)	Snow Hare
Oni-Tensei		
Onigakure Yama no Soba no Hana	The Soba Flower of Mt. Oni	
Onigamiden	Legend of the Millennium Dragon	
Onigara	The Man in the Monster&#039;s Shell	Oni Husk
Onigiri	Onigiri	Demon Cutter
Onihei	Onihei	
Onihei: Sono Otoko	 Heizou Hasegawa	鬼平~その男
Oniichan Zurui		Minna no Uta
Oniichan dakedo Ai sae Areba Kankeinai yo ne!	OniAi	As Long as There&#039;s Love
Oniichan dakedo Ai sae Areba Kankeinai yo ne! Specials	OniAi Specials	
Oniichan ni Natchatta		Minna no Uta
Oniichan no Koto nanka Zenzen Suki ja Nai n da kara ne!!		Oniichan no Koto nanka Zenzen Suki Janain Dakara ne!!
Oniichan no Koto nanka Zenzen Suki ja Nai n da kara ne!! Special		Oniichan no Koto nanka Zenzen Suki Janain Dakara ne!! Special
Oniisama e...	Brother	おにいさまへ…
Onikiri Musume Saisen		
Onikiri Shoujo		
Onikirimaru	Ogre Slayer	
Oniku Daisuki! Zeushi-kun		
Oniku Daisuki! Zeushi-kun 2nd Season		Oniku Daisuki! Zeushi-kun Second Season
Oniku Daisuki! Zeushi-kun: Suteki na Hamburger		
Onimaru: Senjou ni Kakeru Itsutsu no Seishun		
Onita no Boushi	Onita&#039;s Hat	
Onizushi		
Onkyo Seimeitai Noiseman	Noiseman Sound Insect	
Only You: Viva! Cabaret Club		
Onmyou Taisenki		Onmyou Tai Senki
Onmyouji Ayakashi no Megami: Inran Jubaku		Onmyouji: Youen Emaki
Onmyouji: Youen Emaki		
Onna Kyoushi	Hot Juicy Teacher	
Onna Kyoushi Nijuusan-sai		23 year old Female Teacher
Onna Kyoushi Yumi no Houkago	Hot for Teacher	
Onna Kyoushi: Nikutai Jugyou		
Onna Senshi Efe & Jira: Gude no Monshou	Gude Crest: The Emblem of Gude	Female Soldiers Efe and Jeila: Crest of Gude
Onna Spy Goumon: Teki no Ajito wa Jotai Goumonsho		Onna Spy Gaumont
Onnanoko tte.		About Girls
Onpu		
Onsen Yousei Hakone-chan	Hakone-chan	Hot Springs Fairy Hakone-Chan
Ontama!		
Onyankopon		
Ooatari Sora no Entaku	The Plane Cabby&#039;s Lucky Day	Oatari Sora no En-taku
Ooedo Forty Eight		Ooedo Shijuu Hachite
Ooedo Torimonochou: Nezumi Kozou		
Ooi! Adacchii!	Hey	おーい! アダッチー
Ooi! Hanimaru		
Ookami Heart		Ookami Heart (F.O.ver.)
Ookami Kodomo no Ame to Yuki	Wolf Children	The Wolf Children Ame and Yuki
Ookami Kodomo no Ame to Yuki x House Shokuhin Stew CM		House Foods Corporation x Wolf Children
Ookami Shoujo to Kuro Ouji	Wolf Girl & Black Prince	Ookami Shoujo to Kuroouji
Ookami Shoujo to Kuro Ouji Recap		Ookami Shoujo to Kuroouji Soushuuhen
Ookami Shoujo to Kuro Ouji: Gishinanki – Happening Kiss		Ookami Shoujo to Kuro Ouji OVA
Ookami Shounen Ken		Ken the Wolf Boy
Ookami Shounen Ken (Movie)		Ookami Shounen Ken (1963)
Ookami Shounen Ken: Arabia no Kaijin - Ma no Iwa no Kettou		
Ookami to Koushinryou	Spice and Wolf	Ookami to Koushinryou
Ookami to Koushinryou II	Spice and Wolf II	Ookami to Koushinryou 2nd Season
Ookami to Koushinryou II Specials	Spice and Wolf II Specials	Ookami to Koushinryou 2 Specials
Ookami to Koushinryou II: Ookami to Kohakuiro no Yuuutsu		Ookami to Koushinryou 2 OVA Episode 0
Ookami to Nanahiki no Ko Yagi		
Ookami wa Ookamida	A Wolf is a Wolf	Manga Ookami wa Ookamida
Ookami-san to Shichinin no Nakama-tachi	Okami-San and Her Seven Companions	Ookami-san to Shichinin no Nakamatachi
Ookamikakushi	Okamikakushi: Masque of the Wolf	Wolfed Away
Ookii 1 Nensei to Chiisana 2 Nensei	The Big First-Grader and the Small Second-Grader	Wakate Animator Ikusei Project
Ookiku Furikabutte	Big Windup!	Oofuri
Ookiku Furikabutte Special	Big Windup!	Ookiku Furikabutte - The Basics of Basics
Ookiku Furikabutte: Natsu no Scorebook	Big Windup!	Best of Ookiku Furikabutte: Natsu no Score-book
Ookiku Furikabutte: Natsu no Taikai-hen	Big Windup! 2	Oofuri
Ookiku Furikabutte: Natsu no Taikai-hen – Mokuhyou		Oofuri
Oosouji		Winter Cleaning
Ooyasan wa Shishunki!	Ooya-san wa Shishunki!	Landlord is in Puberty!
Oppai Gakuen Marching Band-bu!		
Oppai Heart: Kanojo wa Kedamono Hatsujouki!?		
Oppai Infinity∞! The Animation		
Oppai Life	Booby Life	
Oppai ga Ippai		
Oppai no Ouja 48		King of Breasts
Oraa Guzura Dado		
Oraa Guzura Dado (1987)		Guzura
Orange	Orange	
Orange: Mirai		
Orangutan		Minna no Uta
Orchestra		
Orchid★Emblem		Best of Kitty #1 (1)
Ore	 Twintail ni Narimasu.	俺、ツインテールになります。
Ore Monogatari!!	My Love Story!!	Ore Monogatari!!
Ore ga Kanojo wo *su Wake		Ore ga Kanojo wo Okasu Wake
Ore ga Ojousama Gakkou ni Shomin Sample Toshite Gets♥Sareta Ken	Shomin Sample	Story in Which I Was Kidnapped by a Young Lady&#039;s School to be a Sample of the Common People
Ore ga Ojousama Gakkou ni Shomin Sample Toshite Gets♥Sareta Ken Specials		Shomin Sample Specials
Ore ga Suki nano wa Imouto dakedo Imouto ja Nai		
Ore no Imouto ga Konnani Kawaii Wake ga Nai	OreImo	My Little Sister Can&#039;t Be This Cute
Ore no Imouto ga Konnani Kawaii Wake ga Nai Specials	OreImo Specials	My Little Sister Can&#039;t Be This Cute Specials
Ore no Imouto ga Konnani Kawaii Wake ga Nai.	Oreimo 2	My Little Sister Can&#039;t Be This Cute 2
Ore no Imouto ga Konnani Kawaii Wake ga Nai. Specials	OreImo. Specials	My Little Sister Can&#039;t Be This Cute 2 Specials
Ore no Imouto ga Konnani Kawaii Wake ga Nai.: Ore no Imouto ga Konnani Eroge na Wake Nai		Ore no Imouto ga Konnani Kawaii Wake ga Nai. Gal Game Animation
Ore no Imouto ga Konnani Kawaii Wake ga Nai.: SD Chara ni Yoru Short Movie		Ore no Imouto ga Konnani Kawaii Wake ga Nai. Short Anime Specials
Ore no Imouto ga Konnani Kawaii Wake ga Nai: SD Chara ni Yoru Character Commentary	Oreimo Animated Commentary	Ore no Imouto ga Konnani Kawaii Wake ga Nai Animated Commentary
Ore no Kanojo to Osananajimi ga Shuraba Sugiru	Oreshura	Ore no Kanojo to Osananajimi ga Shuraba Sugiru
Ore no Nounai Sentakushi ga	 Gakuen Love Comedy wo Zenryoku de Jama Shiteiru	俺の脳内選択肢が、学園ラブコメを全力で邪魔している
Ore no Nounai Sentakushi ga	 Gakuen Love Comedy wo Zenryoku de Jama Shiteiru OVA	俺の脳内選択肢が、学園ラブコメを全力で邪魔している OAD
Ore no Sora Keiji-hen		
Ore to Issho ni Training		
Ore wa Chokkaku		
Ore wa Kanojo wo Shinjiteru!		
Ore wa Teppei	My Name Is Teppei	
Ore-sama Kingdom		
Ore-tachi	 Tomodachi!	おれたち
Ore-tachi Ijiwaru Kei		Oretachi Ijiwaru Kei
Oreca Battle		
Orenchi no Furo Jijou		Orefuro
Oretacha Youkai Ningen		
Oretacha Youkai Ningen G		
Oretachi ni Tsubasa wa Nai: Hadairo Ritsu Kyuuwari Zou!?		Ore-tachi ni Tsubasa wa Nai OVA
Oretachi ni Tsubasa wa Nai: Under the Innocent Sky.	We Without Wings – Under the Innocent Sky	Oretsuba
Organic		
Origami Warriors		Origami Fighters
Origami of Landscape		
Original		
Original Video Romance Animation		Joshidaisei Seiko-chan
Oroka	Oroka	
Oruchuban Ebichu		Ebichu Minds the House
Osakana wa Ami no Naka	Fish in the Trap	
Osake wa Fuufu ni Natte kara	Love is Like a Cocktail	
Osake wa Fuufu ni Natte kara Episode 14		Osake wa Fuufu ni Natte kara Special
Osakini Douzo Arigatou		
Osamishi Tani no Wakare Uta		
Osamu to Musashi	Osamu and Musashi	
Osananajimi to Doukyuusei		Osana Najimi to Doukyuusei
Osaru no Kantai	The Monkey Fleet	
Osaru no Monkichi no Kin no Ono Gin no Ono	Monkichi the Monkey in The Gold Axe and the Silver Axe	Hello Kitty&#039;s Animation Theater 6b
Osaru no Sankichi: Boukuusen	Sankichi the Monkey: The Air Combat	Osaru no Sankichi: Bokusen
Osaru no Sankichi: Totsugeki-tai	Sankichi the Monkey: The Storm Troopers	Osaru no Sankichi: Totsugeki Tai
Osaru no Tairyou		
Oscar&#039;s Oasis	Oscar&#039;s Oasis	
Oseam		
Osekisho	At the Border Checkpoint	Official Residence
Oshaburi Announcer		
Oshare Kozou wa Hanamaru	The Fashion Boy is Cool	
Oshare Majo Love and Berry: Shiawase no Mahou	Fashionable Witches Love and Berry: Magic of Happiness	
Oshi ga Budoukan Ittekuretara Shinu		
Oshie to Tabi Suru Otoko		The Man Traveling with the Brocade Portrait
Oshiete Fairilu: Mahou no Pendulum		
Oshiete Re: Maid		
Oshiete! Galko-chan	Please tell me! Galko-chan	Oshiete! Gyaruko-chan
Oshiete! Galko-chan: Natsuyasumitte Hontou Desu ka?	Please tell me! Galko-chan OVA	Oshiete! Galko-chan OVA
Oshin		
Oshioki: Gakuen Reijou Kousei Keikaku		
Oshiri Kajiri Mushi		Minna no Uta
Oshiri Kajiri Mushi (TV)	Bottom Biting Bug	
Oshiri Kajiri Mushi (TV) 2nd Season	Bottom Biting Bug 2	
Oshiri Kajiri Mushi (TV) 3rd Season	Bottom Biting Bug 3	
Oshiri Kajiri Mushi (TV) 4th Season	Bottom Biting Bug 4	
Oshiri Tantei		Butt Detective
Oshiri Tantei: Mina to Machi no Tuk-tuk Chase		Butt Detective: Auto Rickshaw Chase in Port Town
Oshiri Tantei: Puputto Fumutto Kaiketsu Dance	Butt Detective: A Wind-Breaking Victory Dance	
Oshiruko	Red Bean Soup	Oshiruko ~The Summertime Mischief~
Oshizuka ni		Be Quiet Please!
Oshushi Da yo	Oshushidayo	
Osiris no Tenbin		
Osiris no Tenbin: Season 2		
Osomatsu-kun		
Osomatsu-kun (1988)	Osomatsu-kun (1988)	
Osomatsu-kun (1988): Appare! Chibita no Onitaiji zansu		
Osomatsu-kun: Iyami wa Hitori Kaze no Naka		
Osomatsu-kun: Suika no Hoshi kara Konnichiwa zansu!		
Osomatsu-san	Mr. Osomatsu	
Osomatsu-san 2nd Season	Mr. Osomatsu 2	
Osomatsu-san Short Film Series	Mr. Osomatsu Short Film Series	
Osomatsu-san Short Film Series 2nd Season		Mr. Osomatsu Short Film Series 2nd Season
Osomatsu-san Special	Mr. Osomatsu Episode 3.5: Virgin Heroes	Osomatsu-san Episode 3.5
Osomatsu-san x Mameshiba		
Osomatsu-san: Ouma de Kobanashi		
Osu	Male	
Osu!! Karate-bu	Go!! Karate Club	
Otaku no Seiza		The Sign of Otaku
Otaku no Video		Geeks&#039; Video
Otanoshimi Anime Gekijou		
Otenki Boys		Weather Boys
Otenki Oneesan	Weather Report Girl	Otenki Onesan
Otogi Banashi: Bunbuku Chagama		Otogibanashi: Bumbuku Chagama
Otogi Juushi Akazukin	Fairy Musketeers	Fairy Musketeer Akazukin TV
Otogi Juushi Akazukin OVA		Fairy Musketeers Little Red Riding Hood
Otogi Manga Calendar		
Otogi Story Tenshi no Shippo	Angel Tales	Angel&#039;s Tail
Otogi Story Tenshi no Shippo Specials	Angel Tales	Otogi Story Tenshi no Shippo Episodes 5.5 and 13
Otogi no Kuni no Birthday		Minna no Uta
Otogi no Sekai Ryokou		Otogi no Sekai Ryoko
Otogizoushi	Otogi Zoshi: The Legend of Magatama	
Otohime Connection	Princess Connection	
Otoko Doahou! Koushien		
Otoko Ippiki Gaki Daishou		The Ideal Man Boy&#039;s Gang Leader
Otoko no Ko Ojousama		
Otoko to Onna to Inu	Man and Woman and Dog	
Otoko wa Tsurai yo: Torajirou Wasurenagusa		
Otokogi		
Otokonoko ♂ Delivery		Otokonoko Delivery
Otome Chibaku Yuugi		
Otome Chic		Oresama
Otome Dori		
Otome Hime		
Otome Juurin Yuugi: Maiden Infringement Play		
Otome Nadeshiko Koi Techou		Otome Nadeshiko Love Diary
Otome Youkai Zakuro	Zakuro	Girl Demon Zakuro
Otome Youkai Zakuro Picture Drama		Otome Yokai Zakuro Picture Drama
Otome wa Boku ni Koishiteru	Otoboku: Maidens are Falling for Me!	Otome wa Onee-sama ni Koi Shiteru
Otome wa Boku ni Koishiteru Special	Otoboku: Maidens are Falling for Me! Special	Otome wa Onee-sama ni Koi Shiteru
Otome wa Boku ni Koishiteru: Futari no Elder The Animation		Otome wa Boku ni Koishiteru 2
Otome*Domain The Animation		
Otona Joshi no Anime Time		Kawamo wo Suberu Kaze
Otona no Ikkyuu-san		
Otona no Ikkyuu-san 2nd Season		Otona no Ikkyuu-san Dai 2 Series
Otoppe		
Otoshidama		Minna no Uta
Otousan wa Ai no Hito		
Otsuki-sama to Oujo	The Princess and the Moon	
Otsukimi Recital		Mekakucity Records
Otsukisama Light		O-Tsuki-sama Light
Ou Dorobou Jing	Jing: King of Bandits	King of Bandit Jing
Ou Dorobou Jing in Seventh Heaven	Jing: King of Bandits - Seventh Heaven	
Ou-sama Ninatta Kitsune		
Ougon Bat	Golden Bat	Fantomas
Ougon Senshi Gold Lightan	Golden Warrior: The Gold Lightan	Golden Warrior Gold Lightan
Ougon Yuusha Goldran	The Brave of Gold Goldran	Ogon Yusha Gorudoran
Ougon no Hou: El Cantare no Rekishikan	The Golden Laws	Happy Science Movie 3
Ouran Koukou Host Club	Ouran High School Host Club	Ohran Koko Host Club
Ouritsu Uchuugun: Honneamise no Tsubasa	Royal Space Force: The Wings of Honneamise	Wing of Royal Space Troop Honneamise
Ouritsu Uchuugun: Honneamise no Tsubasa - Pilot Film		Wing of Royal Space Troop Honneamise Pilot
Ousama Game The Animation	King&#039;s Game	Ou-sama Game
Ousama Monogatari		Ou-sama Monogatari
Ousama no Shippo	The King&#039;s Tail	
Ousama no Takaramono		Minna no Uta
Ousama to Nightingale		The King and the Nightingale
Oushitsu Kyoushi Heine	The Royal Tutor	Oushitsu Kyoushi Haine
Outbreak Company	Outbreak Company	
Outlanders		
Outsider:Requiem	-OutsideR:RequieM-	Irodorimidori
Oval x Over		
Over Drive		OverDrive
Overlord	Overlord	
Overlord II	Overlord II	
Overlord III		
Overlord Movie 1: Fushisha no Ou	Overlord: The Undead King	Gekijouban Overlord
Overlord Movie 2: Shikkoku no Eiyuu	Overlord: The Dark Hero	Gekijouban Overlord 2
Overlord Movie: Manner Movie		Gekijouban Soushuuhen Overlord Manner Movie
Overlord Picture Drama		Overlord: The Maid Tea Party
Overlord: Ple Ple Pleiades		Overlord Specials
Overlord: Ple Ple Pleiades (OVA)		Overlord OVA
Overlord: Ple Ple Pleiades 2		
Overlord: Ple Ple Pleiades Theatrical Version		Overlord Movie Specials
Overman King Gainer		
Owakare	Loop of Farewell	dOPPO
Owanko		
Owara Nai Chinkonka wo Utaou		
Owara Nai Chinkonka wo Utaou: Seinen no Uta		
Owari no Chronicle		The Ending Chronicle
Owari no Seraph	Seraph of the End: Vampire Reign	Seraph of the End
Owari no Seraph: Kyuuketsuki Shahar		Owari no Seraph: Jump Festa 2015 Special
Owari no Seraph: Nagoya Kessen-hen	Seraph of the End: Battle in Nagoya	Owari no Seraph 2nd Season
Owari no Seraph: Nagoya Kessen-hen - Owaranai Seraph - Nagoya Kessen-hen	Seraph of the End: Battle in Nagoya - Seraph of the Endless	
Owari no Seraph: Owaranai Seraph	Seraph of the End: Seraph of the Endless	Owari no Seraph Omake
Owari no Seraph: The Beginning of the End	Seraph of the End: The Beginning of the End	Owari no Seraph 12.5
Owarimonogatari	Owarimonogatari	End Story
Owarimonogatari 2nd Season	Owarimonogatari Second Season	End Story 2nd Season
Owarimonogatari 2nd Season Recaps	Owarimonogatari Second Season Recaps	Owarimonogatari Episode 0.5
Oyaji no	 Imo no Kamisama.	オヤジの、芋神様。
Oyako Club		
Oyako Rankan The Animation		Ran Kan The Animation
Oyakodon: Oppai Tokumori Bonyuu Tsuyudaku de		Haha Musume Donburi: Oppai Tokumori Bonyuu Tsuyudaku de
Oyama no Taishou		Minna no Uta
Oyashirazu		Minna no Uta
Oyasumi Sex		
Oyayubi Hime Monogatari	Thumbelina: A Magical Story	Story of Princess Thumbelina
Oyayubi-hime		Thumbelina
Oyo Neko Bunyan		Oyoneko Bunyan
Oyoge ya Oyoge	Swim	 Swim!
Oyoge! Taiyaki-kun		
Oyome-sama Honey Days♥		
Oyone to Mattsan: Ai no Uta		Oyone and Mattsan Love Song: Barley Field - Hawaii Route of Adoration
Oz no Mahoutsukai	The Wizard of Oz	Oz no Mahoutsukai
Oz no Mahoutsukai (1986)	The Wonderful Wizard of Oz	Oz no Mahoutsukai
Oz no Mahoutsukai no Koutsuu Anzen no Tabi		
Ozanari Dungeon: Kaze no Tou		Ozanari Dungeon
Ozma	Ozma	Ozuma
Ozmafia!!		
Ozmafia!! Special		
