J League wo 100-bai Tanoshiku Miru Houhou!!		
JA Kumamoto Keizairen		Smiling Restaurant
JK Bitch ni Shiboraretai		
JK Meshi!	JK-MESHI!	
JK to Ero Giin Sensei		
JK to Ero Konbini Tenchou		
JK to Inkou Kyoushi 4		
JK to Inkou Kyoushi 4 feat. Ero Giin Sensei Namaiki Hamedoru Friends		
JK to Orc Heidan: Aku Buta Oni ni Ryougyaku Sareta Seijo Gakuen		
JRA Hokan Keikaku		Evangelion x JRA
JU Chuuko Jidousha Hanbaishi x Peeping Life		
JaJa Uma! Quartet	Wild Cardz	Crown Knights
Jack to Mame no Ki	Jack and the Beanstalk	
Jack to Mame no Ki (OVA)		Jack And The Beanstalk
Jagainu-kun		Dogtato-kun
Jakusansei Million Arthur		
Jakusansei Million Arthur Specials		
Jakusansei Million Arthur: Forever Kakusansei Million Arthur		
Jam		
Jam the Housnail	Jam the Housnail	Jam the House Snail
Jangdokdae		
Jankenman		
Jankenman: Kaijuu Dai Kessen		
Japonese		Japanese
Jarinko Chie		Chie the Brat
Jarinko Chie (TV)		Chie the Brat
Jarujio Animal		Jarujio Animaru
Jashin-chan Dropkick	Dropkick On My Devil!!	Jyashin-chan Dropkick
Jataka Monogatari: Kiniro no Shika		The Jakata Tale of the Golden Deer
Je Bul Chal-ssi Iyagi	The Story of Mr. Sorry	Jeh-bool-chal-shee e-ya-gee
Je T&#039;aime		
Jean Valjean Monogatari		Les Miserables
Jeonja Ingan 337		Electric Man 337
Jeremy no Ki		Jeremii no Ki
Jetter Mars		Jet Mars
Jewelpet	Jewelpet	Jewel Pet
Jewelpet Happiness		
Jewelpet Kira☆Deco!		
Jewelpet Magical Change		
Jewelpet Movie: Sweets Dance Princess		Eiga Jewelpet Sweets Dance Princess
Jewelpet Sunshine		
Jewelpet Twinkle☆		Jewelpet Twinkle Star
Jewelpet Twinkle☆: Hohoemi no Niji ni Dokki☆Doki!		Jewelpet Twinkle: A Rainbow of Smiles Doki Doki!
Jewelpet: Attack Chance!?		
Jewelry The Animation	Jewelry The Animation	
Ji no Nai Hagaki		
Jian Wangchao	Sword Dynasty	
Jiaoao de Jiangjun		The Conceited General
Jibaku-kun	Bucky: The Incredible Kid	Jibaku-kun: Twelve World Story
Jibun de Jibun wo Mamoru		
Jibun no Mune ni te wo Atete		
Jidou Bungaku Library		Jidou Bungaku Anime
Jie Mo Ren	The Devil Ring	Xue Mo Ren
Jigazou	Self Portrait	Osamu Tezuka&#039;s Self-Portrait
Jigen Sengokushi: Kuro no Shishi - Jinnai-hen	Black Lion	Kuro no Shishi
Jigoku Koushien		
Jigoku Sensei Nube		Hell Teacher Nube
Jigoku Sensei Nube (Movie)	Hell Teacher Nube	Jigoku Sensei Nube (1996)
Jigoku Sensei Nube OVA	Hell Teacher Nube	
Jigoku Sensei Nube: Gozen 0 toki Nube Shisu!	Hell Teacher Nube: 0 a.m. Nube Dead	Jigoku Sensei Nube: Gozen 0 Ji Nube Shisu!
Jigoku Sensei Nube: Kyoufu no Natsu Yasumi! Asashi no Uni no Gensetsu	Hell Teacher Nube: Summer Holiday of Fear! Legend of the Sea of Suspicion	Jigoku Sensei Nube
Jigoku Shoujo	Hell Girl	Jigoku Shojo
Jigoku Shoujo Futakomori	Hell Girl: Two Mirrors	Hell Girl 2
Jigoku Shoujo Mitsuganae	Hell Girl: Three Vessels	Hell Girl 3
Jigoku Shoujo: Yoi no Togi	Hell Girl: Fourth Twilight	Hell Girl 4
Jigoku Youchien		Hell Kindergarten
Jigoku de Naze Warui		Why Don&#039;t You Play in Hell
Jigoku no Soubee		Jigoku no Sobe
Jigokudou Reikai Tsuushin		
Jii Coro Comic		Dangerous Jiisan
Jii Tousaku		Jii Tousaku: Koukishin
Jiiji no e Tegami: Grandfather&#039;s Letter		Minna no Uta
Jijii: Owari no Hajimari		
Jikan	Time	
Jikan no Shihaisha	Chronos Ruler	
Jikkyou Chuukei		Radwimps
Jikuu Bouken Nuumamonjaa	Chrono Trigger	Time and Space Adventures Nuumamonjaa
Jikuu Boukenki Zentrix	Zentrix	
Jikuu Ihoujin Kyoko: Chocola ni Omakase!		Time Stranger Kyoko: Leave it to Chocola
Jikuu Tantei Genshi-kun	Flint the Time Detective	Jiku Tantei Genshi-kun
Jikuu Tenshou Nazca	Dimension Movement of Nazca	
Jim Button		Jim Botan
Jin Ken Mamoru-kun to Ayumi-chan Sekai wo Shiawase ni		
Jin Sheng Yuan		Jin Seng Yuan
Jin-Rou	Jin-Roh: The Wolf Brigade	Jinrou
Jingi		
Jingisukan no Jin-kun		
Jingle		
Jinki:Extend	Jinki: Extend	
Jinki:Extend OVA	Jinki: Extend	Jinki:Extend Episode 13
Jinkou Shoujo: Henshin Sex Android	Cosplay Sex Machine	Artificial Girl
Jinkou no Rakuen		
Jinrui wa Suitai Shimashita	Humanity Has Declined	Jintai
Jinrui wa Suitai Shimashita Specials	Humanity Has Declined Specials	Jintai Specials
Jinrui wa Suitai Shimashita: Ningen-san no	 Yousei-san Memo	人類は衰退しました　「人間さんの、ようせいさんめも」
Jinryoku Senkan!? Shiokaze Sawakaze		
Jinsei	JINSEI -Life Consulting-	Life
Jinshin Yuugi	Love Lessons	Jinsin
Jinxiu Shenzhou Zhi Qi You Ji	Splendid China - Hunting Treasures	
Jinzou Konchuu Kabutoborg VxV		Artificial Insect KABUTO BORG Victory by Victory
Jinzou Ningen Kikaider The Animation	Android Kikaider	Kikaider
Jiok	The Hell (Two Kinds of Life)	Dugaeui sam
Jirijiri	Jirijiri	Umineco Sounds
Jirijiri Moyou no Ryuuryuu Tenten		Ziriziri Moyou no Ryuuryuu Tenten
Jishin da!! Mii-chan no Bousai Kunren		
Jishin ga Kitarou Dousuru? Mushi Mushi Mura no Bousai Kunren		Mushimushi Mura no Bousai Kunren
Jishu Seisaku Movie Binchou-tan		Bincho-Tan OVA
Jisshuusei		Jisshusei
Jitaku Keibiin		
Jitensha ni Notte.		
Jitensha-hen		
Jitsu wa Watashi wa	Actually	実は私は
Jiu Se Lu		The Nine Colored Deer
JoJo no Kimyou na Bouken	JoJo&#039;s Bizarre Adventure	JoJo&#039;s Bizarre Adventure OVA 1
JoJo no Kimyou na Bouken (TV)	JoJo&#039;s Bizarre Adventure	JoJo no Kimyou na Bouken (2012)
JoJo no Kimyou na Bouken: Adventure	JoJo&#039;s Bizarre Adventure	JoJo&#039;s Bizarre Adventure (2000)
JoJo no Kimyou na Bouken: Diamond wa Kudakenai	JoJo&#039;s Bizarre Adventure: Diamond is Unbreakable	JoJo no Kimyou na Bouken Part 4: Diamond wa Kudakenai
JoJo no Kimyou na Bouken: Phantom Blood	JoJo&#039;s Bizarre Adventure: Phantom Blood	JoJo&#039;s Bizarre Adventure: Phantom Blood
JoJo no Kimyou na Bouken: Stardust Crusaders	JoJo&#039;s Bizarre Adventure: Stardust Crusaders	Dai San Bu Kujo Jotaro: Mirai e no Isan
JoJo no Kimyou na Bouken: Stardust Crusaders 2nd Season	JoJo&#039;s Bizarre Adventure: Stardust Crusaders - Battle in Egypt	JoJo&#039;s Bizarre Adventure Part 3
Johnny Cypher	Johnny Cypher in Dimension Zero	
Jokei Kazoku III: Himitsu - The Anime		
Jokei Kazoku: Inbou	The Immorals	Jokei Kazoku ~Inbou~
Joker Game	Joker Game	
Joker Game: Kuroneko Yoru no Bouken		Joker Game Specials
Joker: Marginal City		J0ker
Joki Joki Tailor		Jokijoki Tailor
Jokuana	Horny Ladies And The News	
Jokutsuma	Humiliated Wives	
Joleobban		Senior Class
Joou Heika no Petite Angie	Angie Girl	Joou-heika no Petite Angie
Joou-sama wa M Dorei	Queen and Slave	Jo-oh sama wa M Dorei
Jormungand	Jormungand	
Jormungand: Perfect Order	Jormungand Season 2: Perfect Order	
Jormungand: Perfect Order Recap		Jormungand: Perfect Order - First Stage Soshuhen
Joseito	School Girl	
Joshidai: Ecchi Soudanshitsu	University Girls: Special Counseling	
Joshikousei Nobunaga-chan!!		
Joshikousei no Koshitsuki		
Joshikousei: Girl&#039;s High	High School Girls	Joshi Kousei: Girl&#039;s High
Joshikousei: Girl&#039;s High Specials	High School Girls Specials	Joshi Kousei: Girl&#039;s High Specials
Joshiraku	Joshiraku	Rakugo Girls
Joshiraku OVA		
Joubuna Tire!		
Joukamachi no Dandelion	Castle Town Dandelion	
Joukyou Monogatari	Tyo Story	
Joukyuusei		Minna no Uta
Joutoku		Idiom
Jubilee		Kazuyoshi Nakamura: Jubilee
Judo Sanka		Ode to Judo
Judo-bu Monogatari		Judo Bu Monogatari
Juicy Jungle		
Jukujo Shigan		
Juliet		
Jumping		
Jun ga Kureta Inochi		
Junai Maniac	Pure Love Maniac	
Junai Rhapsody		√Letter
Jungle Book Shounen Mowgli	The Jungle Book	Jungle Book: Boy Mowgli
Jungle Kurobee		
Jungle Taitei	Kimba the White Lion	
Jungle Taitei (1989)		Bou Bou
Jungle Taitei Leo: Hon-o-ji		Jungle Emperor Leo: Hon-o-ji
Jungle Taitei Movie		Jungle Emperor Leo Movie
Jungle Taitei Movie (1997)	Jungle Emperor Leo	
Jungle Taitei: Susume Leo!		Leo the Lion
Jungle Taitei: Yuuki ga Mirai wo Kaeru	Jungle Emperor Leo	Jungle Emperor Remake
Jungle Wars		
Jungle de Ikou!	Jungle De Ikou!	Jungre de Ikou!
Jungle no Ouja Taa-chan		Jungle King Taa-chan
Jungle wa Itsumo Hare nochi Guu	Haré+Guu	Jungle wa Itsumo Hale Nochi Guu
Jungle wa Itsumo Hare nochi Guu Deluxe	Haré+Guu Deluxe	Jungle wa Itsumo Haré nochi Guu Deluxe
Jungle wa Itsumo Hare nochi Guu Final		Jungle wa Itsumo Haré nochi Guu Final
Jungle wa Itsumo Hare nochi Guu: Eizou Tokuten - Maboroshi no Pilot Film	Haré+Guu: Movie Special - The Illusive Pilot Film	Jungle wa Itsumo Haré nochi Guu: Eizou Tokuten - Maboroshi no Pilot Film
Junjou Romantica	Junjo Romantica	Junjyou Romantica
Junjou Romantica 2	Junjo Romantica 2	Junjou Romantica Second Season
Junjou Romantica 3	Junjo Romantica 3	Junjou Romantica Third Season
Junjou Romantica OVA		Junjyou Romantica OAD
Junjou Romantica Special		
Junjou Shoujo Et Cetera		Pure-Hearted Girl Et Cetera
Junjou Shoujo Et Cetera Specials		Pure-Hearted Girl Et Cetera Specials
Junk Boy	Junk Boy	The Incredible Gyoukai Video Junk Boy
Junk Land The Animation		
Junk Story: Tetsukuzu Monogatari		
Junkers Come Here		Yookasu Come Here
Junkers Come Here: Memories of You		
Junketsu no Maria	Maria the Virgin Witch	Junketsu no Maria: Sorcière de gré
Junlin Chengxia	The Man From; The Arrival of the Monarch	
Junod		
Just Awake		
Just Because!	Just Because!	
Justeen		
Jutaijima		
Juu-nin no Chiisa na Indian	Ten Little Indians	10 Little Indians
Juubee Ninpuuchou	Ninja Scroll	Wind Ninja Chronicles
Juubee Ninpuuchou: Ryuuhougyoku-hen	Ninja Scroll: The Series	Juubee Ninpuuchou: Ryuuhougyoku Hen
Juubee-chan 2: Siberia Yagyuu no Gyakushuu	Jubei-chan 2: The Counterattack of Siberia Yagyu	
Juubee-chan: Lovely Gantai no Himitsu	Jubei-chan the Ninja Girl: Secret of the Lovely Eyepatch	Jubei-chan - Secret of the Lovely Eyepatch
Juugo Shounen Hyouryuuki	Adrift in the Pacific	Jugo Shonen Hyoryuki
Juugo Shounen Hyouryuuki: Kaizokujima de! Daibouken		
Juuippiki no Neko	Eleven Cats	11 Piki no Neko
Juuippiki no Neko to Ahoudori	Eleven Cats and an Albatross	11 Piki no Neko to Ahoudori
Juujika You and I	Cross You and I	
Juuni Kokuki	The Twelve Kingdoms	12 Kingdoms
Juuni Senshi Bakuretsu Eto Ranger		12 Senshi Bakuretsu Eto Ranger
Juuni Taisen	Juni Taisen: Zodiac War	12 Taisen
Juuninin no Onna Kyoushi	Dirty by the Dozen	12 Female Teachers
Juuou Mujin no Fafnir		Unlimited Fafnir
Juupiki no Kaeru		10 Piki no Kaeru
Juuroku Jizou Monogatari: Sensou no Gisei ni Natta Kodomo-tachi		
Juusen Battle Monsuno	Monsuno: World Master	Beast Rotation Battle Monsuno
Juusenki L-Gaim		Heavy Metal L-Gaim
Juusenki L-Gaim I: Pentagona Window + Lady Gyabure		Heavy Metal L-Gaim I: Pentagona Window + Lady Gyabure
Juusenki L-Gaim II: Farewell My Lovely + Pentagona Doors		Heavy Metal L-Gaim II: Farewell My Lovely + Pentagona Doors
Juusenki L-Gaim III: Full Metal Soldier		Heavy Metal L-Gaim OVA
Juusenshi Gulkeeva		Beast Warriors Gulkeeva
Juushin Enbu: Hero Tales	Hero Tales	Jyuushin Enbu
Juushin Liger	Bio Armor Ryger	Juushin Riger
Juushinki Pandora		Unit Pandora
Juusou Kikou Dancougar Nova		Kemono Soukikou Dancouga Nova
Juuza Engi: Engetsu Sangokuden - Gaiden Youzhou Genya		Juuza Engi: Engetsu Sangokuden OVA
Juvenile Pornography The Animation		
Jyu Oh Sei	Jyu-Oh-Sei: Planet of the Beast King	Juuousei
