D+vine Luv		Dvine [Luv]
D-1 Devastator		
D-Fang!: Water!!		D-Frag! OAD
D-Frag!	D-Frag!	D-Frag!
D-Spray		
D.C. I&II P.S.P. Re-Animated		Da Capo: D.C. I & II P.S.P. OVA
D.C.: Da Capo	D.C.~Da Capo~	
D.C.II S.S.: Da Capo II Second Season		D.C.II S.S.: Da Capo II 2nd Season
D.C.II: Da Capo II		
D.C.III: Da Capo III		Da Capo 3
D.C.III: Da Capo III Special		
D.C.S.S: Da Capo Second Season	D.C.S.S. ~Da Capo Second Season~	D.C.S.G.
D.C.S.S: Da Capo Second Season Omake	D.C.S.S: Da Capo Second Season Omake	D.C.S.G. Omake
D.C.if: Da Capo if		Da Capo If
D.Gray-man	D.Gray-man	D. Gray-man
D.Gray-man Hallow	D.Gray-man HALLOW	
D.I.C.E.		DICE
D.N.Angel	D.N.Angel	DN Angel
D4 Princess		Drill for Princess
DC Super Heroes vs Taka no Tsume Dan		DC Super Heroes vs 鷹の爪団
DC Super Heroes vs Taka no Tsume Dan Promotion Eizou		
DD Hokuto no Ken	DD Fist of the North Star	
DD Hokuto no Ken (2013)	DD Fist of the North Star	
DD Hokuto no Ken 2 Ichigo Aji+	DD Fist of the North Star 2: Strawberry Flavor Plus	Hokuto no Ken: Ichigo Aji
DJ Nobunaga	DJ Nobunaga	DJN
DNA Hunter	DNA Hunter	
DNA Sights 999.9		Kasei Ryodan Danasaito 999.9
DNA²	DNA²	DNA Squared
DNA² OVA		Dokokade Nakushita Aitsuno Aitsu (1995)
DPR Special Movie		Dual-frequency Precipitation Radar Special Movie
DRAMAtical Murder	DRAMAtical Murder	DMMd
DRAMAtical Murder OVA: Data_xx_Transitory		
DT Eightron	DT Eightron	
Da Hu Fa		Dahufa
Da Nao Tiangong	Uproar in Heaven	The Monkey King
Da Shi Jie	Have a Nice Day	Da Shijie
Da Wei Bei Ken Zhi Daomei Tegong Xiong	Backkom Bear: Agent 008	Bernard Bear
Da Yu Hai Tang	Big Fish & Begonia	Da Hai
Da Zuiba Dudu		
Daa! Daa! Daa!		Da!Da!Da!
Dae Jang Geum: Jang Geum&#039;s Dream		Shoujo Changumu no Yume
Dae Jang Geum: Jang Geum&#039;s Dream 2		Shoujo Changumu no Yume
Dagashi Kashi	Dagashi Kashi	Dagashikashi
Dagashi Kashi 2	Dagashi Kashi 2	Dagashikashi 2
Dagram vs. Round-Facer		
Dai Mahou Touge	Magical Witch Punie-Chan	Daimahou Touge
Dai Mahou Touge Omake		
Dai Yamato Zero-gou	Great Yamato No. 0	Big Yamato
Dai-chan	 Daisuki.	大ちゃん
Daiakuji: The Xena Buster	Daiakuji -The Xena Buster-	
Daiakuji: The Xena Buster Specials		
Daicon Opening Animations		Daicon
Daikuu Maryuu Gaiking	Dino Mech Gaiking	
Daikyouryuu Jidai		Age of the Great Dinosaurs
Daimajuu Gekitou: Hagane no Oni		Demon of Steel: Battle of the Great Demon Beasts
Dainiji Ura Nyuugakushiken The Animation		
Daisetsusan no Yuusha Kibaou	King Fang	Oyuki Yama no Yuusha Haou
Daishikkin Helena	Elfen Laid	
Daishizen no Majuu: Bagi	Baggy	Daishizen no Majyu Bagi
Daisougen no Chiisana Tenshi Bush Baby Specials		Sekai Meisaku Gekijou Kanketsu Ban: Daisougen no Chiisana Tenshi Bush Baby
Daisougen no Chiisana Tenshi: Bush Baby	Bush Baby	大草原の小さな天使　ブッシュベイビー
Daisougen to Hakuba	The Prince and the White Horse	
Daisuki na Haha		
Daisuki! BuBu ChaCha	I love BuBu ChaCha	I Love You! BuBu ChaCha
Daisuki! Hello Kitty		Hello Kitty
Daisuki! Nendomama		
Daitai 3-bu de Wakaru .hack History		Daitai San-bu de Wakaru .hack History
Daitoshokan no Hitsujikai	A Good Librarian Like a Good Shepherd	
Daitoshokan no Hitsujikai Picture Drama		A Good Librarian Like a Good Shepherd Picture Drama
Daiyoshi P Produce Ashita no Jobuubu		Town Work x Taka no Tsume
Dakara Boku wa	 H ga Dekinai.	 I Can&#039;t Play H!
Dakara Boku wa	 H ga Dekinai. OVA	 I Can&#039;t Play H! Episode 13
Dakara Boku wa	 H ga Dekinai. Recap	 I Can&#039;t Play H!
Dakaretai Onna		
Dakaretai Otoko 1-i ni Odosarete Imasu.		Dakaretai Otoko Ichii ni Odosarete Imasu.
Dalam-iwa Goseumdochi	Brave Soldier	Squirrel and Hedgehog
Dallos	Dallos	Darosu
Dallos Special		
Dallyeola Hani		Run Hany
Dallyeola Majing-ga-X		Maxinger X
Dambo		
Dame Oyaji		No Good Dad
Dame x Prince Anime Caravan	Damepri Anime Caravan	
Damekko Doubutsu		Damekko Dobutsu
Damen&#039;s Walker		Damens Walker - The Animation
Dan Doh!!		
Dan Fumi no Ohanashi Channel		
Danball Senki	LBX: Little Battlers eXperience	Danbooru Senki
Danball Senki W	LBX: Little Battlers eXperience Season 2	Danbooru Senki W
Danball Senki Wars		Danbooru Senki Wars
Danball Senki Wars: All Star Battle		Little Battlers eXperience Wars Special
Dance	 Dance	
Dance XX	Dance XX	Sappy
Dance in the Vampire Bund	Dance in the Vampire Bund	
Dance in the Vampire Bund Recap		Dance in the Vampire Bund Special Edition
Dance with Devils	Dance with Devils	
Dance with Devils: Fortuna		
Danchi Tomoo		
Danchi Tomoo: Natsuyasumi no Shukudai wa Owatta no ka yo? Tomoo		
Danchigai	Danchigai	
Danchigai Special		
Dandy Hitsuji Shitsuji		Minna no Uta
Danganronpa 3: The End of Kibougamine Gakuen - Kibou-hen	Danganronpa 3: The End of Hope&#039;s Peak High School - Hope Arc	Danganronpa 3: The End of Hope&#039;s Peak Academy - Hope Volume
Danganronpa 3: The End of Kibougamine Gakuen - Mirai-hen	Danganronpa 3: The End of Hope&#039;s Peak High School - Future Arc	Danganronpa 3: The End of Hope&#039;s Peak Academy - Future Volume
Danganronpa 3: The End of Kibougamine Gakuen - Zetsubou-hen	Danganronpa 3: The End of Hope&#039;s Peak High School - Despair Arc	Danganronpa 3: The End of Hope&#039;s Peak Academy - Despair Volume
Danganronpa: Kibou no Gakuen to Zetsubou no Koukousei The Animation	Danganronpa: The Animation	Dangan Ronpa: The Animation
Dangerous Jiisan Ja		
Dango San Kyoudai Attoiuma Gekijou		Dango 3 Kyodai
Dangobei Torimonochou: Hirake - Goma no Maki		Dangobee Torimono Jou Ake: Goma no Maki
Dankichi-jima no Olympic Taikai	Olympic Games on Dankichi Island	
Danna ga Nani wo Itteiru ka Wakaranai Ken	I Can&#039;t Understand What My Husband Is Saying	Danna ga Nani wo Itteiru ka Wakaranai Ken
Danna ga Nani wo Itteiru ka Wakaranai Ken 2 Sure-me	I Can&#039;t Understand What My Husband Is Saying: 2nd Thread	Danna ga Nani wo Itteiru ka Wakaranai Ken 2nd Season
Dansai Bunri no Crime Edge	The Severing Crime Edge	Dansai Bunri no Crime Edge
Danshi Koukousei no Nichijou	Daily Lives of High School Boys	
Danshi Koukousei no Nichijou Specials	Daily Lives of High School Boys Specials	
Dantalian no Shoka	The Mystic Archives of Dantalian	Bibliotheca Mystica de Dantalian
Dantalian no Shoka: Ibarahime	The Mystic Archives of Dantalian: Ibarahime	Bibliotheca Mystica de Dantalian: Ibarahime
Dappys	Dappys	Dappies
Daraku Reijou The Animation: Hakoiri Ojousama Netorare Choukyou Kiroku		
Daraku: Onna Kyoushi Hakai	Depravity: Destruction of a Female Teacher	
Darcrows	DARCROWS	
Dare no Tame ni Sakura wa Saku	Darenotamenisakurawasaku	Taku Tomizawa
Dareka no Manazashi	Someone&#039;s Gaze	
Dareka no Santa Claus		
Daremo Shiranai		Minna no Uta
Dark	Dark	Degeneration
Dark Blue		
Dark Cat		
Dark Shell: Ori no Naka no Namameki	Dark Shell: Lust in the Cage	
Darker than Black: Kuro no Keiyakusha	Darker than Black	DTB
Darker than Black: Kuro no Keiyakusha - Sakura no Hana no Mankai no Shita		Darker than Black Episode 26
Darker than Black: Kuro no Keiyakusha Gaiden		Darker than Black: Ryuusei no Gemini Specials
Darker than Black: Ryuusei no Gemini	Darker than Black: Gemini of the Meteor	Darker than BLACK 2nd Season
Darkside Blues		
Darling		Darling Page
Darling in the FranXX	DARLING in the FRANXX	
Daruma-chan		Daruma-chan to Tengu-chan
Dash! Kappei		Dashing Kappei
Dash! Yonkurou		Mini 4WD
Dasshutsu Gasshapon		Escape Gasshapon
Date A Live	Date A Live	
Date A Live 3rd Season		Date A Live 3
Date A Live II	Date A Live II	Date A Live 2
Date A Live Movie: Mayuri Judgment		Gekijouban Date A Live
Date A Live: Date to Date		Date A Live OVA
Date A Live: Encore		Date A Live II Episode 11
Datenshi-tachi no Kyouen		Datenshi Tachi no Kyouen
David gwa Goliath		
Daybreak Interlude	Daybreak Interlude	IDOLiSH7
Days		
Days (TV)	Days	
Days (TV) OVA		
Days (TV): Touin Gakuen-sen!		
Daze		Deizu
De:vadasy	Devadasy	Sousei Seiki Devadasy
Dead Girl Trailer	Dead Girl Trailer	
Dead Heat		
Dead Leaves	Dead Leaves	
Dead World		
Deadman Wonderland	Deadman Wonderland	DEADMAN WONDERLAND
Deadman Wonderland: Akai Knife Tsukai		Deadman Wonderland OVA
Dear Boys	Hoop Days	
Dear Brave		
DearS	DearS	
DearS: Kin no Tama desu no?		DearS: A Ball Of Gold
Death Billiards	Death Billiards	Wakate Animator Ikusei Project
Death March kara Hajimaru Isekai Kyousoukyoku	Death March to the Parallel World Rhapsody	
Death Note	Death Note	DN
Death Note: Rewrite	Death Note: Relight	Death Note Director&#039;s Cut: The Complete Ending Edition Special
Death Parade	Death Parade	
Deban Desu Yo! Onigirizu		
Decadence: Remix	Decadence-Remix-	Decadence Animal Collective remix
Decorator		
Dededen		
Deep Voice		
Defend Love		Namie Amuro - Defend Love
Deimos no Hanayome: Ran no Kumikyoku	Bride of Deimos	Akuma no Hanayome: Ran no Kumikyoku
Dekakute Ecchi na Ore no Ane		
Dekiru ka na	Dekirukana	
Deko Boko Friends		Uneven Friends
Dekobou Shingachou: Meian no Shippai		Dekobou&#039;s New Picture Book: Failure of a Great Plan
Dekobou no Jidousha Ryokou	Dekobo the Big Head&#039;s Road Trip	Dekobo no Jidosha Ryoko
Delpower X Bakuhatsu Miracle Genki!		Del Power X
Deltora Quest	Deltora Quest	
Demashita! Powerpuff Girls Z	Powerpuff Girls Z	PPGZ
Demi-chan wa Kataritai	Interviews With Monster Girls	Ajin-chan wa Kataritai
Demi-chan wa Kataritai: Demi-chan no Natsuyasumi	Interviews With Monster Girls: The Demi-chans&#039; Summer Break	Demi-chan wa Kataritai Episode 13
Demon Busters: Ecchi na Ecchi na Demon Taiji The Animation		
Demonion: Gaiden		
Dengeki Bunko 2007 Movie Festival Special		Dengeki Bunko 2007 Movie Festival - Special Opening Animation
Dengeki Oshioki Musume Gootaman R: Ai to Kanashimi no Final Battle	Butt Attack Punisher Girl Gautaman R	Dengeki Oshoki Musume Gotaman R
Dengeki Oshioki Musume Gootaman: Gootaman Tanjou-hen	Butt Attack Punisher Girl Gautaman	Butt Attack Punisher Girl Gotaman
Deniroo&#039;s Circus		
Denki Musou Hana	Electric Full Flower Garden	
Denki-gai no Honya-san	Denki-gai	Denki Machi no Honya-san
Denkou Chou Tokkyuu Hikarian		Hikarian 2: Lightning Attack Express
Dennou Boukenki Webdiver	Brain Adventure Record Webdiver	Webdiver
Dennou Coil	Den-noh Coil	Cyber Coil
Dennou Coil Recaps		Cyber Coil Recaps
Dennou Sentai Voogie&#039;s★Angel	Voogie&#039;s Angel	
Dennou Sentai Voogie&#039;s★Angel Gaiden: Susume! Super★Angels!		Voogie&#039;s Angel OVA
Dennou Sentai Voogie&#039;s★Angel: Forever and Ever		
Denpa Kyoushi		Denpa Kyoushi CM
Denpa Kyoushi (TV)	Ultimate Otaku Teacher	He Is an Ultimate Teacher
Denpa Onna to Seishun Otoko	Ground Control to Psychoelectric Girl	Electromagnetic Wave Woman and Adolescent Man
Denpa Onna to Seishun Otoko: Mayonaka no Taiyou		Denpa Onna to Seishun Otoko Episode 13
Denpa-teki na Kanojo		The Radio Wave-Like Girlfriend
Densetsu Kyojin Ideon	Space Runaway Ideon	Ideon
Densetsu Kyojin Ideon: Hatsudou-hen	The Ideon: Be Invoked	
Densetsu Kyojin Ideon: Sesshoku-hen	The Ideon: A Contact	
Densetsu no Yuusha Da Garn		Legendary Brave Da Garn
Densetsu no Yuusha no Densetsu	The Legend of the Legendary Heroes	DenYuDen
Densetsu no Yuusha no Densetsu: Iris Report	The Legend of the Legendary Heroes: Iris Report	Densetsu no Yuusha no Densetsu Recap
Densha Kamo Shirenai	The Evening Traveling	Densya Kamo Shirenai
Denshin Denrei Denwa	Electrical Telegraphy	電信 電鈴 電話
Denshin Mamotte Shugogetten		
Denshinbashira Elemi no Koi	Elemi	
Denshinbashira no Okaasan		The Telegraph Pole Mother
Detarame Rock & Roll Theory	Detarame Rock&Roll Theory	Irodorimidori
Detatoko Princess	Suddenly Princess	
Detective Conan	Case Closed	Meitantei Conan
Detective Conan Bonus File: Fantasista Flower		Detective Conan Magic File 6: Fantasista Flower
Detective Conan Magic File 2: Kudou Shinichi - The Case of the Mysterious Wall and the Black Lab		Detective Conan Movie 12 Side-Story OVA: Kudou Shinichi - The Case of the Mysterious Wall and the Black Lab
Detective Conan Magic File 3: Shinichi and Ran - Memories of Mahjong Tiles and Tanabata		Detective Conan Movie 13 Side-Story OVA
Detective Conan Magic File 4: Osaka Okonomiyaki Odyssey		Meitantei Conan: Osaka Okonomiyaki Odyssey
Detective Conan Magic File 5: Niigata - Tokyo Omiyage Capriccio		Meitantei Conan Magic File 2011: Niigata - Tokyo Omiyage Capriccio
Detective Conan Movie 01: The Timed Skyscraper	Case Closed The Movie: The Time Bombed Skyscraper	Meitantei Conan: Tokei Jikake no Matenrou
Detective Conan Movie 02: The Fourteenth Target	Case Closed: The Fourteenth Target	Meitantei Conan: Jyuuyonbanme no Target
Detective Conan Movie 03: The Last Wizard of the Century	Case Closed Movie 3: The Last Wizard of the Century	Meitantei Conan: Seikimatsu no Majutsushi
Detective Conan Movie 04: Captured in Her Eyes	Case Closed Movie 4: Captured In Her Eyes	Meitantei Conan: Hitomi no Naka no Ansatsusha
Detective Conan Movie 05: Countdown to Heaven	Case Closed Movie 5: Countdown to Heaven	Meitantei Conan: Tengoku e no Count Down
Detective Conan Movie 06: The Phantom of Baker Street	Case Closed: The Phantom of Baker Street	Meitantei Conan: Baker Street no Bourei
Detective Conan Movie 07: Crossroad in the Ancient Capital		Meitantei Conan: Meikyuu no Crossroad
Detective Conan Movie 08: Magician of the Silver Sky		Meitantei Conan: Ginyoku no Magician
Detective Conan Movie 08: Time Travel of the Silver Sky		Detective Conan Movie 08: Promo Special
Detective Conan Movie 09: Promo Special		Detective Conan Movie 09: Strategy Above the Depths Recap
Detective Conan Movie 09: Strategy Above the Depths		Meitantei Conan: Suihei Senjou no Sutoratejii
Detective Conan Movie 10: Promo Special		Meitantei Conan: Tantei-tachi no Requiem Recap Special
Detective Conan Movie 10: Requiem of the Detectives		Meitantei Conan: Tantei-tachi no Requiem
Detective Conan Movie 11: Jolly Roger in the Deep Azure		Meitantei Conan: Konpeki no Hitsugi [Jolly Roger]
Detective Conan Movie 12: Full Score of Fear		Meitantei Conan: Senritsu no Gakufu [Full Score]
Detective Conan Movie 13: The Raven Chaser	Detective Conan: The Jet Black Chaser	Meitantei Conan: Shikkoku no Chaser
Detective Conan Movie 14: The Lost Ship in the Sky		Meitantei Conan Tenkuu no Lost Ship
Detective Conan Movie 15: Quarter of Silence		Meitantei Conan: Chinmoku no Quarter
Detective Conan Movie 16: The Eleventh Striker		Detective Conan Movie 16: 11 Nin-me no Striker
Detective Conan Movie 17: Private Eye in the Distant Sea		Detective Conan Movie 17
Detective Conan Movie 18: The Sniper from Another Dimension		Meitantei Conan: Ijigen no Sniper
Detective Conan Movie 19: The Hellfire Sunflowers	Detective Conan: The Sunflowers of Inferno	Detective Conan Movie 19: Gouka no Himawari
Detective Conan Movie 20: The Darkest Nightmare		Meitantei Conan Movie 20
Detective Conan Movie 21: The Crimson Love Letter		Detective Conan Movie 21: Karakurenai no Love Letter
Detective Conan Movie 22: Zero The Enforcer		Meitantei Conan: Zero no Shikkounin
Detective Conan OVA 01: Conan vs. Kid vs. Yaiba		Meitantei Conan: Conan VS KID VS Yaiba
Detective Conan OVA 02: 16 Suspects		Meitantei Conan: 16 Nin no Yougisha
Detective Conan OVA 03: Conan and Heiji and the Vanished Boy		Meitantei Conan: Conan to Heiji to Kieta Shounen
Detective Conan OVA 04: Conan and Kid and Crystal Mother		Meitantei Conan: Conan to Kid to Crystal Mother
Detective Conan OVA 05: The Target is Kogoro! The Detective Boys&#039; Secret Investigation		Meitantei Conan: Hyouteki wa Kogoro! Shounen Tanteidan Maruchichousa
Detective Conan OVA 06: Follow the Vanished Diamond! Conan & Heiji vs. Kid!		Meitantei Conan: Kieta Daiya wo Oe! Conan & Heiji VS Kid!
Detective Conan OVA 07: A Challenge from Agasa! Agasa vs. Conan and the Detective Boys		Meitantei Conan: Agasa-sensei no Chousenjou! Agasa vs Conan & Shounen Tanteidan
Detective Conan OVA 08: High School Girl Detective Sonoko Suzuki&#039;s Case Files		Meitantei Conan: Joshi Kousein Tantei Suzuki Sonoko no Jikenbo
Detective Conan OVA 09: The Stranger in 10 Years...		Meitantei Conan: 10 Nengo no Stranger
Detective Conan OVA 10: Kid in Trap Island		Detective Conan OAV 10: Kid in Trap Island
Detective Conan OVA 11: A Secret Order from London		Meitantei Conan: London kara no Maru Hi Shirei
Detective Conan OVA 12: The Miracle of Excalibur		Detective Conan: The Miracle of Excalibur
Detective Conan vs. Wooo		Meitantei Conan vs. Wooo
Detective Conan: A Written Challenge from the Pyramids!		Meitantei Conan: Piramid kara no Chousenjou!
Detective Conan: Anti-Crime Guide		Meitantei Conan: Bouhan Guide
Detective Conan: Black History		Meitantei Conan: Kuro no Soshiki to Taiketsu no Rekishi
Detective Conan: Black History 2		Meitantei Conan: Kuro no Soshiki to no Sesshoku
Detective Conan: Chase the Mysterious Comet Monster!		Meitantei Conan: Nazo no Suisei Kaijuu wo Oe!
Detective Conan: City Exploration! Get the Animal Mark!		Meitantei Conan: Machi Tanken! Doubutsu Mark wo Get Seyo!
Detective Conan: Conan vs. Kid - Jet Black Sniper		Meitantei Conan: Conan vs. Kid - Shikkoku no Sniper
Detective Conan: Conan vs. Kid - Shark & Jewel		Meitantei Conan: Conan vs. Kid - Shark & Jewel
Detective Conan: Episode One - The Great Detective Turned Small		Meitantei Conan: Episode One - Chiisaku Natta Meitantei
Detective Conan: Happy New Year Special		Meitantei Conan Tokubetsu-hen: Kinga Shinnen Mouri Kogorou
Detective Conan: Let&#039;s Experience the Jomon Period!		Meitantei Conan: Jomon Taiken Yatte Miyou!
Detective Conan: Let&#039;s Try a Curious Experiment!		Meitantei Conan: Fushigi Jikken Yatte Miyou!
Detective Conan: The Bomb Demon That Came From the Picture Book		Meitantei Conan: Ehon kara Tobidasu Bakudan Ma
Detective Conan: The Fugitive Kogorou Mouri		Detective Conan: Toubousha Mouri Kogorou
Detective Conan: The Internet - The Mysterious E-mail Case		Meitantei Conan: Internet Nazo no Mail Jiken
Detective Conan: The Magician of Starlight		Meitantei Conan: Hoshikage no Majutsushi
Detective File 1: Kindan no Ai	Bondage House	
Detonator Orgun	Detonator Orgun	
Detroit Metal City	Detroit Metal City: The Animated Series	DMC
Detroit Metal City: Birth of the Metal Devil	Detroit Metal City: Birth of the Metal Devil	
Deva Zan		
Devil May Cry	Devil May Cry	Devil May Cry: The Animated Series
Devil Survivor 2 The Animation	Devil Survivor 2 The Animation	DS2A
Devilman		Debiruman
Devilman Lady	The Devil Lady	
Devilman Memorial		
Devilman: Crybaby	Devilman: Crybaby	
Devilman: Crybaby - Digest Eizou		Devilman: Crybaby Recap
Devilman: Tanjou-hen	Devilman: The Birth	
Devilman: Yochou Sirene-hen	Devilman: The Demon Bird	
Devils Line		
Devour Dinner		
Di Gi Charat		DiGi Charat
Di Gi Charat Christmas Special		DiGi Charat Christmas Special
Di Gi Charat Natsuyasumi Special		DiGi Charat Natsuyasumi Special
Di Gi Charat Nyo		DiGi Charat Nyo
Di Gi Charat Ohanami Special		DiGi Charat Ohanami Special
Di Gi Charat Summer Special 2000		
Di Gi Charat Tsuyu Specials		Di Gi Charat Other Specials
Di Gi Charat: Hoshi no Tabi	Di Gi Charat Movie: A Trip To The Planet	Gekijouban Di Gi Charat: Hoshi no Tabi
Di Gi Charat: Kuchi Kara Bazooka		Upchuck Bazooka
Di Wang Gong Lue		Diwang Gonglue
Dia Horizon		
Dia Horizon (Kabu)		
Diabolik Lovers	Diabolik Lovers	DiaLover
Diabolik Lovers More	Blood	Blood
Diabolik Lovers OVA		
Diabolik Lovers Recap		Diabolik Lovers Soushuuhen Episode 6.5
Diabolus: Kikoku		
Diamond Fusion		IDOLiSH7: Diamon Fusion
Diamond no Ace	Ace of Diamond	Daiya no Ace
Diamond no Ace OVA		Daiya no Ace OVA
Diamond no Ace: Second Season	Ace of Diamond: Second Season	Daiya no Ace: Second Season
Diamond no Ace: Second Season OVA		
Diary	Diary	SCOOP
Dibetagurashi: Ahiru no Seikatsu		A Duck&#039;s Life
Dibetagurashi: Ahiru no Seikatsu - Ahiru no Sumu Shima		
Dies Irae	Dies irae	Day of Wrath
Dies Irae (ONA)	Dies irae	Day of Wrath
Dies Irae: Irasshai Zonnenji		Dies Irae Picture Drama
Dies Irae: Marie&#039;s Memory Michi ni Tsuuzu Kiseki		Dies Irae Tokubetsu Soushuuhen: Marie&#039;s Memory Michi ni Tsuuzu Kiseki
Dies Irae: Reimei	Dies irae: The Dawning Days	Day of Wrath
DigiGirl Pop!: Strawberry & Pop Mix Flavor		
Digimon Adventure	Digimon: Digital Monsters	Digimon Adventure 01
Digimon Adventure 02	Digimon Adventure 02	Digimon Adventure Zero Two
Digimon Adventure 02 Movies	Digimon: The Movie	
Digimon Adventure 02: Diablomon no Gyakushuu	Digimon Adventure 02: Revenge of Diaboromon	Digimon Adventure 02: Return of Diablomon
Digimon Adventure 3D: Digimon Grand Prix!		Digimon - Grand Prix - CG Toei Animation Festival
Digimon Adventure Movie	Digimon: The Movie	Digimon Adventure Movie
Digimon Adventure tri. 1: Saikai	Digimon Adventure tri. Reunion	Digimon tri. 1
Digimon Adventure tri. 2: Ketsui	Digimon Adventure tri. Determination	Digimon tri. 2
Digimon Adventure tri. 3: Kokuhaku	Digimon Adventure tri. Confession	Digimon tri. 3
Digimon Adventure tri. 4: Soushitsu	Digimon Adventure tri. Loss	Digimon tri. 4
Digimon Adventure tri. 5: Kyousei	Digimon Adventure tri. Coexistence	Digimon tri. 5
Digimon Adventure tri. 6: Bokura no Mirai		Digimon tri. 6
Digimon Adventure: Bokura no War Game!	Digimon: The Movie	Digimon: Our War Game!
Digimon Frontier	Digimon Frontier	Digimon Season Four
Digimon Frontier: Ornismon Fukkatsu!!	Digimon Frontier: Island of Lost Digimon	Digimon Frontier: Kodai Digimon Fukkatsu!!
Digimon Savers	Digimon Data Squad	
Digimon Savers 3D: Digital World Kiki Ippatsu!		Digimon Savers 3D: A Close Call for the Digital World
Digimon Savers the Movie: Kyuukyoku Power! Burst Mode Hatsudou!!		Digimon Savers the Movie: Ultimate Power! Activate Burst Mode!!
Digimon Savers: Agumon! Gaomon! Lalamon! Bakuretsu! Jougai Last Battle!		Digimon Savers Special: Agumon! Gaomon! Lalamon! Explosion! The Last Battle Off-screen
Digimon Tamers	Digimon Tamers	Digimon: Digital Monsters 03
Digimon Tamers: Boukensha-tachi no Tatakai	Digimon Tamers: Battle of Adventurers	Digimon Tamers: The Adventurers&#039; Battle
Digimon Tamers: Bousou Digimon Tokkyuu	Digimon Tamers: Runaway Locomon	Digimon Tamers: The Runaway Digimon Express
Digimon Universe: Appli Monsters	Digimon Universe	Appmon
Digimon X-Evolution		Digital Monster X-evolution
Digimon Xros Wars	Digimon Fusion	Digimon Cross Wars
Digimon Xros Wars: Aku no Death General to Nanatsu no Oukoku	Digimon Fusion	Digimon Crosswars
Digimon Xros Wars: Toki wo Kakeru Shounen Hunter-tachi	Digimon Fusion	Digimon Cross Wars
Digital Devil Story: Megami Tensei		Digital Devil Monogatari Megami Tensei
Digital Juice		KEIKAKU
Dimension Loop		Dimensional Loop
Dimension W	Dimension W	
Dimension W Special		
Dimension W: W no Tobira Online		
Din Dong		
DinoZone	DinoZaurs	Prehistoric Warriors
Direct Animation		
Dirty Pair	Dirty Pair	
Dirty Pair Flash	Dirty Pair Flash	Dirty Pair Flash OVA
Dirty Pair Flash 2	Dirty Pair Flash 2	Dirty Pair Flash 2 OVA
Dirty Pair Flash 3	Dirty Pair Flash 3	Dirty Pair Flash 3 OVA
Dirty Pair OVA		Original Dirty Pair
Dirty Pair no Ooshoubu: Nolandia no Nazo	Dirty Pair: Affair of Nolandia	Dirty Pair no Daishoubu: Nolandia no Nazo
Dirty Pair: Bouryaku no 005-bin	Original Dirty Pair: Flight 005 Conspiracy	
Dirty Pair: Lovely Angels yori Ai wo Komete	Dirty Pair: With Love From the Lovely Angels	
Dirty Pair: The Movie	Dirty Pair: Project Eden	
Discipline	Discipline: The Hentai Academy	Discipline: The Record of a Crusade
Discipline Zero		Discipline Rei
Discode: Ijou Seiai	Discode	
Disney Tsum Tsum	Disney Tsum Tsum	
Dive to Blue		Umi Monogatari: Dive to Blue
Dive!!	DIVE!!	
Divergence Eve		
Divergence Eve 2: Misaki Chronicles	Misaki Chronicle: Divergence Eve	
Divine Gate	Divine Gate	ディバゲ
Do S na Seitokaichou-sama ga M Note ni Shihai Saremashita.		
Doamaiger D	Doamayger-D	
Docchi mo Maid		Two Lovely Maid
Docchi ni Suru?	Your Choice!	
Dochamon Junior		
Dochamon Junior 2		
Dochinpira	The Gigolo: Dochinpira	
Doctor Chichibuyama		
Doctor Mambo & Kaitou Jibako: Uchuu yori Ai wo Komete!!		Doctor Mambo and Thief Jibako: From Space with Love
Document Taiyou no Kiba Dagram		Document Fang of the Sun Dagram
Dodani		
Dog Days		Dog Days
Dog Days Recap		
Dog Days&#039;		Dog Days 2
Dog Days&#039; Specials		
Dog Days&#039;&#039;		Dog Days 3
Dog Days&#039;&#039;: Gravure Talk		
Dog Days&#039;&#039;: Limone Resort Tenbou Onsen!		Dog Days 3 Special
Dog Soldier		Dog Soldier: Shadows of the Past
Dogs: Bullets & Carnage		DOGS
Dohyou no Oni-tachi		Dohyo no Oni Tachi
Dokaben		
Dokachin		
Dokgotak Dasi Chajeun Maundeu		Dokgo Tak 3 - Mound Which Was Taken Back
Dokgotak: Taeyang-eul Hyanghae Deonjyeola		Dokgo Tak: Throw to the Sun
Dokidoki Dream!!!		Irodorimidori
Dokidoki Gakuen Kessen!! Youki Daimashiro		
Dokidoki Little Ooyasan		
Dokidoki Oyako Lesson: Oshiete H na Obenkyou		Learning the Hard Way
Dokidoki! Precure	Glitter Force Doki Doki	Doki Doki! Precure
Dokidoki! Precure Movie: Mana Kekkon!!? Mirai ni Tsunagu Kibou no Dress		
Dokidoki♡Densetsu: Mahoujin Guruguru	Magical Circle Guru Guru 2	Mahoujin Guruguru II
Dokkaebi Bangmang-I		Dokkaebi Bangmangi
Dokkaebi Gamtu		Gamtu the Imp
Dokkan! Robotendon		
Dokkiri Doctor	Startling Doctor	Dr. Dokkiri
Dokkiri Doctor Special		Dokkiri Doctor: Maidens&#039; Secret Physical Examination!!
Dokonjou Gaeru		Frog With Guts!
Doku Tenshi no Shippo		Angels Tail Venomous Tails
Dokusen	Submission Central	Monopoly
Dokushin Apartment Dokudamisou		Single Appartment Dokudami-sou
Dolittle-sensei Monogatari	The Voyages of Doctor Dolittle	The Voyages of Dr. Dolittle
Doll Saaya		
Dolphin Ouji		Dorufin Ouji
Dominion		Dominion Tank Police
Domo TV		Domo-kun TV
Domo-kun		
Don Chuck Monogatari	Don Chuck Stories	
Don&#039;t Cry	Don&#039;t cry	Koukai
Don&#039;t You Wish You Were Here?		
Don: Gokudou Suikoden		
Donbe Monogatari		Donbe&#039;s Story
Donburi Kazoku	Like Mother Like Daughter	
Dondon Domeru to Ron	Wowser	Don-Don Domel to Ron
Dongguo Xiaojie		Dongguo Xiaojie: Karma
Donguri Mori e		
Donguri no Ie		Donguri House
Donguri to Yamaneko	Miyazawa Kenji Collection - The Acorns and the Wildcat	
Donguri to Yamaneko (1995)		
Donkikko		
Donna Donna		Minna no Uta
Donten ni Warau	Laughing Under the Clouds	Cloudy Laugh
Donten ni Warau Gaiden: Ketsubetsu	 Yamainu no Chikai	曇天に笑う<外伝> ～決別、犲の誓い～
Donten ni Warau Gaiden: Ouka	 Tenbou no Kakehashi	曇天に笑う<外伝>
Donten ni Warau Gaiden: Shukumei	 Soutou no Fuuma	曇天に笑う<外伝>
Donyatsu		
Donyatsu Specials		
Doolie Baenang-Yeohaeng		Doolie&#039;s Backpacking
Doraemon		Doraemon (1973)
Doraemon (1979)	Doraemon	
Doraemon (2005)		
Doraemon (2005) Specials		Doraemon Crayon Shin-chan Haru da! Eiga da! 3-Jikan Anime Matsuri 2
Doraemon Anniversary 25	Doraemon the Movie 25th Anniversary	
Doraemon Meets Hattori the Ninja		
Doraemon Movie 01: Nobita no Kyouryuu	Doraemon the Movie: Nobita&#039;s Dinosaur	Doraemon: Nobita no Kyoryuu
Doraemon Movie 02: Nobita no Uchuu Kaitakushi	Doraemon the Movie: The Records of Nobita	映画 ドラえもん のび太の宇宙開拓史
Doraemon Movie 03: Nobita no Daimakyou	Doraemon the Movie: Nobita and the Haunts of Evil	Doraemon: Nobita&#039;s Great Demon
Doraemon Movie 04: Nobita no Kaitei Kiganjou	Doraemon the Movie: Nobita and the Castle of the Undersea Devil	Doraemon: Nobita&#039;s Monstrous Underwater Castle
Doraemon Movie 05: Nobita no Makai Daibouken	Doraemon the Movie: Nobita&#039;s Great Adventure into the Underworld	Doraemon: Nobita&#039;s Great Adventure in the World of Magic
Doraemon Movie 06: Nobita no Little Star Wars	Doraemon the Movie: Nobita&#039;s Little Space War	Doraemon: Nobita no Uchuu Shou Sensou
Doraemon Movie 07: Nobita to Tetsujin Heidan	Doraemon the Movie: Nobita and the Steel Troops	Doraemon: Nobita and the Platoon of Iron Men
Doraemon Movie 08: Nobita to Ryuu no Kishi	Doraemon the Movie: Nobita and the Knights on Dinosaurs	Doraemon: Nobita and the Dragon Rider
Doraemon Movie 09: Nobita no Parallel Saiyuuki	Doraemon the Movie: The Record of Nobita&#039;s Parallel Visit to the West	Doraemon: Nobita&#039;s Version of Saiyuki
Doraemon Movie 10: Nobita no Nippon Tanjou	Doraemon the Movie: Nobita and the Birth of Japan	Doraemon: Nobita at the Birth of Japan
Doraemon Movie 11: Nobita to Animal Planet	Doraemon the Movie: Nobita and the Animal Planet	Doraemon: Nobita&#039;s Animal Planet
Doraemon Movie 12: Nobita no Dorabian Nights	Doraemon the Movie: Nobita&#039;s Dorabian Nights	Doraemon: Nobita in Dorabian Nights
Doraemon Movie 13: Nobita to Kumo no Oukoku	Doraemon the Movie: Nobita and the Kingdom of Clouds	
Doraemon Movie 14: Nobita to Buriki no Labyrinth	Doraemon the Movie: Nobita and the Tin Labyrinth	Doraemon: Nobita to Buriki no Meikyun
Doraemon Movie 15: Nobita to Mugen Sankenshi	Doraemon the Movie: Nobita&#039;s Three Visionary Swordsmen	Doraemon: Nobita&#039;s Fantastical Three Musketeers
Doraemon Movie 16: Nobita no Sousei Nikki	Doraemon the Movie: Nobita&#039;s Diary of the Creation of the World	Doraemon: Nobita&#039;s Genesis Diary
Doraemon Movie 17: Nobita to Ginga Express	Doraemon the Movie: Nobita and the Galaxy Super-express	Doraemon: Nobita to Ginga Choutokkyuu
Doraemon Movie 18: Nobita no Nejimaki City Boukenki	Doraemon the Movie: Nobita and the Spiral City	Doraemon: Nobita no Nejimaki Toshi Boukenki
Doraemon Movie 19: Nobita no Nankai Daibouken	Doraemon the Movie: Nobita&#039;s Great Adventure in the South Seas	Doraemon: Nobita&#039;s South Sea Adventure
Doraemon Movie 20: Nobita no Uchuu Hyouryuuki	Doraemon the Movie: Nobita Drifts in the Universe	Doraemon: Nobita Gets Lost in Space
Doraemon Movie 21: Nobita no Taiyou Ou Densetsu	Doraemon the Movie: Nobita&#039;s the Legend of the Sun King	Doraemon: Nobita and the Legend of the Sun King
Doraemon Movie 22: Nobita to Tsubasa no Yuusha-tachi	Doraemon the Movie: Nobita and the Winged Braves	Doraemon: Nobita&#039;s Winged Heroes
Doraemon Movie 23: Nobita to Robot Kingdom	Doraemon the Movie: Nobita in the Robot Kingdom	Doraemon: Nobita & Robot Kingdom
Doraemon Movie 24: Nobita to Fushigi Kaze Tsukai	Doraemon the Movie: Nobita and the Windmasters	Doraemon: Nobita and the Strange Wind Rider
Doraemon Movie 25: Nobita no Wan Nyan Jikuuden	Doraemon the Movie: Nobita in the Wan-Nyan Spacetime Odyssey	Doraemon: Nobita&#039;s Wannyan Space-Time Legend
Doraemon Movie 26: Nobita no Kyouryuu 2006	Doraemon the Movie: Nobita&#039;s Dinosaur 2006	
Doraemon Movie 27: Nobita no Shin Makai Daibouken - 7-nin no Mahoutsukai	Doraemon the Movie: Nobita&#039;s New Great Adventure into the Underworld	Nobita&#039;s New Adventure into the Magic Planet
Doraemon Movie 28: Nobita to Midori no Kyojin Den	Doraemon the Movie: Nobita and the Green Giant Legend	Doraemon the Future 2008
Doraemon Movie 29: Shin Nobita no Uchuu Kaitakushi	Doraemon the Movie: The Record of Nobita&#039;s Spaceblazer	Doraemon: The New Record of Nobita - Spaceblazer
Doraemon Movie 30: Nobita no Ningyo Daikaisen		Doraemon: Nobita&#039;s Great Mermaid Naval Battle
Doraemon Movie 31: Shin Nobita to Tetsujin Heidan - Habatake Tenshi-tachi		Doraemon: Nobita and the New Steel Troops - Angel Wings
Doraemon Movie 32: Nobita to Kiseki no Shima - Animal Adventure		Doraemon: Nobita and the Miracle Island - Animal Adventure
Doraemon Movie 33: Nobita no Himitsu Dougu Museum		Doraemon: Nobita no Himitsu Dougu Hakubutsukan
Doraemon Movie 34: Shin Nobita no Daimakyou - Peko to 5-nin no Tankentai	Doraemon the Movie: Nobita in the New Haunts of Evil -Peko and the Five Explorers-	Doraemon: New Nobita&#039;s Great Demon - Peko and the Exploration Party of Five
Doraemon Movie 35: Nobita no Space Heroes		Doraemon: Nobita no Uchuu Eiyuuki
Doraemon Movie 36: Shin Nobita no Nippon Tanjou	Doraemon the Movie: Nobita and the Birth of Japan 2016	
Doraemon Movie 37: Nobita no Nankyoku Kachikochi Daibouken	Doraemon the Movie 2017: Great Adventure in the Antarctic Kachi Kochi	
Doraemon Movie 38: Nobita no Takarajima	Doraemon the Movie 2018: Nobita&#039;s Treasure Island	
Doraemon Movie: Boku	 Momotarou no Nanna no Sa	映画 ドラえもん ぼく、桃太郎のなんなのさ
Doraemon and Itchy the Stray		The Country of Ichi
Doraemon: 2112-nen Doraemon Tanjou		Doraemon: 2112 - The Birth of Doraemon
Doraemon: Benkyou Heya no Tsuribori		The Fishing Pond in My Room
Doraemon: Doraemon Comes Back		Doraemon: Come Back Doraemon
Doraemon: Doraemon Comes Back (Movie)		Kaette Kita Doraemon
Doraemon: Featherplace		
Doraemon: Ganbare! Gian!!	Doraemon: Ganbare! Gian!!	
Doraemon: It&#039;s Autumn!		Aki da! Ichiban Doraemon Matsuri
Doraemon: It&#039;s New Year!		Oshougatsu da yo! Doraemon
Doraemon: It&#039;s Spring!		Haru da! Ichiban Doraemon Matsuri
Doraemon: It&#039;s Summer!		Natsu da! Ichiban Doraemon Matsuri
Doraemon: It&#039;s Winter!	Doraemon: It&#039;s Winter!	Fuyu da! Ichiban Doraemon Matsuri
Doraemon: Nobita to Mirai Note		
Doraemon: Nobita&#039;s the Night Before a Wedding		Doraemon: Nobita no Kekkon Zenya
Doraemon: Obaachan no Omoide	Doraemon: A Grandmother&#039;s Recollections	
Doraemon: The Day When I Was Born		Doraemon: Boku no Umareta Hi
Doraemon: Time Machine de Oshougatsu		Doraemon&#039;s Time Capsule for 2001
Doraemon: Treasure of the Shinugumi Mountain		
Dorami & Doraemons: Robot School&#039;s Seven Mysteries		Dorami & Doraemons: Robot Gakkou Nanafushigi
Dorami & Doraemons: Space Land&#039;s Critical Event		
Dorami-chan: A Blue Straw Hat		Dorami-chan: Aoi Straw Hat
Dorami-chan: Hello Kyouryuu Kids!!		Dorami-chan: Hello
Dorami-chan: Mini-Dora SOS!!!		
Dorami-chan: Wow	 The Kid Gang of Bandits	ドラミちゃん アララ・少年山賊団！
Dore Dore no Uta		
Dorei Ichiba	Slave Market	Slave Bazaar
Dorei Kaigo	Slave Nurses	
Dorei Maid Princess	Dorei Maid Princess	Slave Maid Princess
Dorei Usagi to Anthony The Animation		
Dorei-ku The Animation		Doreiku: Boku to Nijuusannin no Dorei
Dorimogu Daa!!	Mock & Sweet	Mock and Sweet
Doron Coron		DoronCoron
Dororo	Dororo	Dororo to Hyakkimaru
Dororo Pilot		Dororo (Pilot Film)
Dororo to Hyakkimaru	Dororo	Dororo and Hyakkimaru
Dororon Enma-kun		The Little Judge from Hell
Dororon Enma-kun Meeramera	Ghastly Prince Enma Burning Up	Dororon Enma-kun Me-ra Mera
Dororonpa!		
Dosukoi! Wanpaku Dohyou		
Dotanba no Manners		
Doteraman		
Dotto Koni-chan	.Koni-chan	
Double Circle		
Double Decker! Doug & Kirill		
Double Hard	Double Hard	
Double-J		Daburu Jei
Doubutsu Dai Yakyuu Sen		
Doubutsu Kankyou Kaigi		The Animal Conference on the Environment
Doubutsu Mura Monogatari		The Story of the Animal&#039;s Village
Doubutsu Mura no Daisodou	The Animal Village in Trouble	Dobutsu-mura no Daisodo
Doubutsu Mura no Kodomo-tachi		
Doubutsu Mura no Sports Day	Sports Day at Animal Village	Dobutsu-mura no Sports Day
Doubutsu Olympic Taikai	The Animal Olympics	Animal Olympic Games
Doubutsu Sumo Taikai	Animal Sumo	Dobutsu Sumo Taikai
Doubutsu Takarajima	Animal Treasure Island	
Doubutsu Tonarigumi	The Animal Neighborhood Community	Doubutsu Tonari-gumi
Doubutsu no Mori		Animal Crossing
Doudou		
Doujin Work	Dojin Work	
Doujouji	Dojoji Temple	Doujouji Temple
Doukyuusei (Movie)	Doukyusei -Classmates-	
Doukyuusei (OVA): Climax	Doukyuusei Climax	
Doukyuusei (OVA): Natsu no Owari ni	End of Summer	Dokyusei
Doukyuusei 2 (OVA)	End of Summer 2	Classmates 2
Doukyuusei 2 (OVA) Special: Sotsugyousei		Dokyusei 2 Special
Douluo Dalu		Combat Continent
Doupo Cangqiong		Fights Break Sphere
Doupo Cangqiong 2nd Season		Fights Break Sphere 2nd Season
Doupo Cangqiong Specials		Battle Through The Heavens Special
Doura		Dora
Doushitemo Eto ni Hairitai		I Really Want to Join the Zodiac
Dousou Kai	Yesterday Once More	Class Reunion: Yesterday Once More
Dousou Kai Again		Class Reunion Again
Doutei Kawaiya		Sweet Sweet Virgin
Douwa Mondai to Jinken: Anata wa Dou Kangaemasuka		
Down Load: Namu Amida Butsu wa Ai no Uta	Download: Devil&#039;s Circuit	Download: Song in Loving Homage to Amida Buddha
Downloader		Hatsune Miku: Downloader
Dr.		Namie Amuro: Dr.
Dr. Rin ni Kiitemite!		Ask Dr. Rin
Dr. Slump		Dr. Slump 2
Dr. Slump Movie 01: Arale-chan Hello! Fushigi Shima	Dr. Slump and Arale-chan: Hello! Wonder Island	Dr. Slump & Arale-chan Hello! Strange Island
Dr. Slump Movie 02: Hoyoyo! Uchuu Daibouken	Dr. Slump: Hoyoyo! Space Adventure	
Dr. Slump Movie 03: Arale-chan Hoyoyo! Sekai Isshuu Dai Race	Dr. Slump and Arale-chan: Hoyoyo	Dr.スランプ アラレちゃん ほよよ!世界一周大レース
Dr. Slump Movie 04: Arale-chan Hoyoyo! Nanaba Shiro no Hihou	Dr. Slump and Arale-chan: Hoyoyo! The Treasure of Nanaba Castle	Dr. Slump & Arale-chan HoYoYo! The Treasure of Nanaba Castle
Dr. Slump Movie 05: Arale-chan Hoyoyo! Yume no Miyako Mechapolis	Dr. Slump and Arale-chan: Hoyoyo! City of Dreams	Dr.スランプ アラレちゃん ほよよ!夢の都メカポリス
Dr. Slump Movie 06: Arale-chan N-cha! Penguin Mura wa Hare Nochi Hare	Dr. Slump and Arale-chan: N-cha! Clear Skies Over Penguin Village	Dr. Slump: Arale-chan - Ncha! Penguin Mura wa Hare Nochi Hare
Dr. Slump Movie 07: Arale-chan N-cha! Penguin Mura yori Ai wo Komete	Dr. Slump and Arale-chan: N-cha! From Penguin Village with Love	Dr. Slump and Arale-chan: N-cha! Love Comes From Penguin Village
Dr. Slump Movie 08: Arale-chan Hoyoyo!! Tasuketa Same ni Tsurerarete...	Dr. Slump and Arale-chan: Hoyoyo!! Follow the Rescued Shark...	
Dr. Slump Movie 09: Arale-chan N-cha!! Wakuwaku Hot no Natsuyasumi	Dr. Slump and Arale-chan: N-cha!! Excited Heart of Summer Vacation	Dr. Slump and Arale-chan: N-cha!! Trembling Heart of the Summer
Dr. Slump Movie 10: Arale no Bikkuriman	Doctor Slump: Arale&#039;s Surprise	Dr. Slump: Arale&#039;s Amazing-man
Dr. Slump Movie 11: Dr. Mashirito & Abale-chan	Dr. Slump: Dr. Mashirito and Abale-chan	Gekijouban Dr. Slump: Dr. Mashirito Abale-chan
Dr. Slump: Arale-chan		Dr. Slump & Arale-chan
Dr. Slump: Arale-chan &#039;92 Oshougatsu Special	Dr. Slump: New Year Doesn&#039;t Come	Dr. Slump: Arale-chan &#039;92 New Year Special
Dr. Slump: Arale-chan - Penguin Mura Eiyuu Densetsu	Dr. Slump: Hero Legend of Penguin Village	
Dr. Slump: Arale-chan - Penguin Mura no Shouboutai		Dr. Slump Arale-chan Penguin Village Fire Brigade
Dr. Slump: Arale-chan Ayaya!? Penguin Mura de TV Jack		
Dr. Slump: Arale-chan Specials		Dr. Slump: Penguin Village SOS
Dr. Slump: Arale-chan no Koutsuu Anzen		Dr. Slump: Arale-chan Traffic Education Film
Dr. Slump: Hoyoyo! Arale no Himitsu Dai Koukai dayo!!		
Dr. Slump: Robot Taiketsu! Shukuteki Dr. Mashirito Toujou / Keen de Yuushou!? Penguin Grand Prix		
Dr. Typhoon		Doc Typhoon
Dracula no Uta		Minna no Uta
Dragon Age: Blood Mage no Seisen	Dragon Age: Dawn of the Seeker	
Dragon Ball	Dragon Ball	Dragonball
Dragon Ball GT	Dragon Ball GT	Dragonball GT
Dragon Ball GT: Gokuu Gaiden! Yuuki no Akashi wa Suushinchuu	Dragon Ball GT: A Hero&#039;s Legacy	Dragon Ball GT: 100 Years After - TV Special
Dragon Ball Heroes		
Dragon Ball Kai	Dragon Ball Z Kai	Dragonball Kai
Dragon Ball Kai (2014)	Dragon Ball Z Kai: The Final Chapters	Dragonball Kai
Dragon Ball Kai: Mirai ni Heiwa wo! Goku no Tamashii yo Eien ni	Dragon Ball Z Kai: Bring Peace to the Future! Goku&#039;s Spirit is Eternal	Dragon Ball Kai Episode 98
Dragon Ball Movie 1: Shen Long no Densetsu	Dragon Ball Movie 1: Curse of the Blood Rubies	
Dragon Ball Movie 2: Majinjou no Nemuri Hime	Dragon Ball Movie 2: Sleeping Princess in Devil&#039;s Castle	
Dragon Ball Movie 3: Makafushigi Daibouken	Dragon Ball Movie 3: Mystical Adventure	
Dragon Ball Movie 4: Saikyou e no Michi	Dragon Ball Movie 4: The Path to Power	Dragon Ball 10th Anniversary Movie
Dragon Ball Specials	Dragon Ball Specials	Dragon Ball: Goku no Koutsuuanzen
Dragon Ball Super	Dragon Ball Super	Dragon Ball Chou
Dragon Ball Super Movie		
Dragon Ball Z	Dragon Ball Z	DBZ
Dragon Ball Z Movie 01: Ora no Gohan wo Kaese!!	Dragon Ball Z Movie 01: The Dead Zone	DBZ Movie 1
Dragon Ball Z Movie 02: Kono Yo de Ichiban Tsuyoi Yatsu	Dragon Ball Z Movie 02: The World&#039;s Strongest	Dragon Ball Z Movie 02: Konoyo de Ichiban Tsuyoi Yatsu
Dragon Ball Z Movie 03: Chikyuu Marugoto Choukessen	Dragon Ball Z Movie 03: The Tree of Might	Dragon Ball Z: Chikyuu Marugoto Chou Kessen
Dragon Ball Z Movie 04: Super Saiyajin da Son Gokuu	Dragon Ball Z Movie 04: Lord Slug	Dragon Ball Z Movie 04: Super Saiyajin da Son Gokuu
Dragon Ball Z Movie 05: Tobikkiri no Saikyou tai Saikyou	Dragon Ball Z Movie 05: Cooler&#039;s Revenge	Dragon Ball Z: The Strongest Rivals
Dragon Ball Z Movie 06: Gekitotsu!! 100-oku Power no Senshi-tachi	Dragon Ball Z Movie 06: The Return of Cooler	Dragon Ball Z: Clash!! 10 Billion Power Warriors
Dragon Ball Z Movie 07: Kyokugen Battle!! Sandai Super Saiyajin	Dragon Ball Z Movie 07: Super Android 13	Dragon Ball Z: Utmost Limits of Battle!! The Three Super Saiyajin
Dragon Ball Z Movie 08: Moetsukiro!! Nessen	 Ressen	Dragon Ball Z Movie 08: Broly - The Legendary Super Saiyan
Dragon Ball Z Movie 09: Ginga Girigiri!! Bucchigiri no Sugoi Yatsu	Dragon Ball Z Movie 09: Bojack Unbound	Dragon Ball Z: Super Guy in the Galaxy
Dragon Ball Z Movie 10: Kiken na Futari! Super Senshi wa Nemurenai	Dragon Ball Z Movie 10: Broly - Second Coming	Dragon Ball Z: Dangerous Rivals
Dragon Ball Z Movie 11: Super Senshi Gekiha!! Katsu no wa Ore da	Dragon Ball Z Movie 11: Bio-Broly	Dragon Ball Z: Attack Super Warrior
Dragon Ball Z Movie 12: Fukkatsu no Fusion!! Gokuu to Vegeta	Dragon Ball Z Movie 12: Fusion Reborn	Dragon Ball Z: Revival Fusion
Dragon Ball Z Movie 13: Ryuuken Bakuhatsu!! Goku ga Yaraneba Dare ga Yaru	Dragon Ball Z Movie 13: Wrath of the Dragon	Dragon Ball Z: Explosion of Dragon
Dragon Ball Z Movie 14: Kami to Kami	Dragon Ball Z: Battle of Gods	Dragon Ball Z 2013
Dragon Ball Z Movie 15: Fukkatsu no F	Dragon Ball Z: Resurrection &#039;F&#039;	Dragon Ball Z (2015)
Dragon Ball Z Special 1: Tatta Hitori no Saishuu Kessen	Dragon Ball Z Special 1: Bardock	DRAGON BALL Z スペシャル たったひとりの最終決戦~フリーザに挑んだZ戦士孫悟空の父~
Dragon Ball Z Special 2: Zetsubou e no Hankou!! Nokosareta Chousenshi - Gohan to Trunks	Dragon Ball Z Special 2: The History of Trunks	Dragon Ball Z: Resist Despair!! The Surviving Fighters - Gohan and Trunks
Dragon Ball Z: Atsumare! Gokuu World		Dragon Ball Z: Atsumare! Goku&#039;s World
Dragon Ball Z: Saiya-jin Zetsumetsu Keikaku		Dragon Ball Z Gaiden: Saiya-jin Zetsumetsu Keikaku
Dragon Ball Z: Summer Vacation Special		Kyokugen Batoru!! San Dai Sūpā Saiya-jin　Supesharu
Dragon Ball Z: The Real 4-D		
Dragon Ball Z: Zenbu Misemasu Toshi Wasure Dragon Ball Z!		Looking Back at it All: The Dragon Ball Z Year-End Show!
Dragon Ball: Episode of Bardock	Dragon Ball: Episode of Bardock	
Dragon Ball: Ossu! Kaettekita Son Gokuu to Nakama-tachi!!	Dragon Ball: Yo! The Return of Son-Goku and Friends!!	
Dragon Ball: Super Saiya-jin Zetsumetsu Keikaku		Dragon Ball Z: Plan to Eradicate Super Saiyans OVA Remake
Dragon Collection		
Dragon Crisis!		Dragon Crisis!
Dragon Drive	Dragon Drive	
Dragon Egg	Dragon Egg	
Dragon Fist		
Dragon Half		
Dragon Knight		
Dragon Knight 4	Dragon Knight: Wheel of Time	Dragon Knight 4-ever
Dragon Knight Gaiden		
Dragon League	Dragon League	
Dragon Nest: Throne of Elves	Dragon Nest: Throne of Elves	Dragon Nest Movie 2: Throne of Elves
Dragon Nest: Warriors&#039; Dawn	Dragon Nest: Warriors&#039; Dawn	Dragon Nest: Rise of the Black Dragon
Dragon Pink		Dragon Pink: Tale of Three Kitties
Dragon Quest Retsuden: Roto no Monshou	Dragon Quest - Emblem of Roto	
Dragon Quest X: Boukensha-tachi no Kiseki		Dragon Quest X: The Miracles of the Adventurers
Dragon Quest: Abel Yuusha Densetsu	Dragon Warrior	Dragon Quest: Legend of the Hero Abel
Dragon Quest: Dai no Daibouken		Dragon Quest: Dai&#039;s Great Adventure
Dragon Quest: Dai no Daibouken (1991)	Dragon Quest: Great Adventure of Dai	Dragon Quest Dai no Daiboken
Dragon Quest: Dai no Daibouken Buchiyabure!! Shinsei 6 Daishougun	Dragon Quest Great Adventure of Dai! Destroy!! The Reborn 6 Commanders	Dragon Quest: Dai no Daibouken Buchiya Gare!! Shinsei 6 Daishougun
Dragon Quest: Dai no Daibouken Tachiagare!! Aban no Shito	Dragon Quest Great Adventure of Dai! Disciple of Aban.	Dragon Quest: Dai no Daiboken Tachiagare! Aban no Shito
Dragon Rider	Dragon Rider	
Dragon Slayer Eiyuu Densetsu: Ouji no Tabidachi		
Dragon&#039;s Heaven	Dragon&#039;s Heaven	
DragonBlade	DragonBlade: The Legend of Lang	
Dragonaut: The Resonance	Dragonaut - The Resonance	
Dragonaut: The Resonance - Kotou - Tozasareta Kyousoo		Dragonaut: The Resonance OVA
Dragoon	Dragoon	Ryuki Denshou
Dream C Club Pure Songs Clips		
Dream Creator feat. GUMI		
Dream Festival!	Dream Festival!	
Dream Festival! R		Dream-Fes! R
Dream Hazard: Akuma no Program	Dream Hazard	
Dream Hunter Rem		
Dreaming Pupa: Yumemiru Bokura		
Dreams		
Drifters	Drifters	Drifters: Battle in a Brand-new World War
Drifters (OVA)	Drifters	Drifters: Battle in a Brand-new World War
Drifters (OVA): Kokuou-sama Goranshin		Drifters: The Black King Show
Drifters: Kokuou-sama Goranshin		Drifters: The Black King Show
Drifters: Special Edition		Drifters OVA
Drill		
Drive Agent Personal: Shiawase wo Mamoru Mono		Tokio Marine Nichido Fire Insurance Company
Drive Car		
Dropout		
Druaga no Tou: The Aegis of Uruk	Tower of Druaga: The Aegis of Uruk	Druaga no Tou: The Aegis of Uruk
Druaga no Tou: The Aegis of Uruk - Jil no Bouken	Tower of Druaga: The Aegis of Uruk - Jil&#039;s Adventure	Tower of Druaga: The Aegis of Uruk Alternate First Episode
Druaga no Tou: The Sword of Uruk	Tower of Druaga: The Sword of Uruk	
Dual Parallel! Trouble Adventures	Dual! Parallel Trouble Adventure	Dual! Parare Runrun Monogatari
Dual Parallel! Trouble Adventures Special		Dual! Parallel Trouble Adventures Special
Duan Nao	Die Now	Cerebrum
Duan Nao 2	Die Now 2	Cerebrum 2
Duel Masters		Duel Masters 2.0
Duel Masters (2017)		
Duel Masters Charge		
Duel Masters Cross		
Duel Masters Cross Shock		
Duel Masters Movie 1: Yami no Shiro no Maryuuou		Gekijouban Duel Masters: Yami no Shiro no Maryuuou [Curse of the Deathphoenix]
Duel Masters Movie 2: Lunatic God Saga		Gekijouban Duel Masters Lunatic God Saga
Duel Masters Movie 3: Honoo no Kizuna XX		Gekijouban Duel Masters: Honoo no Kizuna XX
Duel Masters VS		Duel Masters Versus
Duel Masters VSR		Duel Masters Versus Revolution
Duel Masters VSRF	Duel Masters Versus Revolution Final	
Duel Masters Victory		
Duel Masters Victory V		
Duel Masters Victory V3	Duel Masters Victory V3	
Duel Masters Zero		
Duel Masters!		
Duel Masters: Hamukatsu to Dogiragon no Curry-pan Daibouken		
Dungeon Meshi: Senshi no Kantan Cooking!		Delicious in Dungeon
Dungeon ni Deai wo Motomeru no wa Machigatteiru Darou ka	Is It Wrong to Try to Pick Up Girls in a Dungeon?	DanMachi
Dungeon ni Deai wo Motomeru no wa Machigatteiru Darou ka 2nd Season		DanMachi 2nd Season
Dungeon ni Deai wo Motomeru no wa Machigatteiru Darou ka Gaiden: Sword Oratoria	Sword Oratoria: Is it Wrong to Try to Pick Up Girls in a Dungeon? On the Side	Danmachi Sword Oratoria
Dungeon ni Deai wo Motomeru no wa Machigatteiru Darou ka Movie: Orion no Ya		DanMachi
Dungeon ni Deai wo Motomeru no wa Machigatteiru Darou ka OVA	Is It Wrong to Try to Pick Up Girls in a Dungeon? OVA	DanMachi OVA
Durarara!!	Durarara!!	Dhurarara!!
Durarara!! Specials	Durarara!! Specials	Durarara!! Episode 12.5
Durarara!!x2 Ketsu	Durarara!! x2 Ketsu	Durarara!!x2 Ketsu
Durarara!!x2 Ketsu: Dufufufu!!	Durarara!! x2 Ketsu: Dufufufu!!	Durarara!!x2 Ketsu OVA
Durarara!!x2 Shou	Durarara!! x2 Shou	Durarara!! 2nd Season
Durarara!!x2 Shou: Watashi no Kokoro wa Nabe Moyou	Durarara!! x2 Shou: My Heart Is in the Pattern of a Hot Pot	Durarara!!x2 Shou OVA
Durarara!!x2 Ten	Durarara!! x2 Ten	Durarara!!x2 Ten
Durarara!!x2 Ten: Onoroke Chakapoko		Durarara!!x2 Ten OVA
DušaN		Saténové ruky - DušaN
Dwaejiui Wang		The King of the Pigs
Dynamic Chord	Dynamic Chord	
Dynamic Super Robots Soushingekki		Neo Getter Robo vs. Shin Getter Robo Specials
Dyogrammaton	Dyogrammaton	
