H. P. Lovecraft&#039;s The Dunwich Horror and Other Stories		H.P. Lovecraft no Dunwich Horror Sonota no Monogatari
H2		
H2O: Footprints in the Sand	H2O: Footprints in the Sand	
HHH Triple Ecchi		
HORIZON feat. Hatsune Miku		
Haai Step Jun		Hai Step Jun
Hachigatsu Kokonoka Nagasaki		8 Tsuki 9 Nichi Nagasaki
Hachigatsu no Cinderella Nine		
Hachikadzuki-hime		
Hachiko↑Dance	Hachiko↑Dance	Yanakiku
Hachimitsu to Clover	Honey and Clover	HachiKuro
Hachimitsu to Clover II	Honey and Clover II	Honey and Clover 2
Hachimitsu to Clover Specials	Honey and Clover Specials	Honey & Clover Specials
Hacka Doll	Hacka Doll	Hacker Doll
Hacka Doll The Animation	Hackadoll The Animation	Hacker Doll The Animation
Hadakya no Otonosama		
Hadashi Neko		
Hadashi no Gen	Barefoot Gen	Gen of Hiroshima
Hadashi no Gen 2	Barefoot Gen 2	
Haedori Daemoheom		Adventure Of Haedol
Hagane Orchestra	Hagane Orchestra	
Hage		
Hagure Yuusha no Aesthetica	Aesthetica of a Rogue Hero	Hagure Yuusha no Estetica
Hagure Yuusha no Aesthetica: Hajirai Ippai	Aesthetica of a Rogue Hero Specials	Hagure Yuusha no Estetica Specials
Haguregumo		Wandering Clouds
Haha Sange	Step MILF	
Haha Uzura		
Haha no Supporter	Mother&#039;s Supporter	
Haha wo Tazunete Sanzenri		Sekai Meisaku Gekijou
Haha wo Tazunete Sanzenri (Movie)		From the Apennines to the Andes: The Movie
Haha wo Tazunete Sanzenri (Special)		
Haha wo Tazunete Sanzenri Specials		Sekai Meisaku Gekijou Kanketsu Ban: Haha wo Tazunete Sanzenri
Hai to Gensou no Grimgar	Grimgar: Ashes and Illusions	Grimgal of Ashes and Fantasies
Hai to Gensou no Grimgar Special	Grimgar: Ashes and Illusions Special	Grimgar of Fantasy and Ash Special
Hai! Akko Desu		Hi! I&#039;m Akko
Haibane Renmei	Haibane Renmei	Charcoal Feather Federation
Haikara-san ga Tooru	Smart-san	Here Comes Ms. Modern
Haikara-san ga Tooru Movie 1: Benio	 Hana no 17-sai	劇場版 はいからさんが通る 前編 ～紅緒、花の17歳～
Haikara-san ga Tooru Movie 2: Tokyo Dai Roman		Gekijou Haikara-san ga Tooru
Haikyuu!!	Haikyu!!	High Kyuu!!
Haikyuu!! Movie 1: Owari to Hajimari		High Kyuu!! Movie 1
Haikyuu!! Movie 2: Shousha to Haisha		High Kyuu!! Movie 2
Haikyuu!! Movie 3: Sainou to Sense		High Kyuu!! Movie 3
Haikyuu!! Movie 4: Concept no Tatakai		High Kyuu!! Movie 4: Haikyuu!! Movie 4: Battle of Concepts
Haikyuu!! Quest Picture Drama		Haikyuu!! Quest Drama DVD
Haikyuu!! Second Season	Haikyu!! 2nd Season	Haikyuu!! Second Season
Haikyuu!!: Karasuno Koukou VS Shiratorizawa Gakuen Koukou	Haikyu!! 3rd Season	Haikyuu!! Third Season
Haikyuu!!: Lev Genzan!		Haikyuu!!: Jump Festa 2014 Special
Haikyuu!!: Tokushuu! Haru-kou Volley ni Kaketa Seishun		Haikyuu!!: Karasuno Koukou VS Shiratorizawa Gakuen Koukou OVA
Haikyuu!!: vs Akaten		Haikyuu!! Jump Festa 2015 Special
Haitai Nanafa		Haitai Nana Fa
Haitai Nanafa 2nd Season		Haitai Nana Fa 2
Haitoku no Shoujo	Family of Debauchery	Immoral Girls
Haitokuzuma	Insatiable	Immoral Wife
Haiyore! Nyaruko-san	Nyaruko: Crawling With Love!	Nyarko-san: Another Crawling Chaos
Haiyore! Nyaruko-san F		
Haiyore! Nyaruko-san W	Nyaruko: Crawling With Love! Second Season	Haiyore! Nyaruko-san 2
Haiyore! Nyaruko-san W OVA		
Haiyore! Nyaruko-san: Yasashii Teki no Shitome-kata		Haiyore! Nyaruko-san OVA
Haiyoru! Nyaruani	Haiyoru! Nyaruani	Haiyore! Nyaruko-san
Haiyoru! Nyaruani: Remember My Love(craft-sensei)	Haiyoru! Nyaruani: Remember My Mr. Lovecraft	Haiyore! Nyaruko-san
Haiyoru! Nyaruani: Remember My Love(craft-sensei) Special	Haiyoru! Nyaruani: Remember My Mr. Lovecraft	Haiyoru! Nyaruani: Remember My Love(craft-sensei) Episode 12
Haja Kyosei G Dangaiou		Great Dangaioh
Haja Taisei Dangaiou	Great Planet Evil-Destroyer Dangaio	Dangaioh
Hajimari no Boukensha-tachi: Legend of Crystania	Legend of Crystania: The Motion Picture	Hajimaru no Bokensha-tachi Crystania no Densetsu
Hajime Ningen Gon		Gon
Hajime Ningen Gyatoruz		First Human Gatorus
Hajime ni Oboeru Koutsuu Anzen		
Hajime no Ippo	Fighting Spirit	The First Step
Hajime no Ippo: Boxer no Kobushi	Fighting Spirit Special	Hajime no Ippo Episode 76
Hajime no Ippo: Champion Road	Fighting Spirit: Champion Road	The First Step - Champion Road
Hajime no Ippo: Mashiba vs. Kimura		Fighting Spirit: Mashiba vs. Kimura
Hajime no Ippo: New Challenger	Fighting Spirit: New Challenger	Hajime no Ippo New Series
Hajime no Ippo: Rising	Hajime No Ippo: The Fighting!	Fighting Spirit: Rising
Hajimete no Christmas		
Hajimete no Eigo: Nippon Mukashibanashi	Japanese Classical Stories	Folktales
Hajimete no Eigo: Sekai Meisaku Douwa	Bedtime Stories	Folktales
Hajimete no Gal	My First Girlfriend is a Gal	Hajimete no Gyaru
Hajimete no Gal OVA		Hajimete no Gyaru
Hakaba Kitarou	Graveyard Kitaro	
Hakaima Sadamitsu	Sadamitsu the Destroyer	
Hakata Tonkotsu Ramens	Hakata Tonkotsu Ramens	
Hakimono to Kasa no Monogatari		Minna no Uta
Hakken Taiken Daisuki! Shimajirou		
Hakkenden: Touhou Hakken Ibun	Hakkenden -Eight Dogs of the East-	Hakkenden: Touhou Hakken Ibun
Hakkenden: Touhou Hakken Ibun 2nd Season	Hakkenden -Eight Dogs of the East- Season 2	
Hakkiri Kotowarou: Yuukai Sare Nai zo!		
Hakodate Musical	Hakodate Musical Opening Video	
Hakoiri Shoujo: Virgin Territory		
Hakubo	Twilight	
Hakubutsushi	Natural History	
Hakuchuu Meikyuu		Hakuchu Meikyu
Hakugei Densetsu	Hakugei: Legend of the Moby Dick	Hakugei: Legend of the Moby Dick
Hakujaden	The Great White Snake	The White Snake Enchantress
Hakumei to Mikochi	Hakumei and Mikochi	Tiny Little Life in the Woods
Hakumei to Mikochi: Neji to Bed to Irori to Bakuchi		Hakumei and Mikochi: Screws
Hakuouki	Hakuoki ~Demon of the Fleeting Blossom~	Hakuoki
Hakuouki Hekketsuroku	Hakuoki ~Demon of the Fleeting Blossom~ Record of the Jade Blood	Hakuouki 2
Hakuouki Hekketsuroku Episode 0		Hakuouki Recap
Hakuouki Movie 1: Kyoto Ranbu	Hakuoki ~Demon of the Fleeting Blossom~ Wild Dance of Kyoto	Hakuoki Movie 1
Hakuouki Movie 2: Shikon Soukyuu	Hakuoki ~Demon of the Fleeting Blossom~ Warrior Spirit of the Blue Sky	Hakuoki Movie 2
Hakuouki OVA		Hakuoki OVA
Hakuouki Reimeiroku	Hakuoki ~Demon of the Fleeting Blossom~ Dawn of the Shinsengumi	Hakuouki 3
Hakuouki Reimeiroku Tokuten Disc		
Hakuouki Sekkaroku	Hakuoki ~Demon of the Fleeting Blossom~ A Memory of Snow Flowers	Hakuouki Hekketsuroku OVA
Hakuouki Shinkai: Kaze no Shou		
Hakuouki: Otogisoushi		
Hakuouki: Otogisoushi - Special		Hakuouki: Otogisoushi ep 11.5
Hakusai Anime		Shirona
Hakusai Anime Bangai-hen		Hakusai Anime Special
Hakushaku to Yousei	Earl and Fairy	Hakushaku to Yosei
Hakushaku to Yousei Specials		Earl and Fairy DVD Extra
Hakushon Daimaou	Bob in the Bottle	The Genie Family
Hakyuu Houshin Engi	Hakyu Hoshin Engi	Soul Hunter
Hakyuu Houshin Engi Recap	Hakyu Hoshin Engi Recap	Soul Hunter Recap
Hal	Hal	Haru
Hal & Bons		Hal and Bons
Hal no Fue	Hal&#039;s Flute	
Halfway	Halfway	Rayons
Halo Legends	Halo Legends	Halo Anime
Halved	Halved feat Chip King(The Body)	VMO
Hamaneko	Hamaneko	
Hamatora The Animation	Hamatora The Animation	
Hamatora The Animation: Saishuukai Chokuzen! Mao ga Okuru		Hamatora The Animation Recap
Hamburger no Tsukurikata		Minna no Uta
Hamelin no Violin Hiki	Violinist of Hamelin	Violinist of Hameln (1997)
Hamelin no Violin Hiki: The Movie		Violinist of Hameln
Hametsu no Mars	Mars of Destruction	
Hamidashi CoroCoro		Hami Coro
Hamster Club		
Hamster Sam		
Hamuko Mairu!		
Hana	Flower	
Hana (Music)		Minna no Uta
Hana Dorei		Pretty Slave
Hana Ichi Monme		Minna no Uta
Hana Ichi Monme (OVA)		Hana Ichi Mon Me
Hana Saki Yama		
Hana no Asukagumi! 2: Lonely Cats Battle Royale		
Hana no Hanashi	Nose Tale	
Hana no Hi	Day of Nose	
Hana no Joshi Announcer: Newscaster Etsuko	Foxy Nudes	Hana no Joshi Ana: Newscaster Etsuko
Hana no Kage	Shadow of the Cherry Blossoms	
Hana no Kakarichou		The Happy Section Chief
Hana no Ko Lunlun	Flower Angel	Hana no Ko Runrun
Hana no Ko Lunlun: Konnichiwa Sakura no Kuni		Hana no Ko Lunlun Movie
Hana no Mahoutsukai Mary Bell		Floral Magician Mary Bell
Hana no Mahoutsukai Mary Bell: Phoenix no Kagi		Floral Magician Mary Bell: The Phoenix Key
Hana no Zundamaru		
Hana no Zundamaru: Junk		
Hana to Alice: Satsujin Jiken	The Case of Hana & Alice	Hana & Alice: The Murder Case
Hana to Chou		The Flower and the Butterfly
Hana to Hebi The Animation	Flower & Snake The Animation	Hana to Hebi
Hana to Mogura		The Flower and the Mole
Hana to Shounen	The Flower and the Phoenix	
Hana wa Saku	Flowers Will Bloom	Hana ha Saku
Hana wa Saku: Touhoku ni Saku	Flowers Will Bloom In Tohoku	Hana wa Saku: Tohoku ni Saku
Hana yori Dango	Hana Yori Dango	HYD
Hana yori Dango (Movie)	Hana Yori Dango The Movie	Hana yori Dango (1997)
Hanabeam		
Hanabi		Fireworks
Hanabira		
Hanada Shounen-shi		Hanada Shonen-Shi
Hanakappa		Hana Kappa
Hanakappa Movie: Hana-sake! Pakkaan Chou no Kuni no Daibouken		Eiga Hanakappa: Hanasake! Pakka~n♪ Chou no Kuni no Daibouken
Hanakappa no Koutsuu Anzen: Cake wo Momomete Migi	 Hidari	
Hanamaru Koutsuu Anzen		
Hanamaru Youchien	Hanamaru Kindergarten	
Hanamaru Youchien Special Preview		
Hanamaru Youchien: Panda Neko Taisou		Pandaneko Gymnastic
Hanamonogatari	Hanamonogatari	Monogatari Series: Second Season +α
Hanaori	The Breaking of Branches is Forbidden	Hana-ori
Hanappe Bazooka	Hanappe Bazooka	
Hanare Toride no Yonna	Yonna in the Solitary Fortress	
Hanasaka Jiisan	The Blossom Man	Hanasaka Jii-san
Hanasaka Jijii		Old Man Hanasaka
Hanasaka Tenshi Tenten-kun		Flower Angel Ten-Ten
Hanasakeru Seishounen		Hanasakeru Seishonen
Hanasakeru Seishounen Recaps		Hanasakeru Seishonen Specials
Hanasaku Iroha	Hanasaku Iroha: Blossoms for Tomorrow	
Hanasaku Iroha: Home Sweet Home	Hanasaku Iroha the Movie: Home Sweet Home	
Hanasu na★		Mode Gakuen 2018
Hanaukyou Maid-tai		Hanaukyou Maids
Hanaukyou Maid-tai OVA		Hanaukyo Maids
Hanaukyou Maid-tai: La Verite	Hanaukyo Maid Team: La Verite	Hanaukyo Maid Team: La Verite
Hanawa Hekonai Kappa Matsuri		
Hanayaka Nari	 Waga Ichizoku: Kinetograph	華ヤカ哉
Hanayamata	Hanayamata	
Hanbun no Tsuki ga Noboru Sora	Looking Up At The Half-Moon	Hantsuki
Hand Maid Mai		
Hand Maid May		
Hand Maid May Special		Hand Maid May: Akiramemasen
Hand Shakers	Hand Shakers	
Hand Shakers: Go ago Go		Hand Shakers Episode 13
Hand Soap		
Handa-kun	Handa-kun	
Handle With Care..		
Handsome Girl	Handsome Girl	Handsome na Kanojo
Hane		
Hane (2016)		Koshi Inaba
Hanebado!		The Badminton play of Ayano Hanesaki!
Hangyakusei Million Arthur		Han-Gyaku-Sei Million Arthur
Hangyodon no 007/2: Doctor Sunday Arawaru no Maki		
Hangyodon no Hadaka no Ou-sama	Hangyodon in the Emperor&#039;s New Clothes	Hello Kitty&#039;s Animation Theater 4b
Hangyodon no Parallel Daisakusen: Hana no Oedo wa Oosawagi		
Hangyodon no Parallel Daisakusen: Kyouryuu Oukoku wa Oosawagi		
Hangyodon no Parallel Daisakusen: Mirai Sekai wa Oosawagi		
Hanitarou Desu.		
Hanoka		
Hanoka Recap		Hanoka Episode 7.5
Hanshin Awaji Daishinsai ni Manabu: Boku wa	 Ano Hi wo Wasurenai.	阪神淡路大震災に学ぶ 僕は、あの日を忘れない。
Hantsu x Trash	Sexy and Stupid Water Polo Comedy!!	Hantsu x Torasshu
Haou Daikei Ryuu Knight: Adeu Legend Final	Lord of Lords Ryu Knight: Adeu&#039;s Legend Final	Haou Taikei Ryu Knight: Adeu Legend Final - Onsen Dungeon no Kettou
Haou Daikei Ryuu Knight: Adeu Legend II	Lord of Lords Ryu Knight: Adeu&#039;s Legend II	Adeus Legend OVA II
Haou Taikei Ryuu Knight	Lord of Lords Ryu Knight	Haou Daikei Ryuu Knight
Haou Taikei Ryuu Knight: Adeu Legend	Lord of Lords Ryu Knight: Adeu&#039;s Legend	Lord of Lords Adeu&#039;s Legend OVA
Happening Star ☆		
Happiness Charge PreCure! Movie: Ningyou no Kuni no Ballerina		
Happiness Charge Precure!		HappinessCharge Precure!
Happiness!	Happiness!	
Happiness!: Watarase Jun no Kareinaru Ichinichi		
Happy Birthday: Inochi Kagayaku Toki	Re-Birthday	
Happy Bogeys		
Happy ComeCome		Wakate Animator Ikusei Project
Happy Day		Seoul Bijin Kisha: Aiyoku Insider
Happy Forest		
Happy Happy Clover		Happy Clover
Happy Happy Party!	Happy Happy Party!	Poppin&#039; Party
Happy Hour		
Happy Jozy		Happy George
Happy Kappy		Happy Kappi
Happy Kappy Recap		Happy Kappy Episode 19.5
Happy Party Train		Love Live! Sunshine!!: Happy Party Train
Happy Pasta Story	Happy Pasta Story	Happy Carbonara Story
Happy Seven: The TV Manga		Happy 7
Happy Seven: The TV Manga - Chibi Chara Moshimo Gekijou		Happy Seven Chibi Character Theatre
Happy Sugar Life		White Sugar Garden
Happy Weekend		Minna no Uta
Happy World!		
Happyakuyachou Hyouri Kewaishi		808 Chou hyouri no Kewaishi
Happy☆Lesson		Happy Lesson OVA
Happy☆Lesson (TV)		Happy Lesson
Happy☆Lesson: Advance		Happy Lesson: Advance
Happy☆Lesson: Hoka Hoka★Kanna to Futari Kiri		Happy☆Lesson Episode 11.5 Nice and Warm! All Alone with Kanna
Happy☆Lesson: The Final		Happy Lesson: The Final
Happy☆Lucky Bikkuriman		
Happy☆Twinkle		Jewelpet Twinkle☆ Fan Disc F
Haramasete Seiryuu-kun!		
Harbor Light Monogatari: Fashion Lala yori		Fashion Lala: The Story of the Harbor Light
Harbor Tale	Harbor Tale: a red brick	
Hare Tokidoki Buta	Fair	はれときどきぶた (1988)
Hare Tokidoki Buta (TV)	Tokyo Pig	
Hareluya II Boy	Hareluya II Boy	Hallelujah Boy
Harem Time The Animation		
Harenchi Koumon Manyuuki		
Harinezumi	Harinezumi	
Harisu no Kaze		Harisu no Senpou
Harley Spiny		
Harmonie		Wakate Animator Ikusei Project
Harmony	Harmony	Project Itoh
Haru no Ashioto The Movie: Ourin Dakkan		Recapture Ourin Gakuen
Haru no Shikumi	The Mechanism of Spring	
Haru no Uta	Spring Song	
Haru wa Kuru		Spring is Coming
Haru wo Daite Ita	Embracing Love	Haru wo Daiteita
HaruChika: Haruta to Chika wa Seishun suru	Haruchika: Haruta & Chika	
Harukana Receive		
Harukanaru Toki no Naka de 2: Shiroki Ryuu no Miko		In a Distant Time OVA 2
Harukanaru Toki no Naka de 3: Kurenai no Tsuki		In a Distant Time 3: Crimson Moon
Harukanaru Toki no Naka de 3: Kurenai no Tsuki Special		Ryuujin Onsen Batsu Game no Maki
Harukanaru Toki no Naka de 3: Owarinaki Unmei		In a Distant Time 3: Neverending Destiny
Harukanaru Toki no Naka de: Ajisai Yumegatari		In a Distant Time OVA
Harukanaru Toki no Naka de: Hachiyou Shou	Haruka: Beyond the Stream of Time – A Tale of the Eight Guardians	HaruToki
Harukanaru Toki no Naka de: Hachiyou Shou OVA		Destination of the Heart
Harukanaru Toki no Naka de: Hachiyou Shou Recap		Haruka Naru Toki no Naka de: Hachiyou Shou Recap
Harukanaru Toki no Naka de: Hachiyou Shou Specials		Harukanaru Toki no Naka de: Character Endings
Harukanaru Toki no Naka de: Maihitoyo		Gekijouban Haruka Naru Toki no Naka de: Maihitoyo
Haruko no Bouken	Haruko Adventure	
Harukoi Otome		
Harumi-chan no Oita		Harumi&#039;s Bad Play
Haruniwa Ie no 3 Nin-me		Haruba-Ke no Sanninme
Haruwo		
Hasami Togi		Minna no Uta
Hashi no Mukou		Over The Edge
Hashi no Ue no Ookami		
Hashire John		Hashire Jon
Hashire Melos	Run	走れメロス
Hashire Melos (1981)	Run Melos	
Hashire Melos (Movie)	Run Melos!	Run Melos! (1992)
Hashire!	RUN!	
Hashire! Osomatsu-san		JRA x Osomatsu-san
Hashire! Shiroi Ookami	White Fang	Run! White Wolf
Hashiri Hajimeta bakari no Kimi ni		BanG Dream!
Hasu no Yousei: Bonyo Bonyo		
Hatara Kids Mai Ham Gumi	Master Hamsters	Hatarakids Maiham Gumi
Hataraki Man		Working Man
Hataraku Maou-sama!	The Devil is a Part-Timer!	Hataraku Maou-sama!
Hataraku Onii-san!	Working Buddies!	
Hataraku Onii-san! No 2!	Working Buddies! No 2!	
Hataraku Otona no Renai Jijou The Animation		
Hataraku Saibou	Cells at Work!	
Hataraku Saibou (TV)		Cells At Work
Hate You		2NE1: Hate You
Hatena☆Illusion		
Hatenkou Yuugi	Hatenkou Yugi	Hatenkou Yugi
Hato no Oyome-san		Yuruani
Hato yo: Hiroshima no Sora wo		
Hatoya	Hatoya	The Honest Woodcutter
Hatsu Inu 2 The Animation: Strange Kind of Woman - Again		
Hatsu Inu The Animation		Hatsuinu The Animation
Hatsukoi		
Hatsukoi Limited.	Hatsukoi Limited	Hatsukoi Gentei.
Hatsukoi Limited.: Gentei Shoujo	Hatsukoi Limited Shorts	Hatsukoi Limited. Specials
Hatsukoi Monster	First Love Monster	
Hatsukoi Monster OVA		
Hatsumei Boy Kanipan		Inventor Boy Kanipan
Hatsune Miku x Tetsuya Nomura		
Hatsune Miku: Hiyashite Narasou Okashi no Ii Oto		Hatsune Miku: Glico Pocky Commercial
Haunted Junction		
Hawaiian Rock&#039;n Roll		Minna no Uta
Hayabusa: Back to the Earth		
Hayabusa: Back to the Earth - Kikan		
Hayan Ma-eum Baeggu		Baeku
Hayashi-fusai	Hayashi-fusai	
Hayate no Gotoku!	Hayate the Combat Butler	Hayate no Gotoku!
Hayate no Gotoku! Can&#039;t Take My Eyes Off You	Hayate the Combat Butler: Can&#039;t Take My Eyes Off You	Hayate no Gotoku (2012)
Hayate no Gotoku! Cuties	Hayate the Combat Butler! Cuties	Hayate no Gotoku! (2013)
Hayate no Gotoku! Heaven Is a Place on Earth	Hayate the Combat Butler! Movie	Hayate no Gotoku! (2011)
Hayate no Gotoku! OVA		Hayate the Combat Butler OVA
Hayate no Gotoku!!	Hayate the Combat Butler!!	Hayate the Combat Butler Season 2
Hayate no Gotoku!!: Atsu ga Natsuize - Mizugi-hen!		Hayate the Combat Butler!! Episode 0
Hayou no Tsurugi: Shikkoku no Mashou		Hayo no Ken
Hazedon	Chief Joker	
Head Spoon		
Heart Beat		Irodorimidori
Heart Cocktail		
Heart Cocktail Again		
Heart Realize		Noragami ED
Heart no Kuni no Alice: Wonderful Wonder World		Gekijouban Heart no Kuni no Alice: Wonderful Wonder World
Heartcatch Precure!		Heartcatch Pretty Cure!
Heartcatch Precure! Movie: Hana no Miyako de Fashion Show... Desu ka!?		Heartcatch Precure! Hana no To de Fashion Show... desuka!?
Heartful Maman The Animation		
Heartwork: Symphony of Destruction	Heartwork: Love Guns	
HeatGuy J	HeatGuy J	Habitat Ground Jewdo
HeatGuy J Special	HeatGuy J Special	HeatGuy J: Captive - Angel
Heavy		
Heavy Object	Heavy Object	
Hedler no Yama		Minna no Uta
Hei Mao Jing Zhang	Black Cat Detective	
Hei Mao Jing Zhang (1992)	Black Cat Detective	
Heibai Wushang		Black and White Warriors
Heibai Wushang 2nd Season	Black and White Warriors	Black and White Warriors 2nd Season
Heijoukyou: Yasukerashi Miyako		Heijokyo: Yasukerashi Miyako
Heisa Byouin	Naughty Nurses	Closing Hospital
Heisa Byoutou	Sex Ward	Closing Ward
Heisei Harenchi Gakuen		Modern-Era Shameless School
Heisei Inu Monogatari Bow	Heisei Period Dog Tale Bow	Modern Dog Tales Bow Wow
Heisei Inu Monogatari Bow Movie	Heisei Dog Stories: Bow	
Heisei Jogakuen Kagai Lesson		School Girl: Special Lesson
Heisei Matsue Kaidan		Eagle Talon
Heisei Matsue Kaidan: Ayashi		Eagle Talon
Heisei Policemen!!		He~sei Policemen!!
Heisei Tanuki Gassen Ponpoko	Pom Poko	
Heisei Tensai Bakabon		
Heisei no Cinderella: Kiko-sama Monogatari		
Helen Keller Monogatari: Ai to Hikari no Tenshi	The Story of Hellen Keller: Angel of Love and Light	Helen Keller
Helen to Tomoni: Anne Sullivan	Together with Helen	ヘレンと共に　アニー・サリバン-
Heli-Tako Puu-chan		Heli-Octopus Puu-Chan
Hell Target	Hell Target	
Hello Harinezumi: Satsui no Ryoubun	Domain of Murder	Hello Hedgehog: Domain of Murder
Hello Jadoo	Hello Jadoo	Jadoo
Hello Kagerou	Hello Kagerou	GReeeeN
Hello Kitty no Alps no Shoujo Heidi	Hello Kitty in Heidi	Hello Kitty and Friends: Heidi
Hello Kitty no Alps no Shoujo Heidi II: Klara to no Deai		
Hello Kitty no Cinderella	Hello Kitty in Cinderella	Hello Kitty and Friends: Cinderella
Hello Kitty no Cinderella (OVA)	Hello Kitty in Cinderella	Hello Kitty&#039;s Animation Theater 9a
Hello Kitty no Circus ga Yatte Kita	Hello Kitty in The Circus Comes to Town	Hello Kitty and Friends: The Circus Comes to Town
Hello Kitty no Fushigi na Mizuumi		Kitty no Fushigi na Mizuumi
Hello Kitty no Fushigi no Kuni no Alice	Hello Kitty in Alice in Wonderland	Hello Kitty and Friends: Alice in Wonderland
Hello Kitty no Hajimete no Christmas Cake		
Hello Kitty no Hakuchou no Ouji	Hello Kitty in Swan Princess	Hello Kitty&#039;s Animation Theater 6a
Hello Kitty no Hansel to Gretel	Hello Kitty & Dear Daniel in Hansel & Gretel	Hello Kitty&#039;s Animation Theater 3a
Hello Kitty no Happy! Kasou Taikai		
Hello Kitty no Kaguya-hime	Hello Kitty in the Bamboo Princess	Hello Kitty&#039;s Animation Theater 4a
Hello Kitty no Kieta Santa-san no Boushi	Hello Kitty in Santa&#039;s Missing Hat	Hello Kitty and Friends: Santa&#039;s Missing Hat
Hello Kitty no Kieta Santa-san no Okurimono		
Hello Kitty no Kurumi Wari Ningyou	Hello Kitty in The Nutcracker	Hello Kitty&#039;s Animation Theater 7a
Hello Kitty no London ni Orita Uchuujin		
Hello Kitty no Mahou no Ringo	Hello Kitty in The Magic Apple	Hello Kitty and Friends: The Magic Apple
Hello Kitty no Match Uri Shoujo	Hello Kitty in The Little Match Girl	Hello Kitty&#039;s Animation Theater 10b
Hello Kitty no Minna no Mori wo Mamore!		
Hello Kitty no Minna no Tanoshii Natsuyasumi		
Hello Kitty no Momotarou	Hello Kitty in Momotaro	Hello Kitty&#039;s Animation Theater 8a
Hello Kitty no Nagagutsu wo Naita Neko	Hello Kitty in Puss in Boots	Hello Kitty&#039;s Animation Theater 11a
Hello Kitty no Nemureru Mori no Bijo	Hello Kitty in Sleeping Beauty	Hello Kitty and Friends: The Sleeping Princess
Hello Kitty no Okaze wo Hiita Santa-san		
Hello Kitty no Ou-sama no Mimi wa Roba no Mimi	Hello Kitty & Mimmy in King Midas&#039; Donkey Ears	Hello Kitty&#039;s Animation Theater 2b
Hello Kitty no Oyayubi-hime		Hello Kitty in Thumbelina
Hello Kitty no Oyayubi-hime (OVA)	Hello Kitty in Thumbelina	Hello Kitty&#039;s Animation Theater
Hello Kitty no Papa Nante Daikirai		
Hello Kitty no Sanbiki no Kobuta	Hello Kitty	ハローキティの3匹の子ぶた
Hello Kitty no Santa-san ga Futari Ita		
Hello Kitty no Shiawase no Aoi Hotaru		
Hello Kitty no Shiawase no Tulip		
Hello Kitty no Shirayuki-hime	Hello Kitty in Snow White	Hello Kitty and Friends: Snow White
Hello Kitty no Shirayuki-hime (OVA)	Hello Kitty in Snow White	Hello Kitty&#039;s Animation Theater 1a
Hello Kitty no Shoukoujo		
Hello Kitty no Stump Village	Hello Kitty: Stump Village	
Hello Kitty no Suteki na Kyoudai	Hello Kitty in The Wonderful Sisters	Hello Kitty and Friends: The Wonderful Sisters
Hello Kitty no Tomatta Big Ben	Hello Kitty in The Day the Big Clock Stopped	Hello Kitty and Friends: The Day the Big Clock Stopped
Hello Kitty no Yappari Mama ga Suki	Hello Kitty in Mom Loves Me After All	Hello Kitty and Friends: Mom Loves Me After All
Hello Kitty no Yuki no Joou	Hello Kitty and Dear Daniel in The Snow Queen	Hello Kitty&#039;s Animation Theater 13a
Hello Kitty no Yume Dorobou	Hello Kitty in The Dream Thief	Hello Kitty and Friends: The Dream Thief
Hello Kitty no Yume no Oshiro no Ouji-sama	Hello Kitty in The Prince in His Dream Castle	Hello Kitty and Friends: The Prince in His Dream Castle
Hello Kitty no Yuubinya-san Arigatou		
Hello Kitty to Issho	Growing Up With Hello Kitty	Together with Hello Kitty
Hello Kitty to Miyou: Aesop Monogatari		
Hello Kitty to Miyou: Nihon Mukashibanashi		
Hello Kitty: Mahou no Mori no Ohimesama	Hello Kitty in The Sleeping Princess	Hello Kitty no Mahou no Mori no Ohime-sama
Hello Kitty: Ringo no Mori no Fantasy		
Hello Kitty: Ringo no Mori no Mystery		
Hello Kitty: Ringo no Mori to Parallel Town		
Hello! Lady Lynn		Hello! Lady Lin
Hello! Sandybell		Sandy Bell
Hello!! Kiniro Mosaic	Hello!! KINMOZA!	Kiniro Mosaic 2nd Season
Hells		 (ヘルズエンジェルス)
Hellsing	Hellsing	
Hellsing I: Digest for Freaks		Hellsing I OVA: Digest for Fleaks
Hellsing Ultimate	Hellsing Ultimate	
Hellsing: Psalm of Darkness		Hellsing DVD Special
Hellsing: The Dawn		Hellsing: The Dawn - A supplementary of HELLSING
Helter Skelter: Hakudaku no Mura		
Hen	Strange Love	
Hen Xi You		Henxi You
HenSemi		Hentai Seiri Seminar
HenSemi (TV)		Hentai Seiri Seminar
Henbou Moral Hazard		Moral Hazard
Hendo Garden	Hendo Garden	
Hengen Taima Yakou Karura Mau! Nara Onryou Emaki	Karura Mau Movie	Karura Dance
Hengen Taima Yakou Karura Mau! Sendai Kokeshi Enka		Hengentaimayakou Karuramau! Sendaikokeshienka
Henkei Sakuhin Dai 1-ban	Metamorphose Works No.1	
Henkei Sakuhin Dai 2-ban	Metamorphose Works No.2	
Henkei Shoujo	Henkei Shojo	Transforming Girls
Henna ABC		Minna no Uta
Henna Ie!		Minna no Uta
Henna Omamesan		Mameshiba
Hennako-chan		Hen na Ko chan
Henshin Gattai! 5 tsu no Atsuki Tamashii		MUSIC is SF
Hentai Ouji to Warawanai Neko.	The Hentai Prince and the Stony Cat.	HenNeko
Hentai Ouji to Warawanai Neko.: Henneko BBS		Hentai Ouji to Warawanai Neko. Specials
Henteko na Volunteer		
Heong-geuli Beseuteu 5		Heonggeuli Beseuteu 5
Heppoko Jikken Animation Excel♥Saga	Excel Saga	Heppoko Jikken Animation Excel♥Saga
Herlock Saga: Nibelung no Yubiwa	Harlock Saga: The Ring of the Nibelung - The Rhein Gold	
Hermes: Ai wa Kaze no Gotoku	Hermes: Winds of Love	Happy Science Movie 1
Hero Bank	Herobank	
Hero Company		
Hero Hero-kun		
Heroic Age	Heroic Age	
Heroman		
Heroman Specials		
Hetalia Axis Powers	Hetalia Axis Powers	
Hetalia Axis Powers Fan Disc	Hetalia Axis Powers Fan Disc	
Hetalia Axis Powers Movie: Paint it	 White	 White!
Hetalia World Series	Hetalia World Series	
Hetalia World Series Specials	Hetalia World Series Extra Episodes	Hetalia World Series Extra Episodes
Hetalia: The Beautiful World	Hetalia: The Beautiful World	
Hetalia: The Beautiful World Extra Disc		
Hetalia: The Beautiful World Specials		
Hetalia: The World Twinkle	Hetalia: The World Twinkle	
Hetalia: The World Twinkle Extra Disc		Hetalia: The World Twinkle - Surprise Halloween!
Hetalia: The World Twinkle Specials		Hetalia: The World Twinkle Extra Episodes
Hetchara Heiki no Heihachirou		Minna no Uta
Heungnyong Wang gwa Bihodongja	Thunder Prince	Black Dragon King and Asylum Baluster
Hey Yo Yorang		My Little Fox
Hey! Bumboo	Bumpety Boo	Hey! Bunbuu
Heya		The Room
Heya (Music)	The Room	
Heya/Keitai	Gestalt	Thinking and Drawing: Nihon no Shinseiki Art Animation
Heybot!	HEYBOT!	
Hi Asobi wa Kaji no Moto: Kenta to Nyanta no Hi no Youjin		
Hi Gekiga Ukiyoe Senya Ichiya		Hi Gekiga Ukiyoe Sen&#039;ya Ichiya
Hi no Ame ga Furu		Fire Rain
Hi no Tori	Bird of Fire	Hinotori
Hi no Tori 2772: Ai no CosmoZone		Firebird 2772: Cosmos Zone of Love
Hi no Tori: Hagoromo-hen		
Hi no Tori: Houou-hen	Phoenix: Karma Chapter	Firebird: Karma Chapter
Hi no Tori: Kizuna-hen		
Hi no Tori: Reimei-hen	The Phoenix: Chapter of Dawn	Firebird: Daybreak Chapter
Hi no Tori: Uchuu-hen	The Phoenix -Space-	Firebird: Space Chapter
Hi no Tori: Yamato-hen	The Phoenix: Chapter of Yamato	
Hi no Youjin	Combustible	Short Peace
Hi-Speed Jecy	High Speed Jessie	
Hi.Me.Go.To		Himegoto
Hiatari Ryoukou!	Sunny Ryoko	Hiatari Ryoukou
Hiatari Ryoukou! Yume no Naka ni Kimi ga Ita	Sunny Ryoko! You Were There in a Dream	Hiatari Ryoko! Yume no Naka ni Kimi ga Ita (Movie)
Hibari no Yadogae	The Larks&#039; Moving Day	
Hibi no Awa		
Hibike! Euphonium	Sound! Euphonium	Hibike! Euphonium
Hibike! Euphonium 2	Sound! Euphonium 2	Hibike! Euphonium Second Season
Hibike! Euphonium 2 Specials	Sound! Euphonium 2 Specials	
Hibike! Euphonium Movie: 2-nensei ni Natta Kumiko-tachi		Gekijouban Hibike! Euphonium: 2-nensei ni Natta Kumiko-tachi
Hibike! Euphonium Movie: Kitauji Koukou Suisougaku-bu e Youkoso	Sound! Euphonium: The Movie - Welcome to the Kitauji High School Concert Band	Gekijouban Hibike! Euphonium: Kitauji Koukou Suisougaku-bu e Youkoso
Hibike! Euphonium Movie: Todoketai Melody	Sound! Euphonium The Movie: May the melody reach you!	Gekijouban Hibike! Euphonium: Todoketai Melody
Hibike! Euphonium Movie: Todoketai Melody - Photo Session e Youkoso		Hibike! Euphonium Movie: Todoketai Melody Theater Manners
Hibike! Euphonium: Kakedasu Monaka	Sound! Euphonium Episode 14 – Ready	 Monaka
Hibike! Euphonium: Suisougaku-bu no Nichijou	Sound! Euphonium Specials	Hibike! Euphonium Specials
Hibike! Wadaiko		
Hidamari Sketch	Hidamari Sketch	
Hidamari Sketch Recap		
Hidamari Sketch Specials		Hidamari Sketch Tokubetsu-hen
Hidamari Sketch x 365	Hidamari Sketch x 365	
Hidamari Sketch x 365 Recap		
Hidamari Sketch x 365 Specials		Hidamari Sketch x 365 EX
Hidamari Sketch x Honeycomb		Hidamari Sketch x Hanikamu
Hidamari Sketch x SP	Hidamari Sketch x SP	
Hidamari Sketch x ☆☆☆		Hidamari Sketch x Hoshi Mittsu
Hidamari Sketch x ☆☆☆ Recap		
Hidamari Sketch x ☆☆☆ Specials		Hidamari Sketch x ☆☆☆ Tokubetsu-hen
Hidamari Sketch: Chou Hidamatsuri Special		Chou Hidamatsuri in Nippon Budokan
Hidamari Sketch: Sae Hiro Sotsugyou-hen		
Hidamari no Ie		
Hidamari no Ki	Tree in the Sun	A Tree in a Sunny Place
Hidan no Aria	Aria the Scarlet Ammo	Hidan no Aria
Hidan no Aria AA	Aria the Scarlet Ammo AA	Hidan no Aria Double A
Hidan no Aria Special	Aria the Scarlet Ammo Special	
Hidari no O&#039;Clock!!		
Hietsuki Bushi	Hietsuki Bushi	Hietsukibushi
Hifuu Katsudou Kiroku: The Sealed Esoteric History	Hifuu Club Activity Record: The Sealed Esoteric History	
Higanjima X		
Higanjima X: Aniki		Higanjima X Special
Higashi no Eden	Eden of The East	Higashi no Eden
Higashi no Eden Movie I: The King of Eden	Eden of The East the Movie I: The King of Eden	Higashi no Eden: Gekijouban I The King of Eden
Higashi no Eden Movie II: Paradise Lost	Eden of The East the Movie II: Paradise Lost	Higashi no Eden: Gekijouban II Paradise Lost
Higashi no Eden: Air Communication	Eden of The East Compilation: Air Communication; Higashi no Eden Recap	
Higashi no Eden: Falling Down		Oasis: Falling Down
Higenashi Gogejabaru		Minna no Uta
Higepiyo		 ヒゲぴよ
High & Low: G-Sword		
High School Agent		 (ハイスクールAGENT II  Uボートを追え!)
High School DxD	High School DxD	Highschool DxD
High School DxD BorN	High School DxD BorN	High School DxD Third Season
High School DxD BorN: Ishibumi Ichiei Kanzen Kanshuu! Mousou Bakuyou Kaijo Original Video	High School DxD BorN Specials	
High School DxD BorN: Yomigaeranai Fushichou		High School DxD BorN OVA
High School DxD Hero		
High School DxD Hero: Taiikukan-ura no Holy		High School DxD Hero Episode 0
High School DxD New	High School DxD New	High School DxD Dai 2-ki
High School DxD New: Oppai	 Tsutsumimasu!	ハイスクールD×D NEW OVA おっぱい、包みます！
High School DxD OVA		High School DxD Episodes 13 and 14
High School DxD Specials		Highschool DxD Specials
High School Fleet	High School Fleet	Haifuri
High School Fleet Movie		High School Movie
High School Fleet OVA		Haifuri OVA
High School Jingi		
High School Mystery: Gakuen Nanafushigi		High School Mystery: School of Seven Mysteries
High School! Kimengumi	Funny Faces in High School	High School Funny-face Club
High School! Kimengumi (Movie)		High School! Funny-face Club Movie
High Score		
High Score Girl		
Highlander: The Search for Vengeance		Highlander: Vengeance
Highschool Aurabuster: Hikari no Mezame		Highschool Aurabuster: Birth of the Light
Highschool of the Dead	High School of the Dead	Gakuen Mokushiroku: Highschool of the Dead
Highschool of the Dead: Drifters of the Dead		High School of the Dead OVA
Highway Jenny		
High☆Speed!: Free! Starting Days	Free! Starting Days	Free! Movie
Higurashi no Naku Koro ni	When They Cry	When the Cicadas Cry
Higurashi no Naku Koro ni Kai	When They Cry: Kai	Higurashi no Naku Koro ni 2
Higurashi no Naku Koro ni Kai Specials		Ura☆Higu
Higurashi no Naku Koro ni Kaku: Outbreak		When They Cry - Outbreak
Higurashi no Naku Koro ni Kira		Higurashi no Naku Koro ni OVA 2
Higurashi no Naku Koro ni Rei	When They Cry: Rei	Higurashi no Naku Koro ni 3rd Season
Higurashi no Naku Koro ni Special: Nekogoroshi-hen		Higurashi no Naku Koro ni - Cat Killing Chapter
Hiiro no Kakera	Hiiro no Kakera: The Tamayori Princess Saga	Scarlet Fragment
Hiiro no Kakera Dai Ni Shou	Hiiro no Kakera: The Tamayori Princess Saga Season 2	Hiiro no Kakera 2nd Season
Hiiro no Kakera: Totsugeki! Tonari no Ikemenzu		
Hiiro no Koku		Hi-iro no Koku
Hijikata Toshizou: Shiro no Kiseki		Hijikata Toshizo: Shiru no Kiseki
Hika Ryoujoku: Wana ni Hamatta Futari	Hika Ryoujoku: The Lust of Shame	
Hikari Sasu Sora e		
Hikari no Densetsu		Legend of Light
Hikari no Megami	Goddess of Light	
Hikari to Mizu no Daphne	Daphne in the Brilliant Blue	
Hikari to Mizu no Daphne Specials		Daphne in the Brilliant Blue Specials
Hikari: Kariya wo Tsunagu Monogatari		Hikari: A Story Connected with Kariya
Hikaru Genji: Paradise Ginga		
Hikaru Genji: Taiyou ga Ippai		
Hikaru no Gen-chan		Minna no Uta
Hikaru no Go	Hikaru no Go	Hikaru&#039;s Go
Hikaru no Go: Journey to the North Star Cup		Hikaru no Go: Kita Hokuto Hai e no Michi
Hikaru no Go: New Year Special		
Hikaru no Go: Tokubetsu-hen - Sabaki no Ichikyoku! Inishie no Hana yo Sake!!		Hikaru no Go Special
Hikawa Maru Monogatari		
Hikenai Guitar wo Hikundaze		Denki Groove: Hikenai Guitar wo Hikundaze
Hikoichi Tonchi Banashi	Hikoichi&#039;s Wits	
Hikyou Tanken Fam & Ihrlie	Ruin Explorers Fam & Ihrie	Ruin Explorers: Quest for the Ultimate Power
Himalaya no Hikari no Oukoku		Kingdom of Light in the Himalayas
Himawari		Mr. Children: Himawari
Himawari no You ni		
Himawari!	Himawari!	Himawari
Himawari!!	Himawari Too!!	
Hime Chen! Otogi Chikku Idol Lilpri	Spellbound! Magical Princess Lilpri	Himechan! Otogitic Idol Lil&#039;Pri
Hime Chen! Otogi Chikku Idol Lilpri (2011)	Spellbound! Magical Princess Lilpri	Himechan! Otogitic Idol Lil&#039;Pri
Hime Dorei		
Hime Gal♥Paradise		
Hime-chan no Ribbon		Hime-chan&#039;s Ribbon
Himegoto		Secret Princess Himegoto
Himekishi Angelica		
Himekishi Lilia	Himekishi Lilia	Princess Knight Lilia
Himekishi Olivia		Slave Princess Olivia
Himesama Gentei!		Princess Limited
Himesama Goyoujin	Princess Beware	Hime-sama Goyojin
Himeyuri		
Himiko-den	Legend of Himiko	Himikoden
Himitsu Spark	Secret	
Himitsu no Akko-chan	Secrets of Akko-chan	Akko&#039;s Secret
Himitsu no Akko-chan (Movie)		Himitsu no Akko-chan (1989)
Himitsu no Akko-chan 2		The Magic Mirror
Himitsu no Akko-chan 3		Akko-chan&#039;s Secret 3
Himitsu no Akko-chan: Umi da! Obake da!! Natsu Matsuri		
Himitsukessha Taka no Tsume	Eagle Talon	The Frogman Show
Himitsukessha Taka no Tsume Countdown		Eagle Talon 2
Himitsukessha Taka no Tsume Countdown Specials		Eagle Talon 2
Himitsukessha Taka no Tsume DO		Secret Society Eagle Talon Just Do It
Himitsukessha Taka no Tsume EX		Secret Society Eagle Talon Extreme
Himitsukessha Taka no Tsume GT		Secret Society Eagle Talon GT
Himitsukessha Taka no Tsume Gaiden: Mukashi no Yoshida-kun		Eagle Talon
Himitsukessha Taka no Tsume MAX		Eagle Talon MAX
Himitsukessha Taka no Tsume NEO		Eagle Talon NEO
Himitsukessha Taka no Tsume Specials		The Frogman Show Specials
Himitsukessha Taka no Tsume THE PLANETARIUM: Burabura! Black Hole no Nazo	Eagle Talon the Planetarium: Mystery of the Black Hole	
Himitsukessha Taka no Tsume The Movie 1: Soutou wa Nido Shinu		Eagle Talon The Movie 1: The Chancellor Only Lives Twice
Himitsukessha Taka no Tsume The Movie 3: http://takanotsume.jp wa Eien ni		Eagle Talon The Movie 3
Himitsukessha Taka no Tsume The Movie 4: Kaspersky wo Motsu Otoko		Secret Society Eagle Talon The Movie 4
Himitsukessha Taka no Tsume The Movie II: Watashi wo Aishita Kuro Oolong-Cha		Eagle Talon The Movie 2
Himitsukessha Taka no Tsume x Glass no Kamen Desu ga		Eagle Talon
Himitsukessha Taka no Tsume: Christmas Daisakusen		The Frogman Show
Himitsukessha Taka no Tsume: Teikyou Kakutoku Daisakusen - Sakusen Kaigi		Eagle Talon
Himote House		
Himouto! Umaru-chan	Himouto! Umaru-chan	My Two-Faced Little Sister
Himouto! Umaru-chan OVA		
Himouto! Umaru-chan R		Himouto! Umaru-chan 2nd Season
Himouto! Umaru-chanS	Himouto! Umaru-chanS	My Two-Faced Little Sister S
Hina Logi: From Luck & Logic	Hina Logic – from Luck & Logic	
Hina no Uta		Minna no Uta
Hinadori no Saezuri	Maiden of Deliverance	Song of the Baby Bird
Hinako Note	Hinako Note	
Hinamatsuri		
Hinamatsuri		Hina Festival
Hinata no Aoshigure		Rain in the Sunshine
Hininden: Gauss		Hininden Gauss
Hino Hideshi Toukaidou Yotsuya Kaidan		
Hinomaru Hatanosuke: Bakemonoyashiki no Maki	Hatanosuke and the Haunted House	Hinomaru Hatanosuke: Bakemono-Yashiki no Maki
Hinomaru Hatanosuke: Inazuma-gumi Tobatsu no Maki	Hatanosuke Takes Down the Inazuma Gang	
Hinomaru Tarou: Musha Shugyou no Maki	Taro&#039;s Early Training Days	Hinomaru Taro: Musha Shugyou no Maki
Hinomaru!	Hinomaru!	
Hinomaruzumou		Hinomaru Sumo
Hipira-kun		Hipira: The Little Vampire
Hipira-kun ONA		Hipira-kun Episode 11
Hipira-kun Special		Hipira-kun Episode 13
Hiragana Danshi		
Hiromi		Minna no Uta
Hiroshima e no Tabi	A Journey to Hiroshima	
Hiroshima ni Ichiban Densha ga Hashitta		
Hiroshima no Enoki		
Hiroshima no Uta		
Hirune Hime: Shiranai Watashi no Monogatari	Napping Princess	Napping Princess: The Story of the Unknown Me
His Lipstick	His Lipstick	
Hishoka Drop The Animation		
Hisone to Maso-tan	Dragon Pilot: Hisone and Masotan	Hisone & Masotan
Hissatsu Chikan Nin	The Last Train To Gropesville	
Histoire d&#039;Etty		Etty no Monogatari
Historical		
History of Les Merveilleuses: Brand Movie	History of LesMerveilleuses	Ladurée
Hit wo Nerae!		Smash Hit!
Hit wo Nerae! Specials		Smash Hit! Specials
Hito no Kita Tooku Nagai Michi		
Hitohira		
Hitomi no Naka no Shounen: Juugo Shounen Hyouryuuki	The Story of Fifteen Boys	Hitomi no Naka no Shounen: 15 Shounen Hyouryuuki
Hitori Shika Inai Jibun		
Hitori de Nayamanaide Issho ni Kangaeyou		
Hitori no Shita: The Outcast	Hitori no Shita - The Outcast	
Hitori no Shita: The Outcast 2nd Season	Hitori no Shita - The Outcast 2	hitorinoshita - The Outcast
Hitori no Shita: The Outcast Recap		Raten Taishou Hen: Housou Chokuzen Special
Hitori no Toki ga Abunai!		
Hitoribocchi no Marumaru Seikatsu		Hitoribocchi no Marumaru Seikatsu
Hitoribotchi		
Hitoriga The Animation		Hitoriga Counseling
Hitorigurashi no Shougakusei		Hitori Kurashi no Shougakusei
Hitorijime My Hero	Hitorijime My Hero	My Very Own Hero
Hitotsu no Hana		
Hitotsuboshi-ke no Ultra Baasan		The Super Grandmother of the Hitotsuboshi Family
Hitotsubu ni Kawaranu Ai wo Komete		Morinaga Caramel 100th Anniversary Short
Hitou Meguri Kakure Yu		
Hitou Meguri Kakure Yu: Mao-hen		
Hitou Meguri The Animation: Wakaokami	 Rachiru	秘湯めぐり The Animation 「若女将、拉致る」
Hitozuma Cosplay Kissa	Cosplay Cafe	Wives Cosplay Cafe
Hitozuma Cosplay Kissa 2: Hitozuma LoveLove - Cosplay OVA		
Hitozuma Koukan Nikki	Wife-Swap Diaries	Wife Exchange Diary
Hitozuma Life: One Time Gal		
Hitozuma Ryoujoku Sankanbi	Desperate Carnal Housewives	
Hitozuma♪Kasumi-san	The Hills Have Size	Hitozuma Kasumi-san
Hitsugi no Chaika	Chaika -The Coffin Princess-	Hitsugi no Chaika
Hitsugi no Chaika OVA		
Hitsugi no Chaika: Avenging Battle	Chaika -The Coffin Princess- Avenging Battle	Hitsugi no Chaika 2nd Season
Hitsuji no Uta		Lament of the Lamb
Hiyoko Gumo		The Chick-Cloud Song
Hiyoko no Basket Movie: Last Game 0401		Gekijouban Kiyoko no Basket: Last Game 0401
Hiyokoi		
Hiyokoi (2012)		Ribbon x Oha Suta Specials
Hizukuri		
Hizumu Realism		
Hi☆sCoool! SeHa Girls	Hi☆sCoool! SeHa Girls	Sega Hard Girls
Hi☆sCoool! SeHa Girls Special		Sega Hard Girls OVA
Hoero! Bun Bun		Hoero BunBun
Hoero! Bun Bun (Movie)		Hoero! Bun Bun Special
Hoka Hoka Kazoku	The Affectuous Family	
Hoka Hoka Oden no Uta		
Hokenshitsu de Aimashou		
Hokkyoku no Muushika Miishika	Adventures of the Polar Cubs	Hokkyoku no Mushka Mishka
Hokori Inu no Hanashi	The Cloudy Dog Talk About	
Hokseong Robot Sseondeo A		Planetary Robot Thunder A
Hokuro Kyoudai Full Throttle!!!!		
Hokuto no Ken	Fist of the North Star	Seikimatsu Kyuseishu Densetsu: Hokuto no Ken
Hokuto no Ken 2	Fist of the North Star 2	HNK II
Hokuto no Ken Movie	Fist of the North Star: The Movie	Hokuto no Ken (1986)
Hokuto no Ken Zero: Kenshirou Den	Fist of the North Star: Legend of Kenshiro	Shin Kyuuseishu Densetsu Hokuto no Ken Zero Kenshirou-den
Hokuto no Ken: Legend of Heroes		Fist of The North Star: Legend of Heroes (CGI)
Hokuto no Ken: Raoh Gaiden Gekitou-hen		Fist of the North Star: Raoh Side Story Fierce Fighting Arc
Hokuto no Ken: Raoh Gaiden Junai-hen	Fist of the North Star: Raoh Side Story Junai Arc	Shin Kyuuseishu Densetsu Hokuto no Ken Raou-den Junai no Shou
Hokuto no Ken: Raoh Gaiden Ten no Haoh	Legends of the Dark King: A Fist of the North Star Story	Ten no Haou: Hokuto no Ken Raou Gaiden
Hokuto no Ken: Toki-den	Fist of the North Star: The Legend of Toki	Shin Kyuuseishu Densetsu Hokuto no Ken Toki-den
Hokuto no Ken: Yuria-den		Fist of the North Star: The Legend of Yuria
Holiday		
Holy Knight	Holy Knight	
Home My Home		
Homé-Pato the Movie		Home-Pato the Movie
Hon Ran	Crimson Wolf	Hong Lang
Hone Hone Rock		Honehone Rock
Honey Honey no Suteki na Bouken	Honey Honey&#039;s Wonderful Adventures	Honey Honey no Suteki na Boken
Honey Tokyo	Honey Tokyo	
Hong Gil Dong 2084		
Hong Haier: Juezhan Huoyanshan		Hong Haier: Dahua Huoyanshan
Hong Kil-dong		General Hong Gildong
Hong Ling Jin Xia		The Red
Hong Xing Xiao Yong Shi	Sparkling Red Star	
Honobono Log		
Honoo no Alpenrose		Blazing Alpenrose
Honoo no Alpenrose: Ai no Symphony Ongaku-hen		The Symphony of Love
Honoo no Alpenrose: Judy & Randy	Alpenrose	Alpenrose of Fire Judy and Randy
Honoo no Alpenrose: Sweet Memory Ongaku-hen		The Sweet Memory
Honoo no Haramase Doukyuusei		Honou no Haramase Doukyuusei
Honoo no Haramase Motto! Hatsuiku! Karada Sokutei 2		
Honoo no Haramase Oppai: Ero Appli Gakuen The Animation		
Honoo no Haramase Paidol My★Star Gakuen Z The Animation		
Honoo no Haramase Tenkousei		Honoo no Haramase Tenkousei Ue
Honoo no Labyrinth	Labyrinth Of Flames	
Honoo no Mirage	Mirage of Blaze	
Honoo no Mirage: Minagiwa no Hangyakusha	Mirage of Blaze: Rebels of the River Edge	Mirage of Blaze OVA
Honoo no Tenkousei		Blazing Transfer Student
Honoo no Toukyuuji: Dodge Danpei		Honoo no Toukyuuji Dojji Danpei
Honou no Senshi: Firegirl		
Honto ni Atta Gakkou Kaidan		Hontou ni Atta Gakkou Kaidan
Honto ni Atta! Reibai Sensei		Yuruani
Hontou ni Atta		
Hooligan		Hooligan: Quest for the Seven Holy Dildos
Hoozuki no Reitetsu	Hozuki&#039;s Coolheadedness	Cool-headed Hoozuki
Hoozuki no Reitetsu 2nd Season	Hozuki&#039;s Coolheadedness 2	Cool-headed Hoozuki
Hoozuki no Reitetsu 2nd Season: Sono Ni		
Hoozuki no Reitetsu OVA		Cool-headed Hoozuki OVA
Hope: Suiso Shakai to	 Korekara no Energy no Hanashi	HOPE～水素社会と、これからのエネルギーのはなし～
Hopiwa Chadolbawi		Hopi and Chadol Bawi
Hori-san to Miyamura-kun		Horimiya
Horoscope: Anata no Seiza		Minna no Uta
Hortensia Saga: Aoi no Kishidan		Daisanbu Mirai e no Tsubasa
Hoshi Akari no Concert: Seiza ga Kanaderu Yozora		PLANETARIUM Starry Cafe Winter Concert
Hoshi Neko Fullhouse	Star Cat Fullhouse	Hoshineko
Hoshi Shinichi Short Short		Hoshi Shinichi&#039;s Short Shorts
Hoshi Shinichi Short Short Special		Hoshi Shinichi&#039;s Short Shorts Special
Hoshi Uranai Kirakira		Hoshi Uranai Kira Kira
Hoshi ni Negai wo: Cold Body + Warm Heart		
Hoshi ni Negai wo: Fantastic Cat		
Hoshi no Kirby	Kirby: Right Back at Ya!	Hoshi no Kirby
Hoshi no Kirby:  Taose!! Koukaku Majuu Ebizou		Kirby of the Stars Special Episode: Take it Down! The Crustacean Monster Lobzilla
Hoshi no Kirby: Pilot		Hoshi no Kirby
Hoshi no Ko Chobin	Starchild Chobin	Chobin the Star Child
Hoshi no Ko Poron		Polon the Star Child
Hoshi no Koe	Voices of a Distant Star	
Hoshi no Orpheus	Winds of Change	Orpheus of the Stars
Hoshi no Oujisama Petit Prince	The Prince of the Stars: Le Petit Prince	Hoshi no Ojisama Petit Prince
Hoshi no Oujisama Petit☆Prince Specials	The Adventures of the Little Prince	Hoshi no Ojisama Petit Prince
Hoshi no Umi no Amuri		Amuri in Star Ocean
Hoshi no Yuuenchi		Fairground in the Stars
Hoshi to Niji to		Minna no Uta
Hoshi wo Katta Hi	The Day I Bought a Star	The Day I Cropped a Star
Hoshi wo Ou Kodomo	Children Who Chase Lost Voices	Children who Chase Lost Voices from Deep Below
Hoshigari Hime no Bouken		
Hoshikuzu Paradise		Paradise Without Stars
Hoshino-kun no Ni Rui-da		
Hoshizora Kiseki	Hoshizora Kiseki	
Hoshizora e Kakaru Hashi	A Bridge to the Starry Skies	Hoshizora e Kakaru Hashi
Hoshizora e Kakaru Hashi: Kakaru ka? Gakuensai ni Koi no Hashi		Hoshizora e Kakaru Hashi OVA
Hoshizora no Orgel		Minna no Uta
Hoshizora no Violin		Violin in the Starry Sky
Hot Minute: Gudetama	Hot Minute: Gudetama	Gudetama Special
Hotaru Kagayaku		
Hotaru Koi		Minna no Uta
Hotaru no Haka	Grave of the Fireflies	Tombstone for Fireflies
Hotaru no Mau Machi de		
Hotarubi no Mori e		Into the Forest of Fireflies&#039; Light
Hotaruko	Crimson Climax	Ho Ta Ru Ko
Hotori: Tada Saiwai wo Koinegau		
Hottarake no Shima: Haruka to Mahou no Kagami	Oblivion Island: Haruka and the Magic Mirror	
Houkago 2 The Animation		
Houkago 2: Saiyuri		
Houkago Initiation		
Houkago Mania Club: Koi no Hoshii no	After School Mania Club	Houkago Renai Club
Houkago Midnighters	After School Midnighters	
Houkago Midnighters: Short Movies Season 2		After School Midnighters: Short Movies Season 2
Houkago Nyannyan		Houkago Nyan Nyan
Houkago Renai Club: Koi no Étude	Casual Romance Club	Koikura
Houkago no Ouji-sama		Prince of After School
Houkago no Pleiades	Wish Upon the Pleiades	Afterschool Pleiades
Houkago no Pleiades (TV)	Wish Upon the Pleiades	Afterschool Pleiades
Houkago no Pleiades: Manner Movie		
Houkago no Shokuinshitsu	After School in the Lounge	After School in the Teacher&#039;s Lounge
Houkago no Tinker Bell		After School Series: Tinker Bell
Houkago no Yuutousei		
Houkago: Nureta Seifuku	After Class Lesson	
Houma Hunter Lime	Jewel BEM Hunter Lime	JBHL
Hourou Musuko	Wandering Son	The Transient Son
Hourou Musuko Specials	Wandering Son Specials	Hourou Musuko Episode 10
Houseki no Kuni		Country of Jewels
Houseki no Kuni (TV)	Land of the Lustrous	Country of Jewels
How Low Sympathy	How Low Sympathy	Hallow Sympathy
Howl no Ugoku Shiro	Howl&#039;s Moving Castle	
Hua Jiang Hu Zhi Bu Liang Ren		Painting Rivers and Lakes
Hua Jiang Hu Zhi Bu Liang Ren 2nd Season		Painting Rivers and Lakes 2
Hua Jianghu Zhi Ling Zhu		A Portrait of Jianghu: Spirit Master
Huan Jie Wang	Eudemon Quest	
Huan Jing Nuo De Lin	Beyond the Worlds	
Huang Feihong Yong Chuang Tianxia	The Warrior	Once Upon A Time In China
Huckleberry Finn Monogatari		Huckleberry Finn Story
Huckleberry no Bouken		The Adventures of Huckleberry Finn
Huckleberry no Bouken (Movie)		The Adventures of Huckleberry Finn Movie
Hug tto! Precure		Hugtto Precure
Hug tto! Precure♡Futari wa Precure Movie		Eiga Hugtto! Precure x Futari wa Precure
Hula Kappa		Hula Kapper
Hula Kappa: Owakare-kai (2) Atarashii wo Tomodachi		Furakappa ep 78
Hulu Xiongdi		Calabash Brothers
Human Crossing	Human Crossing	Human Scramble
Human Gift	Human Gift	LITE
Humanoid Girl	Humanoid Girl	Kikai Shikake no Ano Musume
Hump Bang		
Hundred	Hundred	
Hunger		
Hungry Days: Aoharu ka yo.		Hungry Days: Yokoku-hen
Hungry Heart: Wild Striker		
Hungry Zombie Francesca!!		Francesca: Girls Be Ambitious
Hungry to Win		
Hunter x Hunter	Hunter x Hunter	HxH
Hunter x Hunter (2011)	Hunter x Hunter	HxH (2011)
Hunter x Hunter Movie 1: Phantom Rouge		Gekijouban Hunter x Hunter: Hiiro no Genei
Hunter x Hunter Movie 2: The Last Mission		Gekijouban Hunter x Hunter
Hunter x Hunter Pilot		
Hunter x Hunter: Greed Island		Hunter X Hunter OVA 2
Hunter x Hunter: Greed Island Final		Hunter x Hunter: G I Final
Hunter x Hunter: Yorkshin City Kanketsu-hen		Hunter x Hunter OVA
Hurdle	Hurdle	
Hurricane Live! 2032		Bubblegum Crisis: Hurricane Live! (1988 version)
Hurricane Live! 2033		Bubblegum Crisis: Hurricane Live!
Hurricane Polymar	Hurricane Polymar	Inner Destructive Fist Polymar
Hustle Punch	Hustle Punch	
Hustle!! Tokitama-kun	Tokitama Hustle	
Huyao Xiao Hongniang	Fox Spirit Matchmaker	Enmusubi no Youko-chan
Huyao Xiao Hongniang: Beishan Yaodi	Fox Spirit Matchmaker 4th Season	Huyao Xiao Hongniang: Yue Hong II
Huyao Xiao Hongniang: Nan Guo	Fox Spirit Matchmaker 6th Season	Fox Spirit Matchmaker: Southern Kingdom
Huyao Xiao Hongniang: Qian Yan	Fox Spirit Matchmaker 5th Season	Fox Spirit Matchmaker 5th Season
Huyao Xiao Hongniang: Wangquan Fugui		Fox Spirit Matchmaker Season 2
Huyao Xiao Hongniang: Yue Hong		Fox Spirit Matchmaker 3rd Season
Hwang-geum-ui Pal		Golden Arm
Hwanggeum Cheolin	The Golden Iron Man	
Hwanggeum Nalgae 1.2.3.	Goldwing	Golden Wings 123
Hyakka Ryouran: Samurai After		Hyakka Ryouran OVA
Hyakka Ryouran: Samurai After Specials		Hyakka Ryouran OVA Specials
Hyakka Ryouran: Samurai Bride	Samurai Bride	Hyakka Ryouran: Samurai Girls 2nd Season
Hyakka Ryouran: Samurai Bride Specials		
Hyakka Ryouran: Samurai Girls	Samurai Girls	Hyakka Ryouran: Samurai Girls
Hyakka Ryouran: Samurai Girls Specials		Hyakka Ryouran ~Otome Ureshi Hazukashi Shoshi no Chigiri~
Hyakka Zukan	Japanese-English Pictionary	
Hyakki	Hyakki: The Secret of Devil&#039;s Island	
Hyakkiyakou: Warashi		Hyakkiyakou ~ Warashi ~
Hyakko		
Hyakko OVA		Hyakko Extra
Hyaku-nengo no Aru Hi	A Day after a Hundred Years	
Hyakubanme no Saru		100 Banme no Saru
Hyakujitsu no Bara	Maiden Rose	
Hyakujitsu no Bara: Jinginaki Nikukyuu-hen	Maiden Rose Specials	Hyakujitsu no Bara Specials
Hyakujuu-Ou GoLion	Voltron: Defender of the Universe	Hyakujuu Ou Golion
Hyakumannen Attara	 Dousuru?	100万円あったら、どうする？
Hyakuren no Haou to Seiyaku no Valkyria	The Master of Ragnarok & Blesser of Einherjar	Hyakuren no Haou to Seiyaku no Ikusa Otome
Hybrid Child		
Hybrid Deka		Hybrid Keiji
Hyokkori Hyoutan Shima		
Hyoudou Ibuki: Kanpeki Ibuki Kaichou ga Kousoku Do M!? na Wake		
Hyouga Senshi Gaislugger		Glacier Warrior Gaislugger
Hyouge Mono		Hyougemono
Hyouka	Hyouka	Hyou-ka
Hyouka: Motsubeki Mono wa		Hyouka Episode 11.5
Hyoutan	The Gourd-Bottle	
Hyoutan Suzume		The Sparrow in the Empty Pumpkin
Hyper ERT		Hyper Earth Rescue Team
Hyper Police		
Hyper-Psychic Geo Garaga	Garaga	
