B Who I Want 2 B		Namie Amuro - B Who I Want 2 B feat. Hatsune Miku
B&#039;T X		B&#039;tX
B&#039;T X Neo		B&#039;tX Neo: B&#039;t X Neo
B-Legend! Battle B-Daman	Battle B-Daman	Bedaman
B-Legend! Battle B-Daman Fire Spirits!	Battle B-Daman: Fire Spirits!	B-Legend! Battle Bedaman: Fire Spirits
B-Project: Kodou*Ambitious		
B-Project: Kodou*Ambitious 2		
B-gata H-kei	Yamada&#039;s First Time: B Gata H Kei	
B.B. Fish		Blue Butterfly Fish
B: The Beginning		
BAR Kiraware Yasai		
BOY&#039;s LOVE Nitro+CHiRAL	BOY&#039;s LOVE Nitro+CHiRAL	
Ba La La Xiao Mo Xian Zhi: Caihong Xin Shi		Balala the Fairies Season 1
Ba La La Xiao Mo Xian Zhi: Feiyue Cai Ling Bao	Balala the Faries: Over the Rainbow	Balala the Fairies: Flying Over Fort Crescent
Ba La La Xiao Mo Xian Zhi: Feiyue Cai Ling Bao 2nd Season	Balala the Faries: Over the Rainbow	Balala the Fairies: Flying Over Fort Crescent Di Er Ji
Ba La La Xiao Mo Xian Zhi: Meng Huan Xuan Lu	Balala the Fairies: Finding Melody	Balala the Fairies Season 3
Ba La La Xiao Mo Xian Zhi: Qiji Wubu		Balala the Fairies: Miracle Dance
BaBuKa: Gokudou no Tsuma		
Bab Mook Ja		
Babel Nisei	Babel II	
Babel Nisei (2001)	Babel II: Beyond Infinity	Babel 2-sei
Babel Nisei (OVA)	Babel II	Babel II OVA
Baby Baachan	Baby Grandma	
Baby Felix	Baby Felix	
Baby Gamba	Baby Gamba	
Baby Princess 3D Paradise 0 [Love]		Baby Princess 2D Paradise Love
Baby Steps		Baby Steps
Baby Steps 2nd Season		Baby Steps Second Season
Babylon		
Babyshiba		
Baby☆Love		
Baccano!	Baccano!	
Baccano! Specials		Baccano! OVA
Back Street Girls		Back Street Girls: Washira Idol Hajimemashita.
Backkom	Bernard	Bernard Bear
Backkom 2	Bernard	Bernard Bear
Backkom Meogeujan Yeohaeng	My Friend Bernard	Backkom Travel Mug
Backkom Mission Impossible		Bernard Mission Impossible
Backkom Specials		Backkom Filler Animation
Backkom Sports	Bernard	Benard Bear
Backkom: Jung-gug Gijeogwi		Backkom: China Diapers
Backstage Idol Story		
Bacterial Contamination		
Bad Badtz-Maru no Ari to Kirigirisu	Bad Badtz-Maru in the Ants and the Grasshopper	Hello Kitty&#039;s Animation Theater 5b
Bad Badtz-Maru no Ookami ga Kita!	Bad Badtz-Maru in The Boy Who Cried Wolf	Hello Kitty&#039;s Animation Theater 1b
Bad Badtz-Maru no Ore no Pochi wa Sekaiichi		
Bad Badtz-Maru no Ore wa Yuutousei		
Bad Badtz-Maru no Otoko Dokyou no Omoiyari		Bad Badtz-Maru no Otoko Dokyou no Omoi Yari
Bad Boys		
Bad End	Voyeur&#039;s Digest	
Badaui Jeonseol Jangbogo	The Legend of Blue	
Baguda-jou no Touzoku	Burglars of Baghdad Castle	Baghdadjou no Touzoku
Bai Ye Ling Long		Baiye Linglong
Baito-saki wa Aku no Soshiki!?	Part-time job is evil organization!?	
Baja no Studio		Baja&#039;s Studio
Baka Baka Baka na Sekai	Crazy World	
Baka Dakedo Chinchin Shaburu no dake wa Jouzu na Chii-chan♡		
Baka Misérables		Baka Miserables
Baka Mukashibanashi Movie: Jijii Wars		Baka Mukashi Banashi Gekijouban
Baka na Imouto wo Rikou ni Suru no wa Ore no xx dake na Ken ni Tsuite		
Baka to Test to Shoukanjuu	Baka & Test - Summon the Beasts	The Idiot
Baka to Test to Shoukanjuu Mini Anime		Baka and Test Mini Special
Baka to Test to Shoukanjuu Ni!	Baka & Test – Summon the Beasts 2	Baka to Test to Shoukanjuu 2
Baka to Test to Shoukanjuu Ni!: Mahou Hideyoshi Hideyoshi	Baka and Test - Summon the Beasts: Magical Hideyoshi Hideyoshi	Hideyoshi Hideyoshi Magic Special
Baka to Test to Shoukanjuu Specials		Baka to Test to Shoukanjuu: Private Footage (Produced by Muttsuri Company)
Baka to Test to Shoukanjuu: Matsuri	Baka & Test - Summon the Beasts OVA	Baka to Test to Shoukanjuu OVA
Baka to Test to Shoukanjuu: Matsuri - Sentaku ni Yotte Tenkai ga Kawaru LIPS Eizou		Baka to Test to Shoukanjuu: Matsuri Special
Baka to Test to Shoukanjuu: Matsuri - Sentakushi Ikou nomi		
Baka to Test to Shoukanjuu: Mondai - Christmas ni Tsuite Kotae Nasai	The Idiot	 and the Summoned Creatures: Christmas Special
Baka to Test to Shoukanjuu: Spinout! Sore ga Bokura no Nichijou		Baka to Test to Shoukanjuu Ni! Specials
Bakabon Osomatsu no Karee wo Tazunete Sansenri		
Bakegyamon		BakéGyamon
Bakemono no Ko	The Boy and the Beast	Child of a Beast
Bakemonogatari	Bakemonogatari	Ghostory
Bakemonogatari Recap		Bakemonogatari Episode 5.5
Baki		Baki: Most Evil Death Row Convicts Special Anime
Baki (ONA)		
Baku Ane 2: Otouto Ippai Shibocchau zo! The Animation		
Baku Ane: Otouto Shibocchau zo! The Animation		
Baku Tech! Bakugan		
Baku Tech! Bakugan Gachi		
Baku Tech! Bakugan Gachi Special		Baku Tech! Bakugan Gachi ep 40
Bakuen Campus Guardress		Combustible Campus Guardress
Bakugan Battle Brawlers		
Bakugan Battle Brawlers: Gundalian Invaders	Bakugan: Gundalian Invaders	
Bakugan Battle Brawlers: Mechtanium Surge	Bakugan: Mechtanium Surge	
Bakugan Battle Brawlers: New Vestroia	Bakugan: New Vestroia	
Bakuhatsu Gorou		Bakuhatsu Goro
Bakuhatsu Sunzen!! Tenshi no Countdown	Countdown to Delight	Baku Hatsu
Bakujuu Gasshin Ziguru Hazeru		
Bakukyuu Hit! Crash B-Daman		Bakukyuu Hit! Crash B-Daman
Bakukyuu Renpatsu! Super B-Daman Specials		
Bakukyuu Renpatsu!! Super B-Daman		Bakukyu Renpatsu!! Super Bedaman
Bakuman.	Bakuman.	Bakuman Season 1
Bakuman. 2nd Season	Bakuman.	Bakuman Season 2
Bakuman. 2nd Season Special		
Bakuman. 3rd Season	Bakuman.	Bakuman Season 3
Bakuman. 3rd Season Specials		
Bakuman.: Deraman.		
Bakumatsu		Renai Bakumatsu Kareshi
Bakumatsu Gijinden Roman	Bakumatsu Gijinden Roman	Bakumatsu Gijin-den Roman
Bakumatsu Kikansetsu Irohanihoheto	Intrigue in the Bakumatsu: Irohanihoheto	
Bakumatsu Rock	Samurai Jam -Bakumatsu Rock-	
Bakumatsu Rock: Mystery! Onsen Kaijiken ze yo!!		
Bakumatsu no Spasibo		Bakumatsu no Supashiibo
Bakunyuu Bomb		Exploding Tits BOMB
Bakunyuu Maid Kari		Hunting for Bakunyuu Maids
Bakunyuu Oyako		Explosive Bust Mother and Daughter
Bakunyuu Shimai	Bomb Milk Sisters	Invasion of the Booby Snatchers
Bakuon!!	Bakuon!!	
Bakuon!! OVA		
Bakuon!! no Kobeya		The Bakuon!! Clubhouse
Bakuretsu Hunters	Sorcerer Hunters	Spell Wars: Sorcerer Hunters Revenge
Bakuretsu Hunters OVA	Sorcerer Hunters	Ganso Bakuretsu Hunters
Bakuretsu Tenshi	Burst Angel	Bakuretsu Tenshi
Bakuretsu Tenshi: Infinity		Bakuretsu Tenshi OVA
Bakuretsu Tenshi: Infinity Special		Burst Angel: Tenchi Sairin
Bakusou Circuit Roman Twin		
Bakusou Kyoudai Let&#039;s & Go		Bakuso Kyodai Let&#039;s & Go
Bakusou Kyoudai Let&#039;s & Go MAX		Bakuso Kyodai Let&#039;s & Go!! MAX
Bakusou Kyoudai Let&#039;s & Go Special		Bakuso Kyodai Let&#039;s & Go Special
Bakusou Kyoudai Let&#039;s & Go WGP		The Racing Brothers
Bakusou Kyoudai Let&#039;s & Go!! WGP Bousou Mini Yonku Daitsuiseki		
Bakuten Shoot Beyblade	Beyblade	
Bakuten Shoot Beyblade 2002	Beyblade V-Force	Beyblade 2002
Bakuten Shoot Beyblade G Revolution	Beyblade G Revolution	Beyblade Revolution
Bakuten Shoot Beyblade the Movie: Gekitou!! Takao vs. Daichi	Beyblade the Movie: Decisive Battle! Takao VS Daichi	Beyblade - The Movie
Bakutou Sengen Daigunder	Daigunder	Bakutou Sengen Daigander
Bakutsuri Bar Hunter		
Baldr Force Exe Resolution		
Balgwanghaneun Hyeondaesa		bal-gwang-ha-neun hyeon-dae-sa
Ball yo Doko e Yuku		YouTube Space Tokyo
Balloon		
Balloon (Music)		
Ballroom e Youkoso	Welcome to the Ballroom	
Balthus: Tia no Kagayaki	Balthus: Tia&#039;s Radiance	Best of Kitty #2 (3)
Bamboo Bears		
Bamboo Blade	Bamboo Blade	
Bamboo Blade: CM Fanfu-Fufe-Fo		Bamboo Blade Commercials
Bamboo Blade: Fanfu-Fufe-Fo		Bamboo Blade Specials
BanG Dream!		
BanG Dream! 2nd Season		
BanG Dream! 3rd Season		
BanG Dream! Garu☆PICO	BanG Dream! Girls Band Party!☆PICO	
BanG Dream!: Asonjatta!		BanG Dream! Special
Banana Fish		
Banana Mura ni Ame ga Furu		Minna no Uta
Bananya	Bananya	
Bandoe Sareoriratda	I&#039;ll Just Live In Bando	
Bang Babang Bang!!!	Bang Babang Bang!!!	Irodorimidori
Bannou Bunka Neko-Musume	All Purpose Cultural Cat Girl Nuku Nuku	Cat Girl Nuku Nuku
Bannou Bunka Neko-Musume (1998)	All Purpose Cultural Cat Girl Nuku Nuku TV	Nuku Nuku
Bannou Bunka Neko-Musume DASH!	All Purpose Cultural Cat Girl Nuku Nuku Dash!	Cat Girl Nuku Nuku Dash!
Bannou Bunka Neko-Musume Specials		Nuku Nuku Special
Bannou Yasai Ninninman		Wakate Animator Ikusei Project
Bao Lian Deng	Lotus Lantern	Precious Lotus Lamp
Baoh Raihousha	Baoh the Visitor	Baoh
Bara Bara Film		Barabara Film
Bara no Hana to Joe		Rose Flower and Joe
Barakamon	Barakamon	Barakamon
Barakamon: Mijikamon		Barakamon Episode 0
Barbapapa	Barbapapa	Barbapappa
Barbapapa (1977)		
Barbapapa Sekai wo Mawaru	Barbapapa Around the World	
Bari Bari Densetsu		Baribari Densetsu
Bari Bari Densetsu (1987)		Baribari Densetsu (1987)
Barnacle Lou		
Barom One		Baromu One
Bartender	Bartender	
Bary-san no Imabari-ben Kouza		Bari-san no Imabari-ben Kouza
Bary-san no Shokoku Manyuuki		
Bary-san x Gospe Rats: Tonde Bary Bary Monogatari		Bari-san x Gospe Rats: Tonde Bari Bari Monogatari
Basilisk: Kouga Ninpou Chou	Basilisk	Basilisk: Koga Nimpo Cho
Basilisk: Ouka Ninpouchou	Basilisk: The Ouka Ninja Scrolls	
Basquash!		
Bastard!!: Ankoku no Hakaishin	Bastard!!	Bastard!! Destroyer of Darkness
Batman: Gotham Knight	Batman: Gotham Knight	Batman Anime
Baton		
Batsu & Terry		Bats & Terry
Battery		
Battle Athletess Daiundoukai	Battle Athletes	Battle Athletes OVA
Battle Athletess Daiundoukai (TV)	Battle Athletes Victory	
Battle Break		
Battle Can²	Battle Can2	Battle Can-Can
Battle Girl High School	Battle Girl High School	Battle Girl Project
Battle Programmer Shirase		BPS
Battle Royal High School	Battle Royal High School	Shin Majinden
Battle Spirits Shinnen Special		Battle Spirits New Year&#039;s Special
Battle Spirits: Brave		Battlespirits: Brave
Battle Spirits: Burning Soul		Battle Spirits 2015
Battle Spirits: Double Drive		Battle Spirits Season 9
Battle Spirits: Heroes		Battle Spirits: Haou
Battle Spirits: Ryuuko no Ken	Art of Fighting	Battle Spirits: Dragon Tiger Fist
Battle Spirits: Shounen Gekiha Dan		Battle Spirits Season 2
Battle Spirits: Shounen Toppa Bashin		Battle Spirits: Shonen Toppa Bashin
Battle Spirits: Sword Eyes		Battle Spirits Season 5
Battle Spirits: Sword Eyes Gekitouden		Battle Spirits Season 6
Bavel no Hon	Bavel&#039;s Book	
Bavi Stock		Bavi Stock II: The Revenge of Eyesman - Ai no Kodou no Kanata ni
Baymax		Baymax Parapara Manga PV
Bayonetta: Bloody Fate	Bayonetta: Bloody Fate	BAYONETTA BLOODYFATE
Bazar dé Gozarre		Bazar de Gozarre
Be Blues! Ao ni Nare		
Be-Bop Highschool		Be-Bop-High School
Be-Bop Kaizokuban		Be-Bop Highschool Kaizokuban
Be-Boy Kidnapp&#039;n Idol	Be-Boy Kidnapp&#039;n Idol	Be-Boy Kidnapping Idol
Be-yond	Beyond	
Beachside Lover	Beachside Lover	
Beads no Mori no Rabi		
Beanuts		The Beanuts Brothers Show
Beast Saga		
Beast Wars Neo	Beast Wars Neo	Transformers: Beast Wars Neo
Beast Wars Second Chou Seimeitai Transformers		Beast Wars II Chou Seimeitai Transformers
Beast Wars Second Chou Seimeitai Transformers: Lio Convoy Kiki Ippatsu! Movie		Transformers: Beast Wars II: The Movie (special)
Beat Shot!!	Watch Me Sink My Putz	
Beat in Love	Beat in Love	Clazziquai Project
Beatless	Beatless	
Beatless Intermission		Beatless Recap
Beautiful Name		
Beautiful World		
Beck	Beck: Mongolian Chop Squad	BECK
Beelzebub	Beelzebub	
Beelzebub Specials		Beelzebub: Hashire! Beel-bo Keiji!!
Beelzebub-jou no Okinimesu mama.	As Miss Beelzebub Likes	
Beelzebub: Hirotta Akachan wa Daimaou!?		Beelzebub Jump Super Anime Tour Special
Beer Mukashi Mukashi		
Beet the Vandel Buster	Beet the Vandel Buster	Adventure King Beet
Beet the Vandel Buster Excellion		
Behind a Smile		FACT - Behind A Smile
Believe		Arashi - Believe
Believe in It		
Bell to Kaijuu Ouji		Beauty and the Beast
Beluga		
Bemubemu Hunter Kotengu Tenmaru		Bemubemu Hunter Kotengumaru
Ben-To	Ben-To	Bento
Ben-To Picture Drama		Ben-To Specials
Benkei tai Ushiwaka		Benkei vs Ushiwaka
Benpiyaku Colace		
Beompeoking Jaepeo		Bumper King Zapper
Beppu x Peeping Life		
Bernard-jou Iwaku.	Miss Bernard said.	
Bernard-jou Iwaku.: Ofuro Dokusho		Bernard-jou Iwaku. Episode 13
Bero-dashi Chonma	Chonma Sticks His Tongue Out	
Berserk	Berserk	
Berserk 2nd Season	Berserk	
Berserk Recap		Berserk Dai 1-ki Digest Eizou
Berserk: Majo no Tsuisou	Berserk: Recollections of the Witch	Berserk 2nd Season Episode 9.5
Berserk: Ougon Jidai-hen I - Haou no Tamago	Berserk: The Golden Age Arc I - The Egg of the King	Berserk Movie
Berserk: Ougon Jidai-hen II - Doldrey Kouryaku	Berserk: The Golden Age Arc II - The Battle for Doldrey	Berserk Movie
Berserk: Ougon Jidai-hen III - Kourin	Berserk: The Golden Age Arc III - The Advent	Berserk Movie
Best Care Group		
Betsu ni Anta no Tame ni Ookiku Natta n ja Nai n Dakara ne!!		It&#039;s Not Like I Grow Up Just for You!!
Betterman		
Beyblade Burst		
Beyblade Burst Chouzetsu		
Beyblade Burst God		
Bi-Indoushi Miija: Injoku no Gakuen	Mija Beautifull Demon	Princesse Demonia
Bi-chiku Beach: Nangoku Nyuujoku Satsueikai		
Bible Black		Bible Black: Night of the Walpulgiss
Bible Black Gaiden	Bible Black Origins	
Bible Black Only Version		
Bible Black: Imari Ryoujoku Genba		Bible Black Imari Rape Scene
Bible Black: New Testament	Bible Black: New Testament	Shin Bible Black
Bible Black: New Testament Recap		Shin Bible Black - Kanzenban - Restored: Rinne
Biblia Koshodou no Jiken Techou		The Case Records of the Biblia Secondhand Bookstore
Bibury	Bibury	BIbury PV
Bic Contact X Mameshiba Collab CM		Bic Camera
Big Order		
Big Order (TV)		Big Order
Big Wars: Kami Utsu Akaki Kouya ni	Big Wars	
Big X		
Big X Episode 0		
Bihada Ichizoku		Junai Cosmetic Comic: Bihada Ichizoku
Biju Tune!	Biju Tune!	
Bijukubo		
Bikini Warriors	Bikini Warriors	
Bikini Warriors OVA		Bikini Warriors Episodes 14
Bikini Warriors Special		Bikini Warriors Episode 13
Bikkuriman		Prince Hercule
Bikkuriman 2000		
Bikkuriman Kids: Theme Fighter Nyander		
Bikkuriman: Daiichiji Seima Taisen		
Bikkuriman: Moen Zone no Himitsu		
Bikyaku Seido Kaichou Ai		
Binan Koukou Chikyuu Boueibu Happy Kiss!		
Binan Koukou Chikyuu Boueibu LOVE!	Cute High Earth Defense Club LOVE!	
Binan Koukou Chikyuu Boueibu LOVE! LOVE!	Cute High Earth Defense Club LOVE! LOVE!	Binan Koukou Chikyuu Bouei-bu LOVE! 2nd Season
Binan Koukou Chikyuu Boueibu LOVE! LOVE! LOVE!	Cute High Earth Defense Club LOVE! LOVE! LOVE!	
Binbou Shimai Monogatari		Poor Sisters Story
Binbougami ga!	Good Luck Girl!	Binbou Gami ga!
Binchou-tan		Binchotan
Binetsu Hime: Zange no Shou		
Binetsu Shoukougun	Slight Fever Syndrome	
Binetsu: Yakusoku no Toki		
Binetsukko ♭37℃ The Animation		Binetsukko flat 37
Binkan Athlete		
Binzume Yousei	Bottle Fairy	Binzume Yousei: Bottle Fairy
Bio Hunter		Biohunter
Biohazard 4: Incubate		Resident Evil 4: Incubate
Biohazard 4D-Executer	Resident Evil 4D Executor	
Biohazard: Damnation		Resident Evil: Damnation
Biohazard: Degeneration		Resident Evil: Degeneration
Biohazard: Vendetta	Resident Evil: Vendetta	
Bip to Bap	The Adventures of Bip & Bap	
Biriken		Billy Inu
Biriken Nandemo Shoukai		Biriken 2
Birth	Birth	Planet Busters
Birthday Boy		
Bishoujo Animerama: Gokkun Doll - Choujigen Pico-chan Toujou!!		Sexy Anime Rama #4
Bishoujo Animerama: Manami no Michi Tono Sou Nyuu!?		Sexy Anime Rama #3
Bishoujo Animerama: Minami no Watashi no Heart ni Tacchi Shite...		Sexy Anime Rama #2
Bishoujo Animerama: Miyuki-chan SOS-H Shichauzo		Sexy Anime Rama #1
Bishoujo Comic Lolicon Angel: Mitsu no Aji		Lolicon Angel
Bishoujo Mobage: Mobami-chan		
Bishoujo Senshi Sailor Moon	Sailor Moon	Pretty Soldier Sailor Moon
Bishoujo Senshi Sailor Moon Crystal	Pretty Guardian Sailor Moon Crystal	Pretty Soldier Sailor Moon (2014)
Bishoujo Senshi Sailor Moon Crystal Season III	Pretty Guardian Sailor Moon Crystal Season III	Bishoujo Senshi Sailor Moon Crystal: Death Busters-hen
Bishoujo Senshi Sailor Moon Memorial	Pretty Soldier Sailor Moon Memorial	
Bishoujo Senshi Sailor Moon R	Sailor Moon R	Pretty Soldier Sailor Moon R
Bishoujo Senshi Sailor Moon R: Make Up! Sailor Senshi		
Bishoujo Senshi Sailor Moon R: The Movie	Sailor Moon R: The Movie	
Bishoujo Senshi Sailor Moon S	Sailor Moon S	Pretty Soldier Sailor Moon S
Bishoujo Senshi Sailor Moon S: Kaguya Hime no Koibito	Sailor Moon S Movie: Hearts in Ice	Bishoujo Senshi Sailor Moon S: The Movie
Bishoujo Senshi Sailor Moon SuperS	Sailor Moon SuperS	Bishoujo Senshi Sailor Moon Super S
Bishoujo Senshi Sailor Moon SuperS Gaiden: Ami-chan no Hatsukoi	Sailor Moon SuperS Plus: Ami&#039;s First Love	
Bishoujo Senshi Sailor Moon SuperS Special		Bishoujo Senshi Sailor Moon Super S Special
Bishoujo Senshi Sailor Moon SuperS: Sailor 9 Senshi Shuuketsu! Black Dream Hole no Kiseki	Sailor Moon SuperS the Movie: Black Dream Hole	Bishoujo Senshi Sailor Moon SuperS: The Movie
Bishoujo Senshi Sailor Moon: Sailor Stars	Sailor Moon Sailor Stars	Pretty Soldier Sailor Moon: Sailor Stars
Bishoujo Senshi Sailor Moon: Sailor Stars - Hero Club		
Bishoujo Yuugekitai Battle Skipper	Battle Skipper	Battle Skipper School
Bishoujo Yuugi Unit Crane Game Girls	Crane Game Girls	Bishoujo Yuugi Unit Crane Gale: Crane Game Girls
Bishoujo Yuugi Unit Crane Game Girls Galaxy	Crane Game Girls Galaxy	Bishoujo Yuugi Unit Crane Gale: Crane Game Girls 2
Bit the Cupid		
Black Blood Brothers	Black Blood Brothers	
Black Bullet	Black Bullet	
Black Bullet: Tenchuu＊Girls		Tenchu Girls CM
Black Cat	Black Cat	
Black Cat: Toozakaru Neko		Black Cat Episode 14.5
Black Clover	Black Clover	
Black Clover: Jump Festa 2016 Special		
Black Fox		
Black Gate: Kanin no Gakuen		
Black Jack	Black Jack	Black Jack OVA
Black Jack (TV)		Black Jack 2004
Black Jack (TV): Hizouban Specials		Black Jack: Lost Episodes
Black Jack 21		BJ21
Black Jack ONA		Black Jack: Internet-han
Black Jack Specials: Inochi wo Meguru Yottsu no Kiseki		Black Jack Special: The 4 Miracles of Life
Black Jack the Movie	Black Jack: The Movie	
Black Jack: Dr. Pinoko no Mori no Bouken	Black Jack: Dr. Pinoco&#039;s Adventure	
Black Jack: Futari no Kuroi Isha	Black Jack: The Two Doctors of Darkness	
Black Jack: Futari no Kuroi Isha - Manner Movie		Black Jack: Futari no Kuroi Isha - A Reminder
Black Jack: Heian Sento	Black Jack: Capital Transfer To Heian	Black Jack: Tezuka World Movie
Black Jack: Karte NG Extras		
Black Jack: Sora kara Kita Kodomo		Black Jack: The Child Who Came from the Sky
Black Lagoon	Black Lagoon	
Black Lagoon Omake		
Black Lagoon: Roberta&#039;s Blood Trail	Black Lagoon: Roberta&#039;s Blood Trail	Black Lagoon 3
Black Lagoon: The Second Barrage	Black Lagoon: The Second Barrage	Black Lagoon 2nd Season
Black Magic M-66		Black Magic M66
Black Ocean		
Black Shout	Black Shout	Roselia
Black★Rock Shooter		BRS
Black★Rock Shooter (OVA)		BRS OVA
Black★Rock Shooter (TV)	Black Rock Shooter	BRS (TV)
Blade	Blade	
Blade & Soul	Blade & Soul	Blade and Soul
Blade & Soul Specials		Blade and Soul Specials
Blade Runner: Black Out 2022		
Blade of the Immortal	Blade of the Immortal	Mugen no Juunin
Blame!		
Blame! Movie		Blame!: The Ancient Terminal City
Blame! Prologue		
Blame! Special		
Blassreiter	Blassreiter	BLASSREITER -genetic-
Blassreiter: Navi		Blassreiter Navigator
BlazBlue: Alter Memory	BlazBlue: Alter Memory	
BlazBlue: Alter Memory Specials		
Bleach	Bleach	
Bleach Colorful!: Gotei Juusan Yatai Daisakusen!		Bleach: Jump Festa 2008
Bleach Movie 1: Memories of Nobody	Bleach the Movie: Memories of Nobody	
Bleach Movie 2: The DiamondDust Rebellion - Mou Hitotsu no Hyourinmaru	Bleach the Movie: The DiamondDust Rebellion	
Bleach Movie 3: Fade to Black - Kimi no Na wo Yobu	Bleach the Movie: Fade to Black	Fade to Black: Call Out Your Name
Bleach Movie 4: Jigoku-hen	Bleach the Movie: Hell Verse	Bleach: The Hell Chapter
Bleach: Memories in the Rain	Bleach: Memories in the Rain	Bleach: Jump Festa 2004
Bleach: The Sealed Sword Frenzy		Bleach: Jump Festa 2005
Blend		
Blend S	BLEND-S	
Blind Night		
Blocker Gundan IV Machine Blaster		Blocker Gundan 4 Machine Blaster
Blood Lad	Blood Lad	
Blood Lad: Kanketsu Kinen		
Blood Lad: Wagahai wa Neko de wa Nai	Blood Lad OVA	
Blood Royale		Blood Royale Princesses
Blood+	Blood+	Blood Plus
Blood-C	BLOOD-C	Blood-C
Blood-C: None-None Gekijou		BLOOD-C The Last Dark Special
Blood-C: Special Edition		Blood-C: Tokubetsu Henshuu Version
Blood-C: The Last Dark	Blood-C: The Last Dark	Blood-C Movie
Blood: The Last Vampire	Blood: The Last Vampire	
Bloodivores	Bloodivores	Space Time Prisoner
Bloods: Inraku no Ketsuzoku 2		
Bloody Bunny		Bloody Bunny: Don&#039;t Be My Enemy
Bloody Date		Chimidoro Date
Bloody Night		Chimidoro no Yoru
Blossom		Zapuni Project
Blue Dragon		
Blue Dragon: Tenkai no Shichi Ryuu	Blue Dragon: The Seven Dragons of the Heavens	Blue Dragon: Tenkuu no Nana Ryuu
Blue Drop: Tenshi-tachi no Gikyoku	Blue Drop	Blue Drop: Tenshitachi no Gikyoku
Blue Gender	Blue Gender	
Blue Gender: The Warrior	Blue Gender: The Warrior	
Blue Remains		
Blue Seagull		
Blue Seed	Blue Seed	
Blue Seed 1.5		Blue Seed Ver. 1.5 [Premium]
Blue Seed 2	Blue Seed Beyond	Blue Seed 2: Operation Mitama
Blue Seed Omake		
Boat Race Marugame Image Talent Mimika		
Bobby ni Kubittake		Bobby&#039;s Girl
Bobobo-bo Bo-bobo	Bobobo-bo Bo-bobo	Boboboobo Boobobo
Bobobo-bo Bo-bobo Recap		 ﾊﾟﾁ美の時代が♥
Bocchan		Botchan
Body Jack: Tanoshii Yutai Ridatsu		Pink Noise
Boer no Mori e		Minna no Uta
Bogeul Bogeul Bomulseon	Submarine Bubble Bubble	
Bohemian Rhapsody		Queen - Bohemian Rhapsody feat. Leiji Matsumoto
Boin	Boin	Boin Lecture
Boku	 Otaryman.	ぼく、オタリーマン。
Boku dake ga Inai Machi	ERASED	The Town Where Only I am Missing
Boku dake ga Inai Machi Recap	ERASED 1-6 Digest	Boku dake ga Inai Machi Episode 6.5
Boku dake no Hentai Kanojo Motto♥ The Animation		
Boku dake no Hentai Kanojo The Animation		
Boku datte	 Kirei ni Shitainda	ぼくだって、きれいにしたいんだ
Boku no Aozora		
Boku no Boukuugou		My Air Raid Shelter
Boku no Chikyuu wo Mamotte	Please Save My Earth	Bokutama
Boku no Chikyuu wo Mamotte: Alice kara	 Rin-kun e	ぼくの地球を守って～亜梨子から、輪くんへ～
Boku no Chikyuu wo Mamotte: Kiniro no Toki Nasarete	Please Save My Earth: The Passing of the Golden Age	
Boku no Diet Daisakusen		
Boku no Hero Academia	My Hero Academia	
Boku no Hero Academia 2nd Season	My Hero Academia 2	
Boku no Hero Academia 2nd Season: Hero Note	My Hero Academia Season 2: Hero Notebook	Boku no Hero Academia Recap
Boku no Hero Academia 3rd Season	My Hero Academia 3	
Boku no Hero Academia The Movie: Futari no Hero		My Hero Academia the Movie: The Two Heroes
Boku no Hero Academia: Sukue! Kyuujo Kunren!		Boku no Hero Academia Jump Festa 2016 Special
Boku no Hero Academia: Training of the Dead		My Hero Academia: Training of the Dead
Boku no Imouto wa Osaka Okan		Boku no Imouto wa Oosaka Okan
Boku no Imouto wa Osaka Okan: Haishin Gentei Osaka Okan.		Boku no Imouto wa Osaka Okan Episode 1.5
Boku no Imouto wa Osaka Okan: Uchi no Oniichan wa Tokyo Rule		Boku no Imouto wa Oosaka Okan: Our Big Brother&#039;s Tokyo Rules
Boku no Kanojo ga Majimesugiru Sho-bitch na Ken	My Girlfriend is Shobitch	My Girlfriend is a Faithful Virgin Bitch
Boku no Kanojo ga Majimesugiru Sho-bitch na Ken OVA	My Girlfriend Is ShoBitch	My Girlfriend is a Faithful Virgin Bitch
Boku no Marie	My Dear Marie	Metal Angel Marie
Boku no Oldies wa All Color		My All-Day All-Color
Boku no Pico		Boku no Piko
Boku no Sexual Harassment	My Sexual Harassment	
Boku no Son Gokuu		My Son Goku
Boku no Yayoi-san		
Boku no Yayoi-san 2		
Boku to Gaku: Ano Natsu no Monogatari		
Boku to Misaki-sensei		
Boku to Sakana no Monogatari		Minna no Uta
Boku wa Imouto ni Koi wo Suru		I&#039;m My Little Sister&#039;s Secret
Boku wa Kimi wo Warawanai		
Boku wa Ko Zou no Shouboutai		
Boku wa Koko de Ikiteiku		Minna no Uta
Boku wa Konomama Kaeranai	I Shall Never Return	Our Road of no Return
Boku wa Kuma		Minna no Uta: Boku wa Kuma
Boku wa Mada 7-sai Datta		7 Years Boku
Boku wa Ou-sama		
Boku wa Ou-sama (TV)		
Boku wa Ou-sama (TV) Special		
Boku wa Robot-goshi no Kimi ni Koi wo Suru	I fall in love with you through a robot	
Boku wa Robot-goshi no Kimi ni Koi wo Suru Movie	I fall in love with you through a robot	
Boku wa Shitteru yo.		
Boku wa Sonzai Shiteinakatta		22/7
Boku wa Sugu ni Nigetanda: Higashi Nihon Daishinsai kara Mananda Koto		
Boku wa Tomodachi ga Sukunai	Haganai: I don&#039;t have many friends	I Don&#039;t Have Many Friends
Boku wa Tomodachi ga Sukunai Episode 0		Boku wa Tomodachi ga Sukunai OVA
Boku wa Tomodachi ga Sukunai Next	Haganai: I don&#039;t have many friends NEXT	Boku wa Tomodachi ga Sukunai 2nd Season
Boku wa Tomodachi ga Sukunai: Relay Shousetsu wa Ketsumatsu ga Hanpanai	Haganai: Add-on Disc	I Don&#039;t Have Many Friends: Add-on Disc
Bokunchi no Chabo		Minna no Uta
Bokura Machi Bouzu!		Minna no Uta
Bokura Mangaka: Tokiwasou Monogatari		We&#039;re Manga Artist: Tokiwa Villa Story
Bokura ga Ita		Bokuraga Ita
Bokura no Ashita: Freeter no Genjou ni Kansuru Wakamono e no Shuuchi Kouhou Jigyou		
Bokura no Hero		Minna no Uta
Bokura no Live Kimi to no Life		Love Live! School Idol Project: Bokura no Live Kimi to no Life
Bokura no Nanokakan Sensou		Our Seven-Day War
Bokura no Saibanin Monogatari	Our Jury Story	
Bokura no Sex		
Bokura wa Minna Kawai-sou	The Kawai Complex Guide to Manors and Hostel Behavior	
Bokura wa Minna Kawai-sou Specials		Bokura wa Minna Kawaisou: Shiro-san to Ore
Bokura wa Minna Kawai-sou: Hajimete no		The Kawai Complex Guide to Manors and Hostel Behavior: First Time
Bokurano	Bokurano	Bokurano: Ours
Bokurano Recap		Bokurano Episode 15.5
Bokusatsu Tenshi Dokuro-chan	Bludgeoning Angel Dokuro-chan	Club-To-Death Angel Dokuro-chan
Bokusatsu Tenshi Dokuro-chan 2	Bludgeoning Angel Dokuro-chan 2	Club-To-Death Angel Dokuro-chan 2
Bokutachi no Peace River		
Bollogi Iyagi	Bologee Story	
Bomberman B-Daman Bakugaiden		Bomberman Bedaman Bakugaiden
Bomberman B-Daman Bakugaiden Victory		Bomberman Bedaman Bakuretsu Gaiden V
Bomberman Jetters		Bomberman Jetterz
Bondage Game: Shinsou no Reijoutachi	Bondage Game	
Bondage Game: Shinsou no Reijoutachi - Shinsou no Doreitachi		Bondage Game: Shinsou no Reijoutachi Special
Bonjour♪Koiaji Pâtisserie	Bonjour♪Sweet Love Patisserie	Bonkoi
Bonobono	Bonobono	Bonobono Movie
Bonobono (2016)	Bono Bono	
Bonobono (TV)	Bonobono	
Bonobono (TV) Specials	Bonobono	
Bonobono: Kumomo no Ki no Koto		Bonobono the Movie
Bonobono: Uchuu kara Kita Tomodachi		
Boo Boo Boy		BooBooBoy
Boogiepop wa Warawanai		Boogiepop Never Laughs
Boogiepop wa Warawanai: Boogiepop Phantom	Boogiepop Phantom	Boogiepop Never Laughs
Born by Myself		
Boruto: Jump Festa 2016 Special		
Boruto: Naruto Next Generations	Boruto: Naruto Next Generations	
Boruto: Naruto the Movie	Boruto: Naruto the Movie	Gekijouban Naruto (2015)
Boruto: Naruto the Movie - Naruto ga Hokage ni Natta Hi		Boruto: Naruto the Movie - The Day Naruto Became the Hokage
Bosco Daibouken	Bosco Adventure	
Bosco no Mori no Nakama-tachi		Bosco Adventure Pilot
Bouken Dankichi: Hyouryuu no Maki	Dankichi on a Tropical Island	Boken Dankichi: Hyoryu no Maki
Bouken Gabotenjima	Adventure on the Gaboten Island	Boken Gabotenjima
Bouken Korobokkuru		Adventure of Korobokkuru
Bouken Shite mo Ii Koro		
Bouken Shounen Shadar	Adventure Boy Shadar	Boken Shonen Shadar
Bouken Yuuki Pluster World	Adventure Hero Pluster World	Plusters
Bouken! Iczer 3	Iczer Reborn	Adventures With Iczer 3
Bouken-tachi Gamba to Nanbiki no Nakama		The Adventurers Gamba and his Seven Friends
Boukensha: The Man Was from Spain	Christopher Columbus	Christopher Columbus: The Commemorative Series
Boukyaku no Senritsu	The Melody of Oblivion	
Bounen no Xamdou	Xam&#039;d: Lost Memories	Bonen no Xamdou
Bouningen Weekend		
Bounty Dog: Getsumen no Ibu		
Bounty Hunter: The Hard		The Hard: Bounty Hunter
Bousai Keihatsu Douga	The Disaster Awareness Video	
Bousou Sengokushi		Spectre
Box		
Boy Meets Harem The Animation		
Boyfriend		
Boys Be...	Boys Be...	
BraFro x Taka no Tsume: Brave Funding Prologue		Brave Frontier x Taka no Tsume
Brain Powerd		Brain Powered
Brandish		
Brave 10	Brave 10	Brave10
Brave Beats	Brave Beats	
Brave Fire S0.9		
Brave Story	Brave Story	
Brave Witches	Brave Witches	
Brave Witches: Petersburg Daisenryaku		Brave Witches Episode 13
Break Blade	Broken Blade	
Break Blade 1: Kakusei no Toki	Broken Blade	Breaker Blade
Break Blade 2: Ketsubetsu no Michi	Broken Blade 2	Breaker Blade 2
Break Blade 3: Kyoujin no Ato	Broken Blade 3	Breaker Blade 3
Break Blade 4: Sanka no Chi	Broken Blade 4	Breaker Blade 4
Break Blade 5: Shisen no Hate	Broken Blade 5	Breaker Blade 5
Break Blade 6: Doukoku no Toride	Broken Blade 6	Breaker Blade 6
Break Blade Picture Drama	Broken Blade Picture Drama	Breaker Blade Picture Drama
Break Blade: Virgins War		Break Blade Special
Break Go!Ga!	Break Go!Ga!	Break Todoroki Kiba
Break-Age		Breakage
Bremen 4: Jigoku no Naka no Tenshi-tachi	Bremen 4	Bremen Four
Brigadoon: Marin to Melan	Brigadoon	Brigadoon Marin and Melan
Brilliant Better	Brilliant Better	Irodorimidori
Bronze: Kouji Nanjo Cathexis		Bronze: Cathexis Koji Nanjo
Bronze: Zetsuai Since 1989		
Broots		Brutes
Brotherhood: Final Fantasy XV		
Brothers Conflict	Brothers Conflict	BroCon
Brothers Conflict OVA		
Brothers Conflict Special		BroCon Special
Btooom!	BTOOOM!	
Bubaga	Bubaga	
Bubble Bath		Minna no Uta
Bubblegum Crash		
Bubblegum Crisis		Bubblegum Crisis 2032
Bubblegum Crisis Tokyo 2040		Bubblegum Crisis 2040
Bubuki Buranki	BBK/BRNK	
Bubuki Buranki: Hoshi no Kyojin	BBK/BRNK: The Gentle Giants of the Galaxy	Bubuki Buranki 2nd Season
Bucchigiri		Butchgiri
Bucket de Gohan		Meals in a Bucket
Bucket no Ana		Minna no Uta
Bucket no Naka no Kaka	Kaka in the bucket.	
Buddha Saitan	The Rebirth of Buddha	Happy Science Movie 5
Buddy Complex	Buddy Complex	
Buddy Complex: Daremo Shiranai Ashita e		
Buddy Complex: Kanketsu-hen - Ano Sora ni Kaeru Mirai de		
Buddy Go!		Oha-Suta
Buddy Go! 2		Oha-Suta
Buddy Spirits		
Bug tte Honey		Bug-tte Honey
Bug tte Honey: Megarom Shoujo Mai 4622		Honey the Bug Dance Megarom Girl 4622
Buki yo Saraba	A Farewell to Arms	Short Peace
Bulg-eunmae	Red Hawk - Weapon Of Death	The Red Falcon
Bulsajo Robot Phoenix King	Defenders of Space	Phoenix-bot Phoenix King
Bunbuku Chagama		The Bunbuku Teapot
Bunbuku Chagama (1958)		
Bungaku Shoujo Kyou no Oyatsu: Hatsukoi		Bungaku Shoujo OVA
Bungaku Shoujo Memoire		Book Girl: Memoire
Bungaku Shoujo Movie		Book Girl
Bungaku Shounen no Yuuutsu	The Melancholia of a Literary Boy	
Bungou Stray Dogs	Bungo Stray Dogs	Literary Stray Dogs
Bungou Stray Dogs 2nd Season	Bungo Stray Dogs 2	
Bungou Stray Dogs: Dead Apple		
Bungou Stray Dogs: Hitori Ayumu		Bungou Stray Dogs OVA
Bunna yo Ki kara Orite Koi		Bunna Comes Down from the Tree
Buonomo		Bonomo
Buppu na Mainichi		
Burenai Ai de		With an Unblurred Eye
Burn Up Excess	Burn Up Excess	Burn Up! X
Burn Up Scramble		Burn-Up Scramble
Burn Up!		Burn Up
Burn Up! W		Burn Up! Warrior
Burning Blood		
Burning Village		
Burutabu-chan		
Bus Gamer		BusGamer
Busou Chuugakusei: Basket Army		Basket Army
Busou Renkin	Buso Renkin	BoRe
Busou Shinki	Busou Shinki: Armored War Goddess	
Busou Shinki Moon Angel		
Busou Shinki OVA		
Busou Shoujo Machiavellianism	Armed Girl&#039;s Machiavellism	
Busou Shoujo Machiavellianism: Doki! Goken-darake no Ian Ryokou		Busou Shoujo Machiavellianism Episode 13
Busou Shoujotai: Blade Briders The Animation		
Bust to Bust: Chichi wa Chichi ni		
Buta		Wakate Animator Ikusei Project
Buta Himesama		
Buta no Gotoki Sanzoku ni Torawarete Shojo wo Ubawareru Kyonyuu Himekishi & Onna Senshi		Buta no Gotoki Sanzoku ni Torawarete Shojo wo Ubawareru Kyonyuu Himekishi & Onna Senshi: Zettai Chinpo Nanka ni Maketari Shinai!! The Animation
Butazuka		Pig Mound
Butlers: Chitose Momotose Monogatari		Butlers x Battlers
Butten Monogatari		Buddhist Scriptures
Buttobi!! CPU	I Dream of Mimi	
Buzzer Beater		
Buzzer Beater 2nd Season		Buzzer Beater (2007)
By Your Side		Zapuni Project
Byeolnala Samchongsa		The Starland Trio
Byoudoku no Denpa	Diseases Spread	
Byousoku 5 Centimeter	5 Centimeters Per Second	Five Centimeters Per Second
Byston Well Monogatari: Garzey no Tsubasa	Garzey&#039;s Wing	Tales of Byston Well
Bytheway Dance	By the Way Dance	Inazma Delivery Theme Song
Byulbyul Iyagi		If You Were Me: Anima Vision (2005)
Byulbyul Iyagi 2		If You Were Me: Anima Vision 2 (2008)
