K	K	K-Project
K-On!	K-ON!	Keion
K-On! Movie	K-ON! The Movie	Eiga K-On!
K-On!!	K-ON! Season 2	Keion 2
K-On!!: Keikaku!		Keion 2 Special
K-On!!: Ura-On!!	K-ON!!: Ura-On!!	K-On!! Specials
K-On!: Live House!		K-On! OVA
K-On!: Ura-On!	K-On!: Ura-On!	K-On! Specials
K: Missing Kings	K: Missing Kings	K (Movie)
K: Missing Kings - Manner Movie		K (Movie) Manner Movie
K: Return of Kings	K: Return of Kings	K-Project Sequel
K: Seven Stories - The Idol K		
K: Seven Stories Movie 1 - R:B - Blaze		K-Project 7 Stories
K: Seven Stories Movie 2 - Side:Blue - Tenrou no Gotoku		K: Seven Stories - Side:Blue - Like Sirius
K: Seven Stories Movie 3 - Side:Green - Uwagaki Sekai		K: Seven Stories - Side:Green - The Overwritten World
K: Seven Stories Movie 4 - Lost Small World - Ori no Mukou ni		K: Seven Stories - Lost Small World - To the Other Side of the Cage
K: Seven Stories Movie 5 - Memory of Red - Burn		
K: Seven Stories Movie 6 - Circle Vision - Nameless Song		
KO Seiki Beast Sanjuushi	KO Century Beast Warriors	K.O. Beasts
KY-kei JC Kuuki-chan		
Kaakaa Karasu no Kanzaburou		Minna no Uta
Kaba Enchou no Doubutsuen Nikki		Kaba Enshou no Doubutsuen Nikki
Kaba no Potomasu		Potomas the Hippo
Kabatotto	Hippo and Thomas	Kabba Totto
Kabi Usagi		Mold Rabbit
Kabi Usagi: Game Center		Mold Rabbit: Game Center
Kabi Usagi: Hikouki		Mold Rabbit: Airplane
Kabi Usagi: Kaichuu		Mold Rabbit: Under the Sea
Kabocha no Oji-san		Minna no Uta
Kabuki-bu!	Kabukibu!	
Kabuki-bu!: Oogiri Chiyocolate-gassen		Kabuki-bu!: Oogiri Chiyokoreito Kassen
Kabushiki Kaisha Zoo		Ltd. Zoo
Kabushikigaisha Aokishouji		Shachou-hen
Kabushikigaisha OPT Shinsotsu Saiyou Movie		OPT Recruiting Animation
Kacchikenee!		Wakate Animator Ikusei Project
Kachikachi Yama		
Kachikachi Yama (1939)		
Kachikachi Yama (1940)		
Kachikachi Yama (1958)		
Kachikachi Yama no Shouboutai		
Kachikachi Yama: Umi Yama-hen		Kachikachi Yama (1934)
Kachou Ouji	Legend of Black Heaven	Kachou Ouji: Hard Rock Save the Space
Kachou no Koi		
Kaden Manzai John TV Show!		Consumer Electronics John TV Show
Kaede New Town		Kaede Newtown
Kaeru San Yuushi	Three Brave Frogs	The Three Fearless Frogs
Kaeru wa Kaeru		
Kaette Kita Court no Naka no Tenshi-tachi	Angels in the Court 2	
Kaette Kita Top wo Nerae! Kagaku Kouza		Aim for the Top! Gunbuster Science Lesson Returns
Kaette Kite yoo Toyama kara		
Kaettekita Dr. Slump: Arale-chan Special		Dr. Slump Arale-chan Returns Special
Kafun Shoujo Chuuihou! The Animation		The Pollinic Girls Attack! ~The Animation~
Kagachi-sama Onagusame Tatematsurimasu: Netorare Mura Inya Hanashi The Animation		
Kagaku Bouken-tai Tansar 5		Scientific Adventure Team Tansar 5
Kagaku Kyuujo-tai TechnoVoyager	Thunderbirds 2086	Kagaku Kyujotai Techno Voyager
Kagaku Ninja-tai Gatchaman	Gatchaman	G-Force
Kagaku Ninja-tai Gatchaman (Movie)		Science Ninja Team Gatchaman (movie)
Kagaku Ninja-tai Gatchaman F	Eagle Riders (2)	Gatchaman Fighter
Kagaku Ninja-tai Gatchaman II	Eagle Riders	Science Ninja Team Gatchaman II
Kagaku na Yatsura		
Kagami		
Kagami no Genon	sound / phantasma / mirror	Kagami no Gen&#039;on
Kagayake! Yuujou no V Sign		
Kage	Shadow	
Kage (OVA)	Shadow	Hyper Shinobi Animation: Shadow
Kage kara Mamoru!	Guardian Ninja Mamoru	Protect from the Shadows!
Kage no Kodomo	Children of the Shadows	
Kagee Aesop Monogatari		Kagee Aesop&#039;s Fables
Kagee Anime Series		
Kagee Grimm Douwa		Kage-e Grimm Dowa
Kagee Mukashibanashi		Kage-e Mukashibanashi
Kagerou Daze: In a Day&#039;s		
Kagerouka-kun		
Kagewani	Kagewani	
Kagewani: Shou	Kagewani -II-	
Kagihime Monogatari Eikyuu Alice Rinbukyoku	Key Princess Story Eternal Alice Rondo	Kagihime
Kagihime Monogatari Eikyuu Alice Rinbukyoku Extra Song		Key Princess Story Eternal Alice Rondo Extra Song
Kagirinaki Rakuen		Eternal Paradise
Kagirohi: Shaku Kei		
Kagirohi: Shaku Kei - Another		
Kago Shintarou Anime Sakuhin Shuu		Short Animation of Shintaro Kago
Kaguya-hime		
Kaguya-hime no Monogatari	The Tale of the Princess Kaguya	Kaguyahime no Monogatari
Kaguya-hime: Taketori Monogatari		Kaguyahime: Taketori Monogatari
Kahei no Umi	KAHEY - A Certain Captain&#039;s Life	Kahey no Umi
Kai Doh Maru		Kaidoumaru
Kai Douryoku		Free Power
Kai Douryoku Real		Free Power Real
Kai Feng Kidan Movie		Kai Feng Story
Kai Feng Qitan: Zhege Baogong Bu Taixing		Kaifeng Strange Tales: This Lord Bao is Not That Great
Kai: Geoul Hosuui Jeonseo		
Kaiba		Kaiba
Kaibutsu Gakushou	Notes on Monstropedia	
Kaibutsu Oujo	Princess Resurrection	Kaibutsu Ohjo
Kaibutsu Oujo (OVA)		Kaibutsu Ohjo
Kaibutsu Oujo (OVA) Specials		Princess Resurrection: Kerberotte Specials
Kaibutsu Oujo: Konsui Oujo		Kaibutsu Oujo Special
Kaibutsu-kun		Little Monster
Kaibutsu-kun (1980)		Kaibutsu-kun 2
Kaibutsu-kun: Demon no Ken		
Kaibutsu-kun: Kaibutsu Land e no Shoutai		
Kaichou wa Maid-sama!	Maid Sama!	Class President is a Maid!
Kaichou wa Maid-sama!: Goshujinsama to Asonjao♥		Kaichou wa Maid-sama LaLa Special
Kaichou wa Maid-sama!: Omake dayo!	Maid Sama!: Omake dayo	Kaicho wa Maid-sama! Special
Kaichuu!		Kaichu!
Kaidan	Kaidan	Ghost Story
Kaidan Restaurant		Thriller Restaurant
Kaijuu	KAIJYU	Kaisoku Tokyo
Kaijuu Girls Kuro: Ultra Kaijuu Gijinka Keikaku		Kaijuu Girls Black
Kaijuu Girls: Ultra Kaijuu Gijinka Keikaku	KAIJU GIRLS	
Kaijuu Girls: Ultra Kaijuu Gijinka Keikaku 2nd Season		
Kaijuu Sakaba Kanpai!		
Kaijuu Sakaba Kanpai! Specials		Monster Tavern Toast Specials
Kaijuu ga Yattekuru		Minna no Uta
Kaijuu no Ballad		Monster&#039;s Ballad
Kaikan Phrase		Sensual Phrase
Kaiketsu Jouki Tanteidan	Steam Detectives	Steam Detective
Kaiketsu Tamagon		Tamagon the Counselor
Kaiketsu Zorori	Kaiketsu Zorori	
Kaiketsu Zorori (TV)	Kaiketsu Zorori	
Kaiketsu Zorori Da-Da-Da-Daibouken!		
Kaiketsu Zorori Movie: Uchuu no Yuusha-tachi		Eiga Kaiketsu Zorori: Uchuu no Yuusha-tachi
Kaiketsu Zorori Movie: ZZ no Himitsu		Eiga Kaiketsu Zorori: ZZ no Himitsu
Kaiketsu Zorori: Mahoutsukai no Deshi/Dai Kaizoku no Takara Sagashi	Kaiketsu Zorori Movie	Kaiketsu Zorori: Mahou Tsukai no Deshi
Kaiketsu Zorori: Mamoru ze! Kyouryuu no Tamago		
Kaiketsu Zorro	The Magnificent Zorro	The Legend of Zorro
Kairaku Satsujin Chousakan Kouji	Demon Warrior Koji	Koji le guerrier démon
Kairaku no Sono	The Garden of Pleasure	
Kairisei Million Arthur	Kai-ri-Sei Million Arthur	
Kaishain vs. Credit Card Kachou: CreCar no Rule Shitteru kai?	Kaishain vs Credit Card Kacho	
Kaishain x Sumida Suizokukan Bikkuri! Kai Matsuri CM		
Kaitei Choutokkyuu: Marine Express	Undersea Super Train: Marine Express	Osamu Tezuka&#039;s Marine Express
Kaitei Daisensou: Ai no 20	000 Miles	海底大戦争 愛の20
Kaitei Sanman Mile		Kaitei 3-man Mile
Kaitei Shounen Marine	Marine Boy	Undersea Boy Marine
Kaitei Toshi no Dekiru made		Till a City Beneath the Sea is Built
Kaitei no Boukun	The Underwater Tyrant	Kaitei no Bokun
Kaiten Mokuba ni Boku to Neko		Minna no uta
Kaito x Ansa	Kaito x Ansa	Nazotokine 2
Kaitou Gary no Nihonjin Kouryakuhou!		
Kaitou Jigoma Ongaku-hen		
Kaitou Joker	JOKER	Mysterious Joker
Kaitou Joker 2nd Season	JOKER 2nd Season	Mysterious Joker Second Season
Kaitou Joker 3rd Season	JOKER 3rd Season	Mysterious Joker Third Season
Kaitou Joker 4th Season	JOKER 4th Season	Mysterious Joker 4
Kaitou Lupin: 813 no Nazo		Lupin the Thief: Enigma of the 813
Kaitou Pride	Dr. Zen	Pride the Master Thief
Kaitou Reinya		Kaito Reina
Kaitou Reinya Pilot		
Kaitou Saint Tail	Mysterious Thief Saint Tail	
Kaitou Tenshi Twin Angel		
Kaitou Tenshi Twin Angel: Kyun Kyun☆Tokimeki Paradise!!	Twin Angel: Twinkle Paradise	Kaitou Tenshi Twin Angel (TV)
Kaitou Tenshi Twin Angel: Kyun Kyun☆Tokimeki Paradise!! OVA		
Kaitou Yumenosuke		Minna no Uta
Kaitouranma The Animation	Samurai: Hunt for the Sword	
Kaizoku Ouji		Pirate Prince
Kakari	A Clerk in Charge	
Kakegae no		
Kakegurui	Kakegurui: Compulsive Gambler	
Kakegurui 2nd Season		Kakegurui: Compulsive Gambler
Kakinoki Mokkii		Kakinoki Mokkyi
Kakko Kawaii Sengen!		Kakko-Kawaii Sengen!
Kakko Kawaii Sengen! 2		Kakko-Kawaii Sengen! 2
Kakko Kawaii Sengen! Specials		Kakko Kawaii Sengen! 2 Specials
Kakkun Cafe		
KakoPad: Nagaoka Hanabi Monogatari		Kako Pad: Nagaoka Hanabi Monogatari
Kakomareta Sekai		Enclosed World
Kakuchou Shoujo-kei Trinary	Augmented Reality Girls Trinary	
Kakuchou Shoujo-kei Trinary: Ex.MV	Augmented Reality Girls Trinary: Ex.MV	Kakuchou Shoujo-kei Trinary Extra Music Video
Kakugo no Susume	Apocalypse Zero	
Kakumei no Wakaki Sora		
Kakumeiki Valvrave	Valvrave the Liberator	Kakumeiki Valvrave
Kakumeiki Valvrave 2nd Season	Valvrave the Liberator 2nd Season	Kakumeiki Valvrave Second Season
Kakumeiki Valvrave Recaps		Valvrave the Liberator Special Edition - Edited
Kakumeiteki Broadway Shugisha Doumei		Revolutionary Broadway Advocates Alliance
Kakurenbo	Kakurenbo: Hide & Seek	
Kakuriyo no Yadomeshi		
Kakusansei Million Arthur	Kaku-San-Sei Million Arthur	
Kakusenou Gakushuu Animation		
Kakusensou		
Kakushi Dere		Hidden-Dovey
Kakushi Dere Special		
Kakushigoto		
Kakushin		Confidence
Kakutou Bijin Wulong	Fighting Beauty Wulong	
Kakutou Bijin Wulong: Rebirth	Fighting Beauty Wulong Rebirth	
Kakyuusei	First Loves	My Petty Class Student
Kakyuusei (TV)		A Girl in a Lower Grade
Kakyuusei (TV): Hajimemashite Tina!		A Girl in a Lower Grade
Kakyuusei 2: Anthology		Kakyuusei 2 (2006)
Kakyuusei 2: Hitomi no Naka no Shoujo-tachi	Kakyusei 2	
Kakyuusei 2: Sketchbook		
Kaleido Star	Kaleido Star	Kaleido Star: New Wings
Kaleido Star: Aratanaru Tsubasa - Extra Stage	Kaleido Star: New Wings Extra Stage	Kaleido Star: New Wings - The Amazing Princess Without a Smile
Kaleido Star: Good da yo! Goood!!		Kaleido Star: It&#039;s Good! Goood!!
Kaleido Star: Legend of Phoenix - Layla Hamilton Monogatari	Kaleido Star: Legend of Phoenix - The Layla Hamilton Story	Kaleido Star: Layla Hamilton Story
Kamaishi no Kiseki: Inochi wo Mamoru Tokubetsu Jugyou	Kamaishi Miracle	Kamaishi no Kiseki Inochi wo Mamoru Tokubetsu Jugyou
Kamakura	Snow Hut	
Kamen Rider Den-O: Imagin Anime		Masked Rider Den-O: Imagin Anime
Kamen Rider Den-O: Imagin Anime 2		Masked Rider Den-O: Imagin Anime 2
Kamen Rider Den-O: Imagin Anime 3		Masked Rider Den-O: Imagin Anime 3
Kamen Rider Fourze x Crayon Shin-chan		
Kamen Rider SD Kaiki?! Kumo Otoko		SD Riders
Kamen no Maid Guy		
Kamen no Maid Guy OVA		Kamen no Maid Guy OAD
Kamen no Marionette-tachi		Marionettes in Masks
Kamen no Ninja Akakage		Red Shadow
Kami no Ue no Pilot		
Kami nomi Kakushi		
Kami nomi zo Shiru Sekai	The World God Only Knows	Kaminomi
Kami nomi zo Shiru Sekai II	The World God Only Knows II	Kami nomi zo Shiru Sekai 2
Kami nomi zo Shiru Sekai: 4-nin to Idol	The World God Only Knows: Four Girls and an Idol	Kami nomi zo Shiru Sekai: Yonin to Idol
Kami nomi zo Shiru Sekai: Flag 0	The World God Only Knows: Flag 0	Kaminomi: Flag 0
Kami nomi zo Shiru Sekai: Megami-hen	The World God Only Knows: Goddesses	Kami nomi zo Shiru Sekai III
Kami nomi zo Shiru Sekai: Natsu-iro Surprise		Kami nomi zo Shiru Sekai: Natsuiro Surprise
Kami nomi zo Shiru Sekai: Nonstop!! Hunters		Kaminomi: Nonstop!! Hunters
Kami nomi zo Shiru Sekai: Tenri-hen	The World God Only Knows: Tenri Arc	Kaminomi: Tenri-hen
Kamichama Karin		Kami-chama Karin
Kamichu!	Kamichu!	Kami-chu!: Kami-sama wa Chuugakusei
Kamichu! Specials	The Goddess is a Middle School Student	Kami-chu!: Kami-sama wa Chuugakusei
Kamigami no Asobi	Kamigami no Asobi	Kamigami no Asobi: Ludere deorum
Kamigami no Ki	Kamigami no Ki	Kamigaminoki
Kamigami no Ki: Xmas Special		Kamigami no Ki: Christmas Special
Kamikaze Kaitou Jeanne		Phantom Thief Jeanne
Kaminari Boy Pikkaribee★		Pikkaribee
Kamisama Dolls	Kamisama Dolls	Kami-sama Dolls
Kamisama Dolls Specials		Kami-sama Dolls Specials
Kamisama Hajimemashita	Kamisama Kiss	
Kamisama Hajimemashita OVA		Kami-sama Hajimemashita OVA
Kamisama Hajimemashita: Kako-hen		
Kamisama Hajimemashita: Kamisama	 Shiawase ni Naru	神様はじめました「神様、幸せになる」
Kamisama Hajimemashita◎	Kamisama Kiss Season 2	Kamisama Hajimemashita 2nd Season
Kamisama Kazoku		Kami-sama Kazoku
Kamisama Minarai: Himitsu no Cocotama		Kamisama Minarai: Himitsu no Kokotama
Kamisama Minarai: Himitsu no Cocotama Movie - Kiseki wo Okose♪ Tepple to Dokidoki Cocotama-kai		
Kamisama no Inai Nichiyoubi	Sunday Without God	The Sunday Without God
Kamisama no Inai Nichiyoubi: Kioku	Sunday Without God: Memories	Kami-sama no Inai Nichiyoubi Special
Kamisama no Memochou	Heaven&#039;s Memo Pad	It&#039;s the Only NEET Thing to Do
Kamishibai Itazura Tanuki no Maki	Rascal Racoon	
Kamishibai Kintarou no Maki	Kamishibai Kintaro	
Kamiusagi Rope	Paper Rabbit Rope	Kami-Usagi Rope
Kamiusagi Rope & Taka no Tsume Collab Eizou-hen		Eagle Talon
Kamiusagi Rope (ONA)		
Kamiusagi Rope 2	Paper Rabbit Rope 2	
Kamiusagi Rope 2 Specials		Paper Rabbit Rope 2 Specials
Kamiusagi Rope 3		Paper Rabbit Rope 3
Kamiusagi Rope 3 (ONA)	Paper Rabbit Rope	Kamiusagi Rope
Kamiusagi Rope Movie Episode 0	Paper Rabbit Rope Movie Episode 0	Kamiusagi Rope Pierce-hen
Kamiusagi Rope Specials		Paper Rabbit Rope: Global Warming
Kamiusagi Rope tsuka	 Natsuyasumi Rasuichi tte Maji ssuka!?	紙兎ロペ　つか、夏休みラスイチってマジっすか！？
Kamiusagi Rope x Boruto: Naruto Next Generations		TOHO Cinemas Ueno
Kamiusagi Rope x Panasonic Collaboration	Paper Rabbit Rope x Panasonic Collaboration	Kamiusagi Rope: Surround Headphone-hen
Kamiusagi Rope x ROPÉ Sisters		
Kamiusagi Rope x TOHO Cinemas		
Kamiusagi Rope x TOHO Cinemas (Movies)		
Kamiusagi Rope x Tokyo Gas		
Kamiusagi Rope x Wacoal		
Kamiusagi Rope x au Collaboration	Paper Rabbit Rope x AU Collaboration	Kamiusagi Rope: Tomokomi-hen
Kamiusagi Rope: Warau Asa ni wa Fukuraitaru tte Maji ssuka!?		Kamiusagi Rope 4
Kamiwaza Wanda		
Kamotori Gonbee		Kamo Tori Gonbee
Kamui no Ken		Dagger of Kamui
Kamyla		
KanColle Movie	Fleet Girls Collection KanColle Movie Sequence	Kankore Movie
Kana Kana Kazoku	Kanakana Kazoku	
Kana Kana Kazoku Shorts: Naru Haya Kakusan Kibou		Kana Kana Kazoku CM
Kana Kana Kazoku x Himitsukessha Taka no Tsume Collaboration Film		
Kana Kana Kazoku: Rika in Wonderland		
Kana Kana Kazoku: Shinnen no Goaisatsu		Kana Kana Kazoku New Year&#039;s Greeting
Kana Kana Kazoku: Stop Rubella		
Kana Kana ka na		Minna no Uta
Kanadian Families: Episode Zero		Kanagatari. Kanabakari.
Kanai	kanai	Creator&#039;s World Project 2
Kanamemo		
Kanamewo		A linchpin
Kanashiki Mongoose		A Sad Mongoose
Kanashimi no Belladonna	Belladonna of Sadness	Tragedy of Belladonna
Kanbee-kun ga Yuku		
Kando≠Reduction		
Kaneko Misuzu: Yasashisa no Fuukei		
Kangaeru Renshuu	Imagination Practice	Thinking and Drawing: Nihon no Shinseiki Art Animation
Kangaroo no Tanjoubi	Baby Kangaroo&#039;s Birthday Surprise	Kangaroo no Tanjobi
Kangetsu Ittou: Akuryou Kiri		
Kangoku Senkan		Prison Battleship
Kangoku: Injoku no Jikkentou	No Way Out	Project Boobs
Kanimanji Engi	Crab Temple Omen	Kani Manji Engi
Kanin Tokkyuu Michishio		Kan&#039;in Tokkyuu: Michi Shio
Kankara Sanshin		
Kankou Taisen Saitama: Sakuya no Tatakai		
Kannagi	Kannagi: Crazy Shrine Maidens	
Kannagi: Moshimo Kannagi ga Attara...		Kannagi - Crazy Shrine Maidens Special
Kannazuki no Miko	Destiny of the Shrine Maiden	Kannaduki no Miko
Kanojo ga Flag wo Oraretara	If Her Flag Breaks	Gaworare
Kanojo ga Flag wo Oraretara OVA		
Kanojo ga Kanji wo Suki na Riyuu.		
Kanojo ga Mimai ni Konai Wake		
Kanojo ga Nekomimi ni Kigaetara		
Kanojo no Dokushinshatachi ni Yotte Hadaka ni Sareta Seifuku no Shojo Kenkyuu	The Bride Stripped Bare by Her Bachelors	
Kanojo to Kanojo no Neko	She and Her Cat: Their Standing Points	Kanojo to Kanojo no Neko
Kanojo to Kanojo no Neko: Everything Flows		She and Her Cat: Everything Flows
Kanojo wa Dare to demo Sex Suru.		
Kanojo wa Zombie		She is a zombie
Kanojo x Kanojo x Kanojo: Sanshimai to no DokiDoki Kyoudou Seikatsu	Kanojo x Kanojo x Kanojo	
Kanokon	Kanokon: The Girl Who Cried Fox	
Kanokon Specials		
Kanokon: Manatsu no Dai Shanikusai		Kanokon R
Kanokon: Manatsu no Dai Shanikusai Specials		Kanokon R Specials
Kanon		Kanon (2002)
Kanon (2006)	Kanon	Kanon Remake
Kanon Kazahana		Kanon Wind Flower
Kansen 2: Inzai Toshi		
Kansen 3: Shuto Houkai		
Kansen 5: The Daybreak		
Kansen: Ball Buster The Animation		
Kansen: Inyoku no Rensa		
Kansuke-san to Fushigi na Jitensha		
Kantai Collection: KanColle	KanColle: Kantai Collection	Kankore
Kantai Collection: KanColle Zoku-hen		Kantai Collection: KanColle 2nd Season
Kantoku Fuyuki Todoki	Insufficient Direction	Kantoku Fuyukitodoki
Kanzen Mushusei: Sorezore no Houkago		
Kanzen Shouri Daiteiou		Kanzen Shouri Daiteioh
Kao no nai Tsuki	Moonlight Lady	Kaotsuki
Kappa Kawatarou		
Kappa no Coo to Natsuyasumi	Summer Days with Coo	Kappa no Coo to Natsuyasumi
Kappa no Kaikata	How to Breed Kappas	Kappa no Kai-kata
Kappa no Sanpei		Sanpei the Kappa
Kappa no Suribachi		
Kappa no Ude		
Kappamaki	Kappamaki and the Sushi Kids	
Kappo		
Kara The Animation		
Kara no Kyoukai 1: Fukan Fuukei	the Garden of sinners Chapter 1: Overlooking View	Kara no Kyoukai: The Garden of Sinners Movie 1
Kara no Kyoukai 2: Satsujin Kousatsu (Zen)	the Garden of sinners Chapter 2: Murder Speculation Part A	Kara no Kyoukai: The Garden of Sinners Movie 2
Kara no Kyoukai 3: Tsuukaku Zanryuu	the Garden of sinners Chapter 3: Remaining Sense of Pain	Kara no Kyoukai: The Garden of Sinners Movie 3
Kara no Kyoukai 4: Garan no Dou	the Garden of sinners Chapter 4: The Hollow Shrine	Kara no Kyoukai: The Garden of Sinners Movie 4
Kara no Kyoukai 5: Mujun Rasen	the Garden of sinners Chapter 5: Paradox Paradigm	Kara no Kyoukai: The Garden of Sinners Movie 5
Kara no Kyoukai 6: Boukyaku Rokuon	the Garden of sinners Chapter 6: Oblivion Recording	Kara no Kyoukai: The Garden of Sinners Movie 6
Kara no Kyoukai 7: Satsujin Kousatsu (Kou)	the Garden of sinners Chapter 7: Murder Speculation Part B	Kara no Kyoukai: The Garden of Sinners Movie 7
Kara no Kyoukai 8: Shuushou	the Garden of sinners Chapter 8: The Final Chapter	Kara no Kyoukai: Epilogue
Kara no Kyoukai Remix: Gate of Seventh Heaven	the Garden of sinners Remix -Gate of seventh heaven-	The Garden of Sinners: Gate of Seventh Heaven
Kara no Kyoukai: Manner Movies	the Garden of sinners Pre-show Reminder	Kara no Kyoukai Specials
Kara no Kyoukai: Mirai Fukuin	the Garden of sinners -recalled out summer-	Kara no Kyoukai: the Garden of sinners/recalled out summer
Kara no Kyoukai: Mirai Fukuin - Extra Chorus	the Garden of sinners -recalled out summer- extra chorus	Kara no Kyoukai: the Garden of sinners/recalled out summer - extra chorus
Kara no Kyoukai: Mirai Fukuin - Manner Movie	the Garden of sinners -recalled out summer- Pre-show Reminder	
Kara no Naka no Kotori		The Maiden Diaries
Kara no Shoujo		
Karadasagashi		Body Search
Karakai Jouzu no Takagi-san	Karakai Jozu no Takagi-san	Skilled Teaser Takagi-san
Karakai Jouzu no Takagi-san OVA		Skilled Teaser Takagi-san OVA
Karakara-sama no Himitsu		
Karakuri Circus	Le Cirque de Karakuri	
Karakuri Kengou Den Musashi Lord	Musashi	からくり剣豪伝ムサシロード
Karakuri Kiden: Hiwou Senki	Hiwou War Chronicles	Clockwork Fighters: Hiwou&#039;s Wari
Karakuri no Kimi	Puppet Princess	The Clockwork Ones
Karakurizoushi Ayatsuri Sakon		Ningyou Zoushi Ayatsuri Sakon
Karaoke Senshi Mike-tarou		Karaoke Fighter Mike-tarou
Karas	Karas	Crow
Karasu Tengu Kabuto		Crow Demon Kabuto
Karasu Tengu Kabuto: Ougon no Me no Kemono		Raven Tengu Kabuto: The Golden-Eyed Beast
Karasu no Panya-san/Dorobou Gakkou		School for Thieves/Mr. Crow the Baker
Karasu no Puuta		
Karasu to Kaki no Tane		Minna no Uta
Karate Baka Ichidai	Karate Master	Ichidai the Karate Fool
Kare Baka: Wagahai no Kare wa Baka de R		Idiot Boyfriend: My Boyfriend is an Idiot
Karen	Karen	
Karen Senki		
Kareshi Kanojo no Jijou	His and Her Circumstances	Kare Kano
Kareshi wa Hammerhead Shark		Boyfriend Hammerhead Shark
Kariage-kun		
Karigurashi no Arrietty	The Secret World of Arrietty	Karigurashi no Arrietti
Karin	Karin	Chibi Vampire Karin
Karl to Fushigi na Tou		
Karma		
Karneval		
Karneval (TV)	Karneval	Karneval (2013)
Karneval (TV) Specials		
Karo to Piyobupt: Ame no Hi	Karo & Piyobupt: Imagination	Rainy Day
Karo to Piyobupt: Ouchi	Karo & Piyobupt: A House	
Karo to Piyobupt: Sandwich	Karo & Piyobupt: The Sandwiches	
Karugamo Oyako no Hi no Youjin		
Karugamo Oyako no Koutsuu Anzen		
Karuizawa Syndrome		
Kasa Jizou		Kasajizou
Kasei Yakyoku	Nightsong of Splendor	Night Song of Splendor
Kaseifu ga Ita.		
Kaseki Dorobou to Kyouryuuseki	Fossil Thief and the Dinosaur Stones	Creator&#039;s World Project 4
Kashi no Ki Mokku		Saban&#039;s Adventures of Pinocchio
Kashikokimono		
Kashimashi: Girl Meets Girl	Girl Meets Girl	Kasimasi: Girl Meets Girl
Kashimashi: Girl Meets Girl OVA	Girl Meets Girl	Kasimasi: Girl Meets Girl
Kashou no Tsuki: Aki Kyougen		Kashou no Tsuki
Kasumin	Mistin	Kasumin 1st Series
Kasumin 2nd Season		Kasumin 2nd Series
Kasumin 3rd Season		Kasumin 3rd Series
Katainaka ni Totsuidekita ○-ssia Musume to H Shimakuru Ohanashi		A Story of How a Russian Girl Suddenly Became a Part of My Back-Country Household and How Lots of Sex Ensued
Kataku	House of Flames	
Katanagatari	Katanagatari	Sword Story
Kataribe Jinkou Chinou ga Tsubuyaku Noroi no Yogen		
Kataribe Shoujo Honoka		
Katasumi no Uroko	Scutes on my mind	
Katayoku no Khronos Gear		
Kateikyoushi Bishounen Kari		
Kateikyoushi no Oneesan 2 The Animation: H no Hensachi Agechaimasu		
Kateikyoushi no Oneesan The Animation: H no Hensachi Agechaimasu		
Katekyo Hitman Reborn!	Reborn!	Kateikyoushi Hitman Reborn!
Katekyo Hitman Reborn! Special		
Katekyo Hitman Reborn! x ēlDLIVE Special		
Katekyo Hitman Reborn!: Mr. Rebokku no Ciao Ciao Interview		Kateikyoushi Hitman Reborn!: Mr. Rebokku no Ciao Ciao Interview
Katsudou Shashin		Matsumoto Fragment
Katsugeki Shoujo Tanteidan		Girl Detective Club
Katsugeki/Touken Ranbu	Katsugeki Touken Ranbu	
Katsugeki/Touken Ranbu Movie		Gekijouban Katsugeki/Touken Ranbu
Katsuobushi Dayo Jinsei wa		Minna no Uta
Katsura Hime	Princess Katsura	
Katta-kun Monogatari		Cutta-kun Monogatari
Katte ni Kaizou		Katteni Kaizou
Katte ni Kaizou Specials		Katteni Kaizou Specials
Katte ni Shirokuma		
Katte ni Shiyagatte	Breathless	Hajime ni Ai Ga Atta
Kattobase! Dreamers: Carp Tanjou Monogatari		Katsu Toba Se! Dreamers
Kaumori	The Bat	Komori
Kawa no Hikari		Light of the River
Kawa wa Dare no Mono?		Minna no Uta
Kawaii Cook-san		
Kawaijuku Manavis CM		
Kawarazaki-ke no Ichizoku 2	Kawarazaki-ke no Ichizoku 2	
Kawarazaki-ke no Ichizoku The Animation	Kawarazaki-ke no Ichizoku The Animation	
Kawasaki Frontale x Tentai Senshi Sunred		Tentai Senshi Sunred: Kawasaki Frontale
Kawasaki Frontale x Tentai Senshi Sunred 2nd Season		Tentai Senshi Sunred: Kawasaki Frontale 2
Kawawawawawada		
Kawazuno Mekaridoki		Touyu
Kayoe! Chuugaku		
Kayoko Sakura no Saku Hi		
Kazama Mana		Night Shift Nurses: Mana Kazama
Kaze Gourmet		Minna no Uta
Kaze Tachinu	The Wind Rises	Kaze Tachinu
Kaze no Invitation		Mahou no Star Magical Emi Music Clip: Kaze no Invitation
Kaze no Kokyuu: Animation ni Yoru Oufuku Shokan	Breathing of the Wind: Animation Correspondence	Breath of Window: Correspondence by Animation
Kaze no Matasaburou		Matasaburo the Wind Boy
Kaze no Matasaburou (Movie)		Wakate Animator Ikusei Project
Kaze no Na wa Amnesia	A Wind Named Amnesia	Kaze no Namae wa Amunejia
Kaze no Naka no Shoujo: Kinpatsu no Jeanie		Kaze no Naka no Shoujo Kinpatsu no Jenii
Kaze no Shoujo Emily		Kaze no Shojo Emily
Kaze no Stigma	Kaze no Stigma	Kaze no Seikon
Kaze no Tabibito		
Kaze no Tairiku	The Weathering Continent	
Kaze no Tani no Nausicaä	Nausicaä of the Valley of the Wind	Nausicaa of the Valley of the Wind
Kaze no Toori Michi	The Path of Wind	Minna no Uta: Kaze no Toori Michi
Kaze no You ni		
Kaze no Youjinbou	Kaze no Yojimbo	Bodyguard of the Wind
Kaze to Ki no Uta Sanctus: Sei Naru Kana	The Poem of Wind and Trees	The Song of the Wind and the Trees
Kaze wo Mita Shounen	The Boy Who Saw the Wind	Kaze o Mita Shonen
Kaze wo Nuke!		
Kazemakase Tsukikage Ran	Carried by the Wind: Tsukikage Ran	Wind-borne Moon-lit Ran
Kazoku Robinson Hyouryuuki: Fushigi na Shima no Flone	The Swiss Family Robinson: Flone of the Mysterious Island	Sekai Meisaku Gekijou
Kazoku Robinson Hyouryuuki: Fushigi na Shima no Flone Specials		Sekai Meisaku Gekijou Kanketsu Ban: Kazoku Robinson Hyouryuuki - Fushigi na Shima no Flone
Kazoku no Hanashi	The Story of a Family	
Kazu & Yasu Hero Tanjou		Kazu and Yasu Hero Tanjou
Kedamono Damono		Kitsunetsuki - Kedamonodamono
Kedamono-tachi no Sumu Ie de		
Keibiin		
Keifuku-san		Keifukusan
Keijo!!!!!!!!	Keijo!!!!!!!!	
Keijo!!!!!!!! Specials		
Keiraku no Houteishiki Level-C	Level-C	
Keitai Shoujo		Cell Phone Girl
Keito no Yousei: Knit to Wool		
Kekkai		
Kekkai Sensen	Blood Blockade Battlefront	Bloodline Battlefront
Kekkai Sensen & Beyond	Blood Blockade Battlefront & Beyond	Bloodline Battlefront & Beyond
Kekkai Sensen & Beyond OVA		Bloodline Battlefront & Beyond OVA
Kekkai Sensen: Ousama no Restaurant no Ousama		Kekkai Sensen OVA
Kekkai Sensen: Soresaemo Saitei de Saikou na Hibi	Blood Blockade Battlefront: Even These Are the Worst and Best Days Ever	Kekkai Sensen 10.5
Kekkaishi	Kekkaishi	Barrier Master
Kekkaku Yobou	Preventing Tuberculosis	
Kekkero Ke		Kekkeroke
Kekkon Soudan Sho		Marriage Agency
Kekkon wo Iwau Usagi to Tora		
Kekkonshiki no Tori Movie		
Kekkou Kamen		Delicious Mask
Kemeko Deluxe!		The Unknown Girlfriend
Kemeko Deluxe!: Izumi-chan	 Fukenkou yo! (Kari)	イズミちゃん、不健康よ！（仮）
Kemeko no Love		Love of Kemeko
Kemono Friends		
Kemono Friends 2		
Kemono Friends: Bus-teki		Kemono Friends Episode 12.1
Kemono no Souja Erin	Erin	Kemono no Soujya Erin
Kemono no Souja Erin Recap		Kemono no Soja Erin Soshuhen
Kemono to Chat		Kemocha
Kemonozume		The Beast Claw
Kemurigusa Monogatari	A Story of Cigarettes	A Story of Tobacco
Kemurikusa		
Kemurikusa (TV)		
Kemushi no Boro		Caterpillar of Rags
Kemy	Kemy	
Kemy Lang Buka Chaka	Kemy & Buka	깨미랑 부카채카
Kemy Tamheomdae	Kemy Expedition	
Ken to Kaijuu	Ken & Monster	
Ken-chan		Minna no Uta
Ken-chan to Bouen Kazoku		
Kengan Ashura		
Kenja no Mago		Philosopher&#039;s Grandson
Kenji no Trunk		The Cat&#039;s Office
Kenju Giga	Anthropo-Cynical Farce	Farce anthropo-cynique
Kenka Banchou Otome: Girl Beats Boys	Kenka Bancho Otome -Girl Beats Boys-	
Kenka no Ato wa		
Kenkou Zenrakei Suieibu Umishou		Kenkou Zenra-kei Suiei-bu Umishou
Kennel Tokorozawa		
Kennosuke-sama		Akira Toriyama the World
Kenpuu Denki Berserk	Berserk	Berserk: The Chronicles of Wind Blades
Kenran Butou Sai: The Mars Daybreak	Mars Daybreak	Gorgeous Tango: The Mars Daybreak
Kenritsu Chikyuu Boueigun	Prefectural Earth Defense Force	
Kenritsu Umisora Koukou Yakyuubu-in Yamashita Tarou-kun		
Kensaku to Enjin no ABC Days		
Kenta to Nyanta no Kuruma Daisuki!		
Kentauros no Densetsu	The Legend of Kentauros	
Kentoushi		Kentoshi
Kenyuu Densetsu Yaiba	Legendary Brave Swordsman Yaiba	
Kenzen Robo Daimidaler	Daimidaler: Prince vs. Penguin Empire	Daimidaler the Sound Robot
Kenzen Robo Daimidaler Specials		Kenzen Robo Daimidaler OVA
Keppeki Danshi! Aoyama-kun	Clean Freak! Aoyama-kun	Cleanliness Boy! Aoyama-kun
Kerakera		Minna no Uta
Keraku-No-OH King of Pleasure		
Kero Kero Chime		
Kero Kero Keroppi no Aladdin to Mahou no Lamp	Keroppi in Aladdin and the Magic Lamp	Hello Kitty&#039;s Animation Theater 10a
Kero Kero Keroppi no Bikkuri! Obakeyashiki		
Kero Kero Keroppi no Boku-tachi no Takaramono	Keroppi in Our Treasure	Hello Kitty and Friends: Our Treasure
Kero Kero Keroppi no Bokura no Ohimesama		
Kero Kero Keroppi no Bouken: Pink no Kinoko	Keroppi in Find the Pink Mushroom	Hello Kitty and Friends: Find the Pink Mushroom
Kero Kero Keroppi no Christmas Eve no Okurimono	Keroppi in the Christmas Eve Gift	Hello Kitty and Friends: The Christmas Eve Gift
Kero Kero Keroppi no Dai Bouken	Keroppi in the Big Adventure	Hello Kitty and Friends: The Big Adventure
Kero Kero Keroppi no Daibouken: Fushigi na Mame no Ki		
Kero Kero Keroppi no Ganbare! Keroppooz	Keroppi in Let&#039;s Play Baseball	Hello Kitty and Friends: Let&#039;s Play Baseball
Kero Kero Keroppi no Gulliver no Bouken	Keroppi in The Adventures of Gulliver	Hello Kitty and Friends: The Adventures of Gulliver
Kero Kero Keroppi no Kero Kero House no Himitsu	Keroppi in the Frog&#039;s Secret House	Hello Kitty and Friends: The Frog&#039;s Secret House
Kero Kero Keroppi no Kyouryuu ga Deta		
Kero Kero Keroppi no Mitsubachi Daisoudou		
Kero Kero Keroppi no Robin Hood	Keroppi in Robin Hood	Hello Kitty and Friends: Keroppi in Robin Hood
Kero Kero Keroppi no Sanjuushi		
Kero Kero Keroppi no Sora Tobu Yume no Fune		
Kero Kero Keroppi no Sora wo Tobetara		
Kero Kero Keroppi no Tomodachi ni Narou yo	Keroppi in Let&#039;s Be Friends	Hello Kitty and Friends: Let&#039;s Be Friends
Kero Kero Keroppi no Tomodachi wa Mahoutsukai		
Kero Kero Keroppi no Tomodachitte Ii na		Hello Kitty and Friends: Let&#039;s Be Friends
Kero Kero Keroppi no Yowamushi-ouji no Daibouken	Keroppi in the Adventures of the Coward Prince	Hello Kitty and Friends: The Adventures of the Coward Prince
Kero Kero Keroppi: Hasunoue Town Kiki Ippatsu!		
Kerokko Demetan	Adventures On Rainbow Pond	Demetan Croaker
Kerorinpasu		Kerorin Path
Keroro		Keroro Gunsou TV 2
Keroro Gunsou	Sgt. Frog	Sergeant Frog
Keroro Gunsou Movie 1	Sergeant Frog Movie	Chou Gekijouban Keroro Gunsou
Keroro Gunsou Movie 2: Shinkai no Princess de Arimasu!	Sergeant Frog Movie 2	Chou Gekijouban Keroro Gunso 2: Shinkai no Princess de Arimasu!
Keroro Gunsou Movie 3: Tenkuu Daikessen de Arimasu!	Keroro Movie 3	Chou Gekijouban Keroro Gunso 3: Keroro Tai Keroro - Tenkuu Daikessen de Arimasu!
Keroro Gunsou Movie 4: Gekishin Dragon Warriors de Arimasu!		Chou Gekijouban Keroro Gunso 4
Keroro Gunsou Movie 5: Tanjou! Kyuukyoku Keroro	 Kiseki no Jikuu-jima	Keroro Gunso the Super Movie: Creation! Ultimate Keroro
Keroro Gunsou: KeroZero Shupattsudayo! Zeninshuugou!		Keroro Gunso Episode 0
Keroro Gunsou: Mushakero Ohirome Sengoku Ranstar Dai Battle		
Keshikasu-kun		
Ketsuekigata-kun!		
Ketsuekigata-kun! 2		Ketsuekigata-kun! Second Season
Ketsuekigata-kun! 3		
Ketsuekigata-kun! 4		
Ketsuekigata-kun! Featuring Yuri & Nasuno		Ketsuekigata-kun! Special
Ketsuinu		Ketsu-Inu
Key the Metal Idol	Key the Metal Idol	
Ki Renka	Oni Love Song	Oni Koiuta
Ki de Tsukurou		MAFF
Ki wo Tsukeyou: Douro wa Kiken ga Ippai!		
Ki-Fighter Taerang	Ki Fighter	
Kiba	Kiba	Fang
Kibun Kibun		
Kibun wa Uaa Jitsuzai OL Kouza		
Kichiku: Haha Shimai Choukyou Nikki		Kichiku: Oyako Choukyou Nikki
Kick Off 2002	Kick Off (2002)	
Kick no Oni	Demon of the Kick	Kicking Demon
Kick no Oni (1971)		
Kick-Heart		
Kid&#039;s Castle	Kid&#039;s Castle	
Kiddy GiRL-AND	Kiddy Girl-AND	Kiddy Grade 2
Kiddy GiRL-AND Pilot		Kiddy Grade 2 Pilot
Kiddy Grade	Kiddy Grade	
Kiddy Grade: Ignition		Kiddy Grade: Kakusei-hen
Kiddy Grade: Maelstrom		Kiddy Grade: Hanran-hen
Kiddy Grade: Truth Dawn		Kiddy Grade: Reimei-hen
Kidou Keisatsu Patlabor	Patlabor: The Mobile Police	Patlabor The Mobile Police: The Original Series
Kidou Keisatsu Patlabor 2 the Movie	Mobile Police Patlabor 2: The Movie	
Kidou Keisatsu Patlabor the Movie	Patlabor: The Movie	Kidou Keisatsu Patlabor Gekijouban
Kidou Keisatsu Patlabor: New OVA	Mobile Police Patlabor: The New Files	Patlabor 2
Kidou Keisatsu Patlabor: On Television	Patlabor: The Mobile Police - The TV Series	Kido Keisatsu Patlabor
Kidou Keisatsu Patlabor: Reboot	Mobile Police Patlabor: Reboot	Kidou Keisatsu Patlabor Reboot
Kidou Senkan Nadesico	Martian Successor Nadesico	
Kidou Senkan Nadesico: The Prince of Darkness	Martian Successor Nadesico: The Prince of Darkness	Nadesico Movie
Kidou Senshi Gundam Narrative		Kidou Senshi Gundam NT
Kidou Shin Seiki Gundam X	After War Gundam X	After War Gundam X
Kidou Shinsengumi Moeyo Ken	Moeyo Ken	
Kidou Shinsengumi Moeyo Ken TV	Moeyo Ken TV	
Kidou Tenshi Angelic Layer	Battle Doll Angelic Layer	
Kie Saranu Kizuato: Hi no Umi Osaka		
Kiekaketa Monogataritachi no Tame ni	For Almost Forgotten Stories	Kiekaketa Monogatari-tachi no Tame ni
Kigurumi Sentai Quiltian	Dress-up Battle-team Kildian	
Kigurumikku V3		
Kigyou Senshi Arslan	Corporate Warrior Arslan	Arslan Senki ONA
Kigyou Senshi Yamazaki: Long Distance Call		Long Distance Call
Kihei Senki Legacies		
Kii-chan Watashi	 Umarete Kite Yokatta!	きいちゃん 私、生まれてきてよかった！
Kiitarou Shounen no Youkai Enikki	Kiitaro&#039;s yokai picture diary	Young Kiitarou and His Youkai Picture Diary
Kiitarou Shounen no Youkai Enikki: Jonan no Saijitsu		Young Kiitarou and His Youkai Picture Diary
Kijoku: Princess Double Kari	Slutty-Princess Diaries	
Kijutsushi x Majutsushi: Osaka Tanteibu no Jikenbo		
Kikaider 01 The Animation	Kikaider 01: The Animation	
Kikansha Sensei		Teacher Tank Engine
Kikansha Yaemon		
Kikansha Yaemon: D51 no Daibouken		The Great Adventures of Kikansha Yaemon D51
Kiki to Lala no Aoi Tori		Kiki and Lala&#039;s Blue Bird
Kiki to Lala no Habatake! Pegasus		
Kiki to Lala no Hakuchouza no Ohimesama		
Kiki to Lala no Hansel to Gretel		
Kiki to Lala no Hoshi no Dance Shoes		
Kiki to Lala no Mamatte Suteki!		
Kiki to Lala no Ohimesama ni Naritai		
Kiki to Lala no Papa to Mama ni Aitai		
Kiko-chan Smile		
Kikou Heidan J-Phoenix: PF Lips Shoutai		Armored Troopers J-Phoenix PF Lips Team
Kikou Kai Galient		Panzer World Galient
Kikou Kai Galient OVA		Panzer World Galient OVA
Kikou Kantai Dairugger XV	Armored Fleet Dairugger XV	Dairugger XV
Kikou Keisatsu Metal Jack		Armored Police Metal Jack
Kikou Ryohei Mellowlink		Armor Hunter Mellowlink
Kikou Senki Dragonar	Metal Armor Dragonar	
Kikou Sennyo Rouran	Strange Steel Fairy Rouran	
Kikou Souseiki Mospeada	Genesis Climber Mospeada	Armored Genesis Mospeada
Kikoushi Enma	Demon Prince Enma	
Kiku-chan to Ookami		Kikuchan to Okami
Kikumana		
Kikyuu		Balloon
Kill Me Baby	Kill Me Baby	Baby
Kill Me Baby: Butsuzou Kegatte Nise Halloween		Kill Me Baby OVA
Kill la Kill	KILL la KILL	KLK
Kill la Kill Specials		Kill la Kill Tokubetsu-hen
Killing Bites	Killing Bites	
Kimagure Mercy		Whimsical Mercy
Kimagure Orange☆Road		Kimagure Orange Road TV
Kimagure Orange☆Road OVA		
Kimagure Orange☆Road: Ano Hi ni Kaeritai		Kimagure Orange Road: Ano Hi ni Kaeritai
Kimagure Orange☆Road: Shounen Jump Special	Kimagure Orange Road TV Pilot	Kimagure Orange Road Pilot
Kimagure Orange☆Road: Tanabata Special		Kimagure Orange☆Road Recap
Kimagure Robot		The Capricious Robot
Kimama ni Idol		
Kimari no Nai Kuni		
Kime Koi!		Kimekoi!
Kimera		
Kimezou no Kimarimonku Ja Kimaranee.		Kimezou no Kimarimonku Ja Kimaranee Dai 1 Series
Kimezou no Kimarimonku Ja Kimaranee. Featuring Sabu-Otoko		Kimezo Businessmen
Kimi Shitteru? Shuto Enjou Anime Tokyo Dai Kuushuu		
Kimi dake no Boku de Iru kara		
Kimi ga Aruji de Shitsuji ga Ore de		They Are My Noble Masters
Kimi ga Nozomu Eien	Rumbling Hearts	The Eternity You Wish For
Kimi ga Nozomu Eien: Ayu Mayu Gekijou		Ayu Mayu Theater
Kimi ga Nozomu Eien: Gundam Parody		Rumbling Hearts
Kimi ga Nozomu Eien: Next Season	Rumbling Hearts OVA	Kimi ga Nozomu Eien OVA
Kimi ni Maji Kyun!		Kimi ni Magic★Kyun!
Kimi ni Todoke	Kimi ni Todoke: From Me to You	Reaching You
Kimi ni Todoke 2nd Season	Kimi ni Todoke: From Me To You 2	Kimi ni Todoke: From Me to You 2nd Season
Kimi ni Todoke 2nd Season Specials		Kimi ni Todoke 2nd Season: Minitodo Gekijou
Kimi ni Todoke 2nd Season: Kataomoi	Kimi ni Todoke - From Me To You Season 2 – A Crush	Kimi ni Todoke 2nd Season Episode 00
Kimi no Hikari: Asagao to Kase-san.	Your Light: Kase-san and Morning Glories	Morning Glory and Kase-san
Kimi no Iru Basho		Chronicle
Kimi no Iru Machi	A Town Where You Live	Kimi no Iru Machi
Kimi no Iru Machi OVA		A Town Where You Live
Kimi no Iru Machi: Tasogare Kousaten		A Town Where You Live OVA
Kimi no Koe wo Todoketai	Your Voice -KIMIKOE-	I Want to Deliver Your Voice
Kimi no Kokoro wa Kagayaiteru kai?		Love Live! Sunshine!!
Kimi no Mana wa Rina Witch	Your Magical Name is Rina Witch	
Kimi no Na wa.	Your Name.	
Kimi no Na wo Yobeba		If I Call Your Name
Kimi no Suizou wo Tabetai		KimiSui
Kimi no Sumu Machi		The Town You Live In
Kimi to Boku	Everlasting Heart	
Kimi to Boku.	You and Me.	Kimi to Boku.
Kimi to Boku. 2	You and Me 2	You and Me. Second Season
Kimi to no Tadashii Yakusoku		
Kimi to no Tadashii Yakusoku (2007)		
Kimi wa Sou Kimeta	You Just Decided	
Kimi wa Tomodachi		You&#039;re My Friend
Kimihagu		
Kimikiss Pure Rouge	Kimikiss: Pure Rouge	Kimi-kiss pure rouge
Kimikiss Pure Rouge Special		Kimi-kiss pure rouge
Kiminari Dousuru? Yuukai Itazura: Sarenai Tame ni		
Kimitachi wa Dou Ikiru ka		How Do You Live?
Kimoshiba		
Kimoshiba 2		
Kimu no Juujika		Kim&#039;s Cross
Kinako x Mameshiba Movie		Eiga Kinako x Mameshiba
Kinbaku no Yakata: Ryakudatsu	Bondage Mansion	
Kindaichi Shounen no Jikenbo		Les Enquetes de Kindaichi
Kindaichi Shounen no Jikenbo Movie 1: Operazakan - Aratanaru Satsujin		The Cases of Young Kindaichi
Kindaichi Shounen no Jikenbo Movie 2: Satsuriku no Deep Blue	Young Kindaichi&#039;s Casebook: Deep Blue Massacre	
Kindaichi Shounen no Jikenbo Returns	The File of Young Kindaichi Returns	Kindaichi Shounen no Jikenbo R
Kindaichi Shounen no Jikenbo Returns 2nd Season		Kindaichi Shounen no Jikenbo R 2
Kindaichi Shounen no Jikenbo Returns 2nd Season: Akechi Keibu no Jikenbo		Kindaichi Case Files Returns: The File of Inspector Akechi
Kindaichi Shounen no Jikenbo Specials	Kindaichi Case Files Special	Kindaichi Shounen no Jikenbo: Kyuuketsuki Densetsu Satsujin Jiken
Kindaichi Shounen no Jikenbo: Kuromajutsu Satsujin Jiken-hen		Kindaichi Shounen no Jikenbo (2012)
Kindaichi Shounen no Jikenbo: Shinigami Byouin Satsujin Jiken		Shinigami Hospital Murder
Kindan no Byoutou The Animation		
Kindan no Mokushiroku: Crystal Triangle	Crystal Triangle	
Kine-Pass Gekijou		Chain Chronicle CMs
King Kong: 001/7 Tom Thumb	King Kong - 001/7 Tom Thumb	King Kong / Tom Of Thumb
King of Fighters: Another Day		KOF
King of Prism by Pretty Rhythm		
King of Prism by Pretty Rhythm Short Anime		
King of Prism: Pride the Hero		
Kingdom	Kingdom	
Kingdom 2nd Season	Kingdom: Season 2	Kingdom Hisho Hen
Kingdom Hearts χ Back Cover		Kingdom Hearts Unchained Key Backcover
Kingdom of Chaos: Born to Kill		
Kingsglaive: FFXV Fan Kansha Tokubetsu Movie		
Kingsglaive: Final Fantasy XV	Kingsglaive: Final Fantasy XV	
Kingyo Chuuihou!	Goldfish Forecast!	Goldfish Warning!
Kingyo Chuuihou! (Movie)		Goldfish Warning! The Movie
Kiniitta Chitsu ni Ikinari Nakadashi OK na Resort-tou		Resort of Cumpie Fantasies
Kininaru Kimochi		Kininaru Feeling
Kininaru Roommate	The Roommate	Ki ni Naru Roommate
Kiniro Mosaic	KINMOZA!	Kinmosa
Kiniro Mosaic: Pretty Days		Hello!! Kiniro Mosaic Special
Kiniro no Corda: Blue♪Sky	La corda d&#039;oro: Blue♪Sky	Kiniro no Chord Blue♪Sky
Kiniro no Corda: Primo Passo	La corda d&#039;oro: primo passo	Kin&#039;iro no Chord
Kiniro no Corda: Primo Passo - Hitonatsu no Encore		Kin-iro no Corda: Primo Passo - A Summer Encore
Kiniro no Corda: Secondo Passo		Kin&#039;iro no Corda: Secondo Passo
Kiniro no Kujira		
Kinken Chochiku Shiobara Tasuke		Shiobara Tasuke
Kinkyuu Hasshin Saver Kids	Emergency Departure Rescue Kids	Kinkyu Hasshin Saver Kids
Kinniku Banzuke: Kongou-kun no Daibouken!		
Kinnikuman		Muscleman
Kinnikuman (Movie)		Kinnikuman (1984)
Kinnikuman II Sei	Ultimate Muscle	Kinnikuman Nisei
Kinnikuman II Sei: Muscle Ninjin Soudatsu sen! Choujin Daisensou		Kinnikuman II: Muscle-Man Competition! Great War
Kinnikuman II Sei: Second Generations		Kinnikuman 2nd Generation
Kinnikuman II Sei: Ultimate Muscle		Kinnikuman Nisei: Ultimate Muscle
Kinnikuman II Sei: Ultimate Muscle 2		Kinnikuman Nisei: Ultimate Muscle 2
Kinnikuman: Gyakushuu! Uchuu Kakure Choujin		Kinnikuman: Counterattack! Hidden Space Superman
Kinnikuman: Haresugata! Seigi Choujin		Kinnikuman: Hour-of-Triumph! Justice Superman
Kinnikuman: Kessen! Shichinin no Seigi Choujin vs. Uchuu Nobushi		Kinnikuman: Showdown! The Seven Justice Supermen vs. The Space Samurais
Kinnikuman: Kinnikusei Oui Soudatsu-hen		Kinnikuman: Kinnikusei Oui Soudatsuhen
Kinnikuman: New York Kiki Ippatsu!		Kinnikuman: New York Close Call!
Kinnikuman: Ooabare! Seigi Choujin		Kinnikuman: Dai Abareru! Seigi Choujin
Kinnikuman: Seigi Choujin vs. Kodai Choujin		Kinnikuman: Justice Superman vs. Ancient Superman
Kinnikuman: Seigi Choujin vs. Senshi Choujin		Kinnikuman: Justice Superman vs. Soldier Superman
Kino	Kino	Kino Tsukuru Kitto: Tsukurikata
Kino no Tabi: Nanika wo Suru Tame ni - Life Goes On.		Kino no Tabi: the Beautiful World - Life Goes On
Kino no Tabi: The Beautiful World	Kino&#039;s Journey	Kino&#039;s Travels: The Beautiful World
Kino no Tabi: The Beautiful World - Byouki no Kuni - For You		Kino&#039;s Journey: The Beautiful World - The Land of Sickness: For You
Kino no Tabi: The Beautiful World - The Animated Series	Kino&#039;s Journey -the Beautiful World- the Animated Series	
Kino no Tabi: The Beautiful World - Tou no Kuni	Kino&#039;s Journey: Tower Country	Kino no Tabi: Tower Country/Free Lance
Kinpatsu no Jeanie		Kinpatsu no Jenny
Kintarou		
Kintarou Taiiku Nikki		Kintaro&#039;s Physical Education Diary
Kintarou no Koutsuu Anzen		
Kinyoru	 Abe Reiji: Heikinteki na Salaryman no Ijou na Nichijou	金夜、安部礼司～平均的なサラリーマンの異常な日常～
Kinyoru	 Abe Reiji: Heikinteki na Salaryman no Ijou na Nichijou (ONA)	金夜、安部礼司～平均的サラリーマンの異常な日常～
Kinyoubi no Yakusoku		Friday&#039;s Promise
Kipling Jr.		
Kira Kira 5th Anniversary Live Anime: Kick Start Generation		
Kirai	 Demo	
Kirakira	kirakira	
Kirakira☆Precure A La Mode		Kirakira☆Precure À La Mode
Kirakira☆Precure A La Mode Movie: Paritto! Omoide no Mille-Feuille!		Eiga Kirakira Precure A La Mode: Paris to! Omoide no Mille-Feuille!
Kirameki no Kyoudai: Sex Crime		Sex Crime
Kirameki☆Project		
Kirara		
Kirara Fantasia	Kirara Fantasia	Youkoso! Kirara Fantasia: New Game!-hen
Kirari Kagayaku		
Kirarin☆Revolution	Kirarin Revolution	
Kiratto Pri☆chan		Kiratto Pri-chan
Kiraware Mono no Rasu		Kirawaremono no Rasu
Kirepapa.		Kire Papa
Kirin Ashita no Calendar		Kirin Tomorrow&#039;s Calendar
Kirin Hyoketsu: Atarashiku Ikou Animation Movie		
Kirin Monoshiri Yakata		
Kirin no Otenki Mama-san		
Kirin the Noop	Kirin the Noop	
Kiriya Hakushaku Ke no Roku Shimai		Kiriya Hakushakuke no Roku Shimai
Kisaku		Kisaku The Letch III
Kisaku Spirit	Kisaku Spirit: The Letch Lives	
Kiseichuu no Ichiya		The Midnight Parasites
Kiseijuu: Sei no Kakuritsu	Parasyte -the maxim-	Parasite
Kiseki	Locus	
Kishibe Rohan wa Ugokanai		Rohan Kishibe Does Not Move
Kishin Douji Zenki	Zenki	Legend of Zenki
Kishin Douji Zenki Gaiden: Anki Kitan		Zenki: Anki Kitan
Kishin Heidan	Kishin Corps	Alien Defender Geo-Armor - Kishin Corps
Kishin Houkou Demonbane		Demonbane OVA
Kishin Houkou Demonbane (TV)		Roar of the Machine God Demonbane
Kishin Houkou Demonbane (TV) Specials		Demonbane: Ouroboros Rondo
Kishin Taisen Gigantic Formula		Apo Mekhanes Theos Gigantic Formula
Kishuku Gakkou no Juliet		Kishukugakkou no Juliet
Kiss Dekiru Gyoza x Mameshiba Movie		
Kiss Dum R: Meguriahi		Kiss Dum R Episode 26
Kiss Dum: Engage Planet		Engage Planet Kiss Dum
Kiss Dum: Omokage		Kiss Dum OVA
Kiss Shite Hoshii		I Want a Kiss
Kiss wa Hitomi ni Shite		Kiss me on the Apple of my Eye
Kiss x Sis		Kissxsis
Kiss x Sis (TV)		Kiss x Sis (2010)
Kiss yori...	A Heat for All Seasons	
Kissaten Soudou		
Kita e.: Diamond Dust Drops	Diamond Daydreams	Northward: Diamond Dust Drops
Kita e.: Diamond Dust Drops Special	Diamond Daydreams Special	Kita e: Diamond Dust Drops OVA
Kita e: Pure Session		
Kitakaze Kozou no Kantarou		Minna no Uta
Kitakaze no Kureta Table-kake		The Boy and the North Wind
Kitakaze to Taiyou		
Kitakubu Katsudou Kiroku	Chronicles of the Going Home Club	
Kitakubu Katsudou Kiroku: Miniature Theater		Kitakubu Katsudou Kiroku: Chibi Theater
Kite Liberator		
Kiteretsu Daihyakka	Kiteretsu Encyclopedia	
Kitsune Tsuki	Fox Fears	
Kitsune no Home Run Ou	Seventh Inning Stretch	Kitsune no Homerun Ou
Kitsune no Kan Chigai		
Kitsune to Budou		
Kitsune to Circus	The Big Top Crime	The Fox And The Circus
Kitsutsuki Keikaku		The Woodpecker Plan
Kitsutsuki: The Ten Hole Stories		The Ten Hole Story: Woodpecker
Kitte no Gensou		Stamp Fantasia
Kitte no Nai Okurimono		A Gift With No Stamp
Kitty to Daniel no Odoru Santa-san no Himitsu		
Kitty to Daniel no Suteki na Christmas		
Kitty to Mimmy no Atarashii Kasa		
Kitty to Mimmy no Happy Birthday		Hello Kitty to Mimmy no Happy Birthday
Kitty&#039;s Paradise	Hello Kitty&#039;s Paradise	
Kitty-chan wo Sagase! Toyama-shi Stamp Rally	Toyama City Stamp Rally: The Search for Hello Kitty!	
KiyaKiya		
Kiznaiver	Kiznaiver	
Kizu darake no Tenshi-tachi	Heartbroken Angels	Kizudarake no Tenshitachi
Kizu-darake no Ringo		
Kizumonogatari I: Tekketsu-hen	Kizumonogatari Part 1: Tekketsu	Koyomi Vamp
Kizumonogatari II: Nekketsu-hen	Kizumonogatari Part 2: Nekketsu	Koyomi Vamp
Kizumonogatari III: Reiketsu-hen		Koyomi Vamp
Kizuna		
Kizuna (ONA)		
Kizuna (Special)		
Kizuna Ichigeki		Wakate Animator Ikusei Project
Kizuna: Koi no kara Sawagi	Kizuna: Much Ado About Nothing	
Kizuna: Ningen no Uta Part 2		
Kizunakizu		Minna no Uta
Kizuoibito	Wounded Man	
Kkachi ae Nalgae		Wandering Kkachi 2
Kkoma Sinseon Tao	Little Wizard Tao	Tao: Little Wizard
Kkoma Sinseon Tao 2	Little Wizard Tao 2	Tao: Little Wizard 2
Kkomaeosa Ttori		
Kkureogi Balmyeongwang		King of Inventors
Kkurukkuruwa Chingudeul	Curucuru and Friends	Tales of Greenery
Knight&#039;s & Magic	Knight’s & Magic	
Knights of the Zodiac: Saint Seiya		
Knyacki!		
Ko Ko Ro		Co Co Lo
Koakuma Kanojo The Animation		Cute Devil Girlfriend
Koala Boy Kokki	The Adventures of the Little Koala	Koala Boy Kocky
Koala-chan no Shouboutai		Koala&#039;s Fire Brigade
Kobato.	Kobato.	
Kobato.: Hajimete no Kobato.		
Kobayashi ga Kawai sugite Tsurai!!	So Cute It Hurts!!	
Kobayashi-san Chi no Maid Dragon	Miss Kobayashi&#039;s Dragon Maid	The maid dragon of Kobayashi-san
Kobayashi-san Chi no Maid Dragon Specials	Miss Kobayashi&#039;s Dragon Maid Specials	The Maid Dragon of Kobayashi-san Specials
Kobayashi-san Chi no Maid Dragon: Valentine	 Soshite Onsen! - Amari Kitai Shinaide Kudasai	 and Then Hot Springs! - Please Don&#039;t Get Your Hopes Up
Kobe to Watashi		Kobe and Ai
Kobito to Ao Mushi		Kobito to Aomushi
Kobo-chan		Kobo
Kobutori		
Kobutori (1929)	The Stolen Lump	Kobu-tori
Kobutori (1957)		
KochinPa!		
KochinPa! Dainiki		
Kochira Katsushikaku Kameari Kouenmae Hashutsujo		Kochikame
Kochira Katsushikaku Kameari Kouenmae Hashutsujo (TV)		Kochikame
Kochira Katsushikaku Kameari Kouenmae Hashutsujo The Movie	Kameari Park Precinct	Kochikame Movie 1
Kochira Katsushikaku Kameari Kouenmae Hashutsujo The Movie 2: UFO Shuurai! Tornado Daisakusen		Kochikame Movie 2
Kochira Katsushikaku Kameari Kouenmae Hashutsujo: Hashire! Ryoutsu-shiki Chinchin Densha		Kochikame: Omoide no Daijirou-gou
Kochira Katsushikaku Kameari Kouenmae Hashutsujo: Maguro no Notta Keikan		The Tuna Cop
Kochira Katsushikaku Kameari Kouenmae Hashutsujo: Mezase! Kameari Superstar!! Ryoutsu-shiki Aidoru h		Kochikame: Mezase! Kameari Superstar!! Ryoutsu-shiki Aidoru h
Kochira Katsushikaku Kameari Kouenmae Hashutsujo: Ryou-san no Sushi Kuinee! - Choujyou Maguro Taiket		Kochikame: Ryou-san no Sushi Kuinee! - Choujyou Maguro Taiket
Kochira Katsushikaku Kameari Kouenmae Hashutsujo: Ryou-san to Chyuuken Rakkii Monogatari - Kameari D		Kochikame: Ryou-san to Chyuuken Rakkii Monogatari - Kameari D
Kochira Katsushikaku Kameari Kouenmae Hashutsujo: Ryoutsu no Asakusa Rinyuuaru Daisakusen!! - Aa	 Om	こちら葛飾区亀有公園前派出所  両津の浅草リニューアル大作戦!!〜あぁ 思い出の花やしき〜
Kochira Katsushikaku Kameari Kouenmae Hashutsujo: Ryoutsu vs. Nakimushi Aidoru!? Nihon Ikkai Dai-Sug		Kochikame: Ryoutsu vs. Nakimushi Aidoru!? Nihon Ikkai Dai-Sug
Kochira Katsushikaku Kameari Kouenmae Hashutsujo: Shiiron Tankentai! Sumidagawa no Chikai - Omoide n		Kochikame: Shiiron Tankentai! Sumidagawa no Chikai - Omoide n
Kochira Katsushikaku Kameari Kouenmae Hashutsujo: The Final - Ryoutsu Kakichi Saigo no Hi		Kochira Katsushikaku Kameari Kouenmae Hashutsujo Special
Kochira Katsushikaku Kameari Kouenmae Hashutsujo: Washi to Ore!? - Bokura wa Asakusa Shounen Tanteid		Kochikame: Washi to Ore!? - Bokura wa Asakusa Shounen Tanteid
Kochira Tamago Outou Negaimasu		
Kodai Ouja Kyouryuu King	Dinosaur King	Kodai Oja Kyoryu King D-Kids Adventure
Kodai Ouja Kyouryuu King: Yokuryuu Densetsu	Dinosaur King D-Kids Adventure: Pterosaur Legend	Kodai Oja Kyoryu King: Yokuryu Densetsu
Kodanuki Ponpo		Minna no Uta
Kodoku no Gourmet		
Kodomo no Jikan	A Forbidden Time	Child&#039;s Time
Kodomo no Jikan (TV)		Nymphet
Kodomo no Jikan OVA		Kodomo no Jikan: Anata ga Watashi ni Kureta Mono
Kodomo no Jikan Recap		Kodomo no Jikan: Rin&#039;s Classroom Diary (Special Compilation)
Kodomo no Jikan: Ni Gakki		Kodomo no Jikan: Second Term
Kodomo no Kaitei no Koto	The Thing of Rotation for a Child	
Kodomo no Keijijougaku	A Child&#039;s Metaphysics	
Kodomo no Omocha		Child&#039;s Toy OVA
Kodomo no Omocha (TV)	Kodocha	Child&#039;s Toy
Koe de Oshigoto! The Animation	Koe de Oshigoto!	Working with Voice!
Koe no Katachi	A Silent Voice	The Shape of Voice
Koe wo Kikasete		Koe o Kikasete
Kogane no Hana	The Golden Flower	
Kogepan	Scorched Bread	
Kogitsune no Okurimono		Ko Gitsune no Okurimono
Kogitsune no Shouboutai		
Koguma no Koro-chan	Korochan	こぐまのコロちゃん
Koguma no Misha		Misha the Bearcub
Koha Ginjiro	Trusty Ginjiro	Kouha Ginjirou
Koharu Biyori	Indian Summer	Koharubiyori
Koi Hanabi		Minna no Uta
Koi Kaze		Koikaze
Koi Koi 7	Koi Koi Seven	Koikoi7
Koi Koi 7 Specials	Love Love 7 DVD Specials	KK7
Koi Maguwai	Koimaguwai	
Koi Tsubomi		Minna no Uta
Koi ni Naritai Aquarium		Love Live! Sunshine!!: Koi ni Naritai Aquarium
Koi to Senkyo to Chocolate	Love	恋と選挙とチョコレート
Koi to Senkyo to Chocolate: Ikenai Hazuki-sensei		Koi to Senkyo to Chocolate Picture Drama
Koi to Senkyo to Chocolate: Koi Imouto!		Koichoco
Koi to Uso	Love and Lies	
Koi to Uso OVA	Love and Lies	
Koi wa Ameagari no You ni	After the Rain	Koi wa Amaagari no You ni
Koi-ken!: Watashitachi Anime ni Nacchatta!		Koiken!: Watashitachi Anime ni Nacchatta!
Koihime		
Koihime†Musou		
Koihime†Musou OVA		
Koihime†Musou OVA Omake		Koihime Flash
Koiito Kinenbi The Animation		
Koikishi Purely☆Kiss The Animation		
Koikishi Purely☆Kiss The Animation: Special Edition		
Koinaka: Koinaka de Hatsukoi x Nakadashi Sexual Life The Animation		
Koinu no Blue		Minna no Uta
Koishite!! Namashi-chan		In Love!! Sea Cucumber-chan
Koisuru Boukun		Koi Suru Boukun
Koisuru Niwatori		Koi Suru Niwatori
Koisuru Shirokuma	Koi Suru Shirokuma	Polar Bear in Love
Koisuru Shirokuma Tokubetsu-ban		A Polar Bear in Love
Koisuru Tenshi Angelique: Chibi Character Adventure	Loving Angel Angelique Chibi Adventure Special	Koi Suru Tenshi Angelique
Koisuru Tenshi Angelique: Chibi Character Adventure 2	Loving Angel Angelique Chibi Adventure Special 2	Koi Suru Tenshi Angelique
Koisuru Tenshi Angelique: Kagayaki no Ashita	Loving Angel Angelique: Radiant Tomorrow	Koi Suru Tenshi Angelique
Koisuru Tenshi Angelique: Kagayaki no Ashita Special	Loving Angel Angelique: Radiant Tomorrow Special	Koi Suru Tenshi Angelique
Koisuru Tenshi Angelique: Kokoro no Mezameru Toki	Loving Angel Angelique: When Hearts Awaken	Koi Suru Tenshi Angelique
Koitabi: True Tours Nanto		
Koiwai Junsui Kajuu: Bokura Junsui-hen		Kirin CM
Koi☆Sento	Coicent	Koi☆Cent
Kojika Monogatari	Story of a Fawn	The Yearling
Kojiki: Hyuuga-hen	The Hyuga Episode of Kojiki	
Kojin Jugyou	Private Psycho Lesson	
Kojin Jugyou The Animation: Schoolgirl Ready for a Private Lesson		Kojin Jugyou
Kojin Taxi	Sex Taxi	
Kojin Toshi	Personal City	
Kokekkou-san	Kokomom	Wageul-wageul Kokomom
Kokka Kimigayo	The National Anthem Kimigayo	The National Anthem
Kokkoku	Kokkoku	Kokukoku
Koko ni Iru		
Koko wa Green Wood	Here is Greenwood	
Kokoro Connect	Kokoro Connect	Kokoroco
Kokoro Connect: Michi Random	Kokoro Connect OVA	Kokoro Connect Episodes 14
Kokoro Toshokan		Kokoro Library
Kokoro Toshokan: Communication Clips		Heart Library: Communication Clips
Kokoro ga Sakebitagatterunda.	The Anthem of the Heart	Kokosake
Kokoro ga Sakebitagatterunda. x Sony Hi-Res Walkman and Headphone		Kokosake x Sony
Kokoro no Catchball		
Kokoro no Chikara	Power of the Heart	Will Power
Kokoro no Hanataba		
Kokoro no Koukyougaku		
Kokoroya		Kokoro ya
Kokudo Oh	Legend of the Black Eye	Koku Dou Ou: Charmstone
Kokuen		Black Smoke
Kokuhaku		
Komachi to Dangorou		Komachi and Dangorou
Komadori Eiga: Komaneko	Komaneko: the Curious Cat	Komaneko: the Stop-motion Movie
Komaneko no Christmas: Maigo ni Natta Present	A Komaneko Christmas: The Lost Present	
Komaneko: Hajime no Ippo		
Komatsu Sakyo Anime Gekijou		Sakyo Komatsu&#039;s Animation Theater
Komori-san wa Kotowarenai!	Komori-san Can&#039;t Decline!	
Konbini Kareshi	Convenience Store Boy Friends	Convenience Store Boyfriends
Konchuu Monogatari Minashigo Hutch	The Adventures of Hutch the Honeybee	Insect Story: Honey Bee Hutch
Konchuu Monogatari Minashigo Hutch (1989)		
Konchuu Monogatari Mitsubachi Hutch: Yuuki no Melody		Hutch the Honeybee
Konchuu Monogatari Tentoumu Chu! to Mitsubachi Hatsu Chu!		Chu! Insect Story
Konchuu Ninja		Minna no Uta
Konchuu Tsurezuregusa		Essays on Insects
Koneko no Chii: Ponponra Daibouken	Chi&#039;s Sweet Adventure	Chi&#039;s Sweet Home (2016)
Koneko no Chii: Ponponra Dairyokou		
Koneko no Rakugaki		Kitten&#039;s Scribbling
Koneko no Studio	Kitty&#039;s Studio	Kitten&#039;s Studio
Konigiri-kun		
Konjiki no Gash Bell!!	Zatch Bell!	
Konjiki no Gash Bell!!: 101 Banme no Mamono	Gash Bell The 1st Movie: Unlisted Demon	Gash Bell Movie 1
Konjiki no Gash Bell!!: Hashire Gash!! Ubawareta Umagon		Zatch Bell!: Run Gash! Umagon has been stolen from us!
Konjiki no Gash Bell!!: Mecha Vulkan no Raishuu	Zatch Bell Movie 2	Konjiki no Gashbell!! Mecabarukan no raishuu
Konjiki no Gash Bell!!: Ougon no Chichi wo Motsu Otoko		Konjiki no Gash Bell!!: 00F - The Man With the Golden Tits
Konna Ko Iru kana		
Konna Watashitachi ga Nariyuki de Heroine ni Natta Kekka www		Nari Hero www
Konna Watashitachi ga Nariyuki de Heroine ni Natta Kekka www (TV)		Nari Hero www (TV)
Konna Watashitachi ga Nariyuki de Heroine ni Natta Kekka www (TV): Heroine Kentei		
Konna ni Yasashiku Sareta no		
Konnichiwa Anne: Before Green Gables	Before Green Gables	Anne of Green Gables Prequel
Konnichiwa Onara Gorou		Onara Gorou Episode 0
Kono Aozora ni Yakusoku wo: Youkoso Tsugumi Ryou e		
Kono Bijutsubu ni wa Mondai ga Aru!	This Art Club Has a Problem!	Konobi
Kono Danshi	 Mahou ga Oshigoto Desu.	この男子、魔法がお仕事です。
Kono Danshi	 Ningyo Hiroimashita.	この男子、人魚ひろいました。
Kono Danshi	 Sekika ni Nayandemasu.	この男子、石化に悩んでます。
Kono Danshi	 Uchuujin to Tatakaemasu.	この男子、宇宙人と戦えます。
Kono Mayonnaise wa Yuru Sugiru	This Mayonnaise is too Liquid.	
Kono Minikuku mo Utsukushii Sekai	This Ugly Yet Beautiful World	
Kono Naka ni Hitori	 Imouto ga Iru!	この中に1人、妹がいる！
Kono Naka ni Hitori	 Imouto ga Iru!: Ani	 Koibito
Kono Sekai no Katasumi ni	In This Corner of the World	To All the Corners of the World
Kono Shihai kara no Sotsugyou: Ozaki Yutaka		Kono Shihai kara no Sotsugyou
Kono Sora no Shita de		
Kono Subarashii Sekai ni Shukufuku wo!	KonoSuba: God&#039;s Blessing on This Wonderful World!	Give Blessings to This Wonderful World!
Kono Subarashii Sekai ni Shukufuku wo! 2	KonoSuba: God&#039;s Blessing on This Wonderful World! 2	Give Blessings to This Wonderful World! 2
Kono Subarashii Sekai ni Shukufuku wo! 2 OVA	KonoSuba: God&#039;s Blessing on This Wonderful World! Second Season OVA	KonoSuba: God&#039;s Blessing on This Wonderful World! Second Season OVA
Kono Subarashii Sekai ni Shukufuku wo! OVA		KonoSuba OVA
Konohana Kitan	Konohana Kitan	
Konohana no Sakuya Mori	Forest this flower bloom	
Konoyo no Hate de Koi wo Utau Shoujo YU-NO	YU-NO: A girl who chants love at the bound of this world	
Konpeitou		Kompeitou
Konpeki no Kantai		Deep Blue Fleet
Konpeki no Kantai: Sourai Kaihatsu Monogatari		Kompeki no Kantai Special Episode: Development of the Sorai
Konpora Kid		Compora Kid
Koori no Kuni no Misuke	Misuke in The Land of Ice	
Korashime	Punishment	
Kore ga UFO da! Soratobu Enban	That is an UFO! The Flying Saucer	
Kore ga Watashi no Goshujinsama	He is My Master	That&#039;s My Master
Kore wa Zombie Desu ka?	Is This a Zombie?	Koreha Zombie Desuka?
Kore wa Zombie Desu ka? OVA	Is This a Zombie? OVA	Kore wa Zombie Desu ka? Episode 13
Kore wa Zombie Desu ka? of the Dead	Is this A Zombie? of the Dead	Kore wa Zombie Desu ka? 2
Kore wa Zombie Desu ka? of the Dead: Hai	 Minotake ni Attemasu	これはゾンビですか? OF THE DEAD 「はい、身の丈に合ってます」
Korekarasaki	 Nando Anata to.	これから先
Korekuraide Utau		
Kori no Koe		
Koro Koro Kuririn no Inaka no Nezumi Tokai no Nezumi	Korokoro Kuririn in The Country Mouse and the Town Mouse	Korokoro Kuririn&#039;s The Country Mouse and the Town Mouse
Koro no Dai Sanpo	Koro&#039;s Big Day Out	Koro&#039;s big walk
Koro wa Yane no Ue		Minna no Uta
Koro-sensei Q!		Ansatsu Kyoushitsu: Koro-sensei Quest
Koro-sensei Quest!	Koro Sensei Quest!	Koro Teacher Quest 2016
Korogashi Ryouta		
Korogashi-ya no Pun		
Korokoro Animal		Coro Coro Animal
Korokoro Animal 2		Colo Colo Animal 2
Koroshiya 1 The Animation: Episode 0	Ichi The Killer: Episode 0	Koroshiya Ichi The Animation: Episode 0
Koroshiya-san: The Hired Gun		Mr. Hitman
Kosuke-sama Rikimaru-sama: Konpeitou no Ryuu		Kosukesama Rikimarusama: Konpeito no Ryu
Kosys! Kochira Keihime Tetsudou: Kouhou System-ka		Koushisu!
Kosys! Lite: Tsuyoku Suishou Bansaku no Sunglasses - Password Tsukai-mawashi no Jutsu		Koushisu! Lite
Kotatsu Musume de Teketekete		Minna no Uta
Kotatsu Neko	Table Cat	
Kotatsu Neko (ONA)		Kotatsuneko
Kotencotenco		Kotenkotenko
Kotetsu no Daibouken	The Adventures of Kotetsu	
Koto Nakare Hero Gingerman		Koto Nakare Hero Ginger-man
Koto no Shidai	The State of Things	Tamaki Roy
Kotonoha no Niwa	The Garden of Words	Koto no Ha no Niwa
Kotori Samba	Kotori Samba	
Kotoura-san	The Troubled Life of Miss Kotoura	Kotoura-san
Kotoura-san: Haruka no Heya		
Kotowa Jiten: Hetana Teppou mo Kazu Ucha Ataru!		
Kotowari: Kimi no Kokoro no Koboreta Kakera		
Kotowaza Gundam-san		
Kotowaza House		
Kouchou-sensei to Kujira		Kocho-sensei to Kujira
Kouchuu Ouja Mushiking Super Battle Movie: Yami no Kaizou Kouchuu	Mushiking: The King of Beetles SUPER BATTLE MOVIE -Altered Beetles of Darkness-	Mushiking 2
Kouchuu Ouja Mushiking: Greatest Champion e no Michi	Mushiking: The King of Beetles the movie The Road to the Greatest Champion	
Kouchuu Ouja Mushiking: Mori no Tami no Densetsu	Mushiking: The Guardians of the Forest	
Koufuku Graffiti	Gourmet Girl Graffiti	Happy Cooking Graffiti
Kougyou Aika Volley Boys		
Kouin Tenshi: Haitoku no Lycéenne	Co-eD Affairs	
Koukai Benjo The Animation		Public Toilet
Koukaku no Pandora	Pandora in the Crimson Shell	
Koukaku no Pandora: Ghost Urn	Pandora in the Crimson Shell: Ghost Urn	
Koukaku no Pandora: Pandoradio		Pandora in the Crimson Shell Specials
Koukou Butouden Crows	Crows	Koukou Butouden Crows 2
Koukou Tekken-den Tough	Shootfighter Tekken	High School Exciting Story: Tough
Koukyoushihen Eureka Seven: Hi-Evolution 1		
Koukyoushihen: Eureka Seven - Hi-Evolution 2		
Koukyoushihen: Eureka Seven - Hi-Evolution 3		
Koume-chan ga Iku!	Here Comes Koume!	Koumechan ga Iku!!
Koumon-teki Juuku Ketsujiru Juke	Anal Juke: Anal Juice	
Kounai Shasei	Tales of Titillation	The Tales Trilogy
Kouryuu Densetsu Villgust		Armed Dragon Fantasy Villgust
Kouryuu no Mimi: Mina no Shou		Koryu no Mimi
Kousagi Monogatari		Story of the Little Rabbit
Koushoku Ichidai Otoko	The Sensualist	The Life of an Amorous Man
Kousoku Denjin Albegus		Lightspeed ElectroGod Albegas
Koutetsu Jeeg		Kotetsu Jeeg
Koutetsu Sangokushi		
Koutetsu Sangokushi Special		Koutetsu Sangokushi Episode 26
Koutetsu Tenshi Kurumi	Steel Angel Kurumi	
Koutetsu Tenshi Kurumi 2	Steel Angel Kurumi 2	Koutetsu Tenshi Kurumi 2 shiki
Koutetsu Tenshi Kurumi Encore	Steel Angel Kurumi Encore	
Koutetsu Tenshi Kurumi Zero		
Koutetsu no Majo Annerose		Witch of Steel: Annerose
Koutetsu no Vendetta Episode 0		Iron Vendetta
Koutetsujou no Kabaneri	Kabaneri of the Iron Fortress	
Koutetsujou no Kabaneri Movie 1: Tsudou Hikari		Kabaneri of the Iron Fortress Recap 1: Gathering Light
Koutetsujou no Kabaneri Movie 2: Moeru Inochi		Kabaneri of the Iron Fortress Recap 2: Burning Life
Koutetsujou no Kabaneri Movie 3: Unato Kessen		
Koutetsushin Jeeg		Kotetsu Shin Jeeg
Kouya no Shounen Isamu		Willie Boy
Kowabon		
Kowaku no Toki		
Kowarekake no Orgel		Kowarekake no Orgol
Kowarekake no Orgel (Movie)		Kowarekake no Orgol (Movie)
Kowarekake no Orgel Special		Kowarekake no Orgol Extra
Kowaremono	Slave Doll - Maid to Order	Fragile Hearts
Kowaremono II	Kowaremono - Fragile Hearts	Sex Machine
Kowaremono The Animation		
Kowaremono: Risa Plus The Animation		
Kowaremono: Risa The Animation		
Koyomimonogatari		
Kozaru no Buranko		Little Monkey on a Swing
Kozou no Koushin	Baby Elephant Walk	Minna no Uta
Kremlin		
Ku Pao Ying Xiong		The Running Heroes
Kubbe Gachapin Mukku	Kubbe Gachapin Mukku	
Kubbe Kort Animasjon		
Kubbe PV Full ver.		
Kubbe no Ongakukai		
Kubikiri Cycle: Aoiro Savant to Zaregototsukai	The Kubikiri Cycle	Zaregoto Series
Kubire 3 Sisters		
Kuchao	A Gum Boy	
Kud Wafter		
Kudan		
Kugutsu Ai: Doura Gaiden		
Kuiba II: Dazhan Yuan Yang Jie	Kuiba 2	Kuiba 2: Battle of Yuan Yang World
Kuiba III: Zhanshen Jueqi	Kuiba 3	Kuiba 3: Mars Rising
Kuiba Yao Xia Zhuan		Kuiba Yaoxia Zhuan
Kuiba: Zhi Shiwanhuoji		Kuiba
Kujakuou	Spirit Warrior	Peacock King
Kujakuou: Sengoku Tensei	Kujakuou Sengokutensei	Kujakuoh: Sengoku Tensei
Kujibiki Unbalance		
Kujibiki♥Unbalance		Kujian
Kujira		
Kujira (1952)		The Whale (1952)
Kujira no Chouyaku		Glassy Ocean
Kujira no Josephina		Josephine the Whale
Kujira no Kora wa Sajou ni Manabu!		Kujira no Kora wa Sajou ni Utau Specials
Kujira no Kora wa Sajou ni Utau	Children of the Whales	Whale Calves Sing on the Sand
Kujiratori	The Whale Hunt	Kujira Tori
Kuma Miko	Kumamiko: Girl Meets Bear	
Kuma Miko Specials		Girl meets Bear Specials
Kuma ni Kuwarenu Otoko	The Bear Dodger	
Kuma no Gakkou: Jackie to Katie		The Bears&#039; School
Kuma no Gakkou: Patissier Jackie to Ohisama no Sweets		Eiga Kuma no Gakkou: Patissier Jackie to Ohisama no Sweets
Kuma no Minakuro to Kouhei Jiisan	Kumanominakuro to Kouheijiisann	Kuma no Minakuro to Kouhei-jiisan
Kuma no Nuigurumi		Minna no Uta
Kuma no Puutarou		Puutarou the Bear
Kumi to Tulip		Wakate Animator Ikusei Project
Kumo ga Haretara		Minna no Uta
Kumo ni Noru		
Kumo no Gakkou		
Kumo no Ito	Spider Silk	
Kumo no Ito (OVA)		
Kumo no Ito (Special)		
Kumo no Mukou	 Yakusoku no Basho	雲のむこう、約束の場所
Kumo no You ni Kaze no You ni	Like the Clouds	雲のように風のように
Kumo to Tulip	The Spider and the Tulip	Kumo to Chuurippu
Kumori Nochi Hare		
Kuni-chan no Ikka Ranran		
Kunimatsu-sama no Otoridai		
Kunoichi Bakumatsu Kitan	The Last Kunoichi	
Kunoichi Gakuen Ninpouchou	Ninja	Schoolgirl Ninja Harlem
Kunoichi Sakuya		
Kupu~!! Mamegoma!		KUPU! Bean sesame!
Kura Sushi		Shigoto Shoukai
Kurage no Shokudou		Jellyfish Restaurant
Kuragehime	Princess Jellyfish	Kuragehime
Kuragehime: Eiyuu Retsuden☆	Princess Jellyfish Specials	Kuragehime Heroes☆
Kuragehime: Soreike! Amars Tankentai	Princess Jellyfish: Go	それいけ！尼～ず探検隊
Kurai Mirai	Dark Future	
Kuraibito		
Kurau Phantom Memory		
Kurayami Santa		
Kurayami wa Kiken ga Ippai		
Kure-nai	Kurenai	Crimson
Kure-nai OVA		Kure-nai OAD
Kurenai Sanshirou	Judo Boy	
Kurenai no Buta	Porco Rosso	The Scarlet Pig
Kuripuri*Kuripura		
Kuro		Minna no Uta
Kuro Ai: Hitoyozumakan Inkou Rannyuuroku	Dark Love	Kuro Ai
Kuro Nyago	The Black Cat	Kuronyago
Kuro ga Ita Natsu		Summer With Kuro
Kuro no Danshou	Mystery of the Necronomicon	
Kuro no Kyoushitsu		
Kuro no Sumika: Chronus		Wakate Animator Ikusei Project
Kuro to Kin no Akanai Kagi.		Kuro to Kin no Hirakanai Kagi.
Kuro-Nikuru Girls		Chain Chronicle Girls
Kurogane Communication	Kurogane Communication	Tetsu Komyunikeishon
Kurogane no Linebarrels	Linebarrels of Iron	
Kurogane no Linebarrels Picture Drama		Linebarrels of Iron Picture Drama
Kurogane no Linebarrels Specials	Linebarrels of Iron	Kurogane no Linebarrels OVA
Kurohime: Shikkoku no Yakata	Black Widow	The Black Princess
Kuroi Ame ni Utarete		Beaten by Black Rain
Kuroi Hitomi		Black Pupil
Kuroi Kikori to Shiroi Kikori	The Black Woodcutter and the White Woodcutter	
Kuroinu: Kedakaki Seijo wa Hakudaku ni Somaru		
Kurokami The Animation	Kurokami The Animation	Kurokami
Kurokami: Intermission		Kurokami: Tokubetsu Hen Intermission
Kurokami: Tora to Tsubasa		Kurokami Special
Kurokan		
Kuroko no Basket	Kuroko&#039;s Basketball	Kuroko no Basuke
Kuroko no Basket 2nd Season	Kuroko&#039;s Basketball 2	Kuroko no Basuke 2nd Season
Kuroko no Basket 2nd Season NG-shuu		Kuroko no Basket NG-shuu
Kuroko no Basket 3rd Season	Kuroko&#039;s Basketball 3	Kuroko no Basuke 3rd Season
Kuroko no Basket 3rd Season NG-shuu		
Kuroko no Basket Movie 1: Winter Cup - Kage to Hikari	Winter Cup Highlights Episode 1 – Winter Cup Highlights -Shadow and Light-	Kuroko&#039;s Basketball Movie 1: Winter Cup Highlights - Shadow and Light
Kuroko no Basket Movie 2: Winter Cup - Namida no Saki e	Winter Cup Highlights Episode 2 – Winter Cup Highlights -Beyond the Tears-	Kuroko&#039;s Basketball Movie 2: Winter Cup Highlights - Beyond the Tears
Kuroko no Basket Movie 3: Winter Cup - Tobira no Mukou	Winter Cup Highlights Episode 3 – Winter Cup Highlights -Crossing the Door-	Kuroko&#039;s Basketball Movie 3: Winter Cup Highlights - Crossing the Door
Kuroko no Basket Movie 4: Last Game		Gekijouban Kuroko no Basuke: Last Game
Kuroko no Basket NG-shuu	Kuroko&#039;s Basketball Specials	Kuroko no Basket NG Collection
Kuroko no Basket: Baka ja Katenai no yo!	Kuroko&#039;s Basketball OVA	Kuroko no Basket OVA
Kuroko no Basket: Last Game NG-shuu		
Kuroko no Basket: Mou Ikkai Yarimasen ka		Kuroko no Basket: 41.5Q
Kuroko no Basket: Oshaberi Demo Shimasen ka		Kuroko&#039;s Basketball: Would You Like To Chat OVA
Kuroko no Basket: Oshaberi Shiyokka	Kuroko&#039;s Basketball Special	Kuroko no Basket Special
Kuroko no Basket: Oshaberi Shiyou ka		
Kuroko no Basket: Saikou no Present Desu		Kuroko&#039;s Basketball: It&#039;s the Best Present
Kuroko no Basket: Tip Off	Kuroko&#039;s Basketball Special	Kuroko no Basket Special
Kuromajo-san ga Tooru!!	Here Comes the Black Witch!!	Kuromajyo-san ga Toru!!
Kuromukuro	Kuromukuro	Black Corpse
Kuroneko Monroe		Black Cat Monroe
Kuroshitsuji	Black Butler	Kuro Shitsuji
Kuroshitsuji II	Black Butler II	Kuroshitsuji 2
Kuroshitsuji II Specials	Black Butler II Specials	Ciel in Wonderland
Kuroshitsuji Movie: Book of the Atlantic	Black Butler: Book of the Atlantic	
Kuroshitsuji Picture Drama		Kuroshitsuji: Sono Shitsuji
Kuroshitsuji Recap		Tanaka no Narration de Kurikaeru Zenhan Digest
Kuroshitsuji: Book of Circus	Black Butler: Book of Circus	Kuroshitsuji Circus Hen
Kuroshitsuji: Book of Murder	Black Butler: Book of Murder	
Kuroshitsuji: Sono Shitsuji	 Kougyou	黒執事 その執事、興行
Kurou Shiro		Black White
Kurozuka	Kurozuka	Black Tomb
Kurumiwari Ningyou	Nutcracker Fantasy	
Kurumiwari Ningyou (2014)		
Kuruneko		
Kuruneko (ONA)		
Kuruneko Season 2		Kuru Neko
Kuruneko: Kurunekobin		Kuruneko Specials
Kuruneko: Nyaalock Holmes no Bouken		Kuruneko Season 2 Specials
Kurutta Kyoutou: Danzai no Gakuen		
Kusakeiba		Minna no Uta
Kusatta Kyoushi no Houteishiki	Bad Teacher Equation	Rotten Teachers Equation
Kushimitama Samurai		
Kussetsu		
KutsuDaru.		Kutsushita ga Daru Daru ni Nacchau Wake: Imadoki Youkai Zukan
Kutsuya to Kobito	Elves and the Shoemaker	Eleves and the Shoemaker
Kuttsukiboshi		
Kuuchuu Buranko	Welcome to Irabu&#039;s Office	Kuchu Buranko
Kuunyan no Koutsuu Anzen: Tadashii Jitensha no Nori Kata		
Kuusen Madoushi Kouhosei no Kyoukan	Sky Wizards Academy	The Instructor of Aerial Combat Wizard Candidates
Kuusen Madoushi Kouhosei no Kyoukan: Lecty no	 Ikimonogatari	空戦魔導士候補生の教官 レクティの
Kuusou Kagaku Sekai Gulliver Boy	Fantascience World Gulliver Boy	
Kuusou Suizokukan	Kuusou Suizokukan	
Kuusou no Sora Tobu Kikaitachi		
Kuwagata Tsumami	Stag Beetle Tsumami	Kuwagata Tumami
Kuzu no Honkai	Scum&#039;s Wish	
Kuzuryuugawa to Shounen	The Boy & A Great River	
Kwaegeol Longman Narongi		Nalong 2
Kyak Kyak Kyak Flamenco		MIRChee
Kyattou Ninden Teyandee	Samurai Pizza Cats	Cat Ninden Teyandee
Kyojin no Hoshi		Star of the Giants
Kyojin no Hoshi (Movie)		
Kyojin no Hoshi: Chizome no Kesshousen		
Kyojin no Hoshi: Dai League Ball		
Kyojin no Hoshi: Ike Ike Hyuuma		
Kyojin no Hoshi: Shukumei no Taiketsu		
Kyokugen Dasshutsu Adv: Zennin Shibou Desu Prologue		Kyokugen Dasshutsu ADV: Zennin Shibou Death
Kyokujitsu no Kantai	The Fleet of the Rising Sun	
Kyomu Senshi Miroku		Expunged Chronicle of Miroku
Kyonyuu Daikazoku Saimin		
Kyonyuu Dosukebe Gakuen		
Kyonyuu Fantasy		Funbag Fantasy
Kyonyuu Hitozuma Onna Kyoushi Saimin		
Kyonyuu Kazoku Saimin		
Kyonyuu Reijou MC Gakuen		
Kyonyuu Try!: Tanki Shuuchuu Chichi Momi Lesson		
Kyoro-chan		
Kyoro-chan no Jishin Youjin Hi no Youjin		
Kyoro-chan no Koutsuu Anzen		
Kyoto Animation Koushiki Twitter: Itsumo Arigatou		
Kyoto Animation: Ajisai-hen		Kyoto Animation CM: Ajisai-hen
Kyoto Animation: Hana-hen	Flower	Kyoto Animation CM: Hana-hen
Kyoto Animation: Hassou-hen	Idea	Kyoto Animation CM: Hassou-hen
Kyoto Animation: Hoshi-hen	Star	Kyoto Animation CM: Hoshi-hen
Kyoto Animation: Ikitaku Naru Omise-hen	Shop	Kyoto Animation CM: Ikitaku Naru Omise-hen
Kyoto Animation: Kasa-hen	Umbrella	Kyoto Animation CM: Kasa-hen
Kyoto Animation: Megane-hen	Glasses	Kyoto Animation CM: Megane-hen
Kyoto Animation: Sora-hen	Sky	Kyoto Animation CM: Sora-hen
Kyoto Animation: Suiei-hen	Swimming	Kyoto Animation CM: Suiei-hen
Kyoto Gakuen Daigaku		Kyoto Gakuen University
Kyoto Teramachi Sanjou no Holmes		Holmes at Kyoto Teramachi Sanjo
Kyou	 Koi wo Hajimemasu	今日、恋をはじめます
Kyou kara Maou!	King From Now On!	Kyo Kara Maoh!
Kyou kara Maou! 3rd Series		Kyou Kara Maou! Dai San Series
Kyou kara Maou! R		Kyou Kara Maou! OVA
Kyou kara Ore wa!!		Kyou Kara Ore Ha!!
Kyou mo Chappy End		Minna no Uta
Kyou mo Kyou to te Tape wa Mawaru		
Kyou no 5 no 2	Today in Class 5-2	Kyo no Gononi
Kyou no 5 no 2 (TV)		Kyou no Go no Ni (TV)
Kyou no 5 no 2 (TV): Takarabako		Kyou no Go no Ni OVA 2
Kyou no 5 no 2 Kagai Jugyou: Mizukake		Kyou no Go no Ni Special
Kyou no Asuka Show		Today&#039;s Asuka show
Kyoudai Koguma	The Bears Brothers	
Kyoufu Densetsu Kaiki! Frankenstein	The Monster Of Frankenstein	Frankensteins Monster
Kyoufu Shinbun		Kyofu Shinbun
Kyoufu Shinbun (2014)	Horror News	
Kyoufu no Bio Ningen Saishuu Kyoushi	Ultimate Teacher	Fearsome Bio Human: The Last Teacher
Kyoufu no Kyou-chan		Terrifying Kyou-chan
Kyoufu! Zombie Neko		
Kyougoku Natsuhiko: Kousetsu Hyaku Monogatari	Requiem from the Darkness	Hundred Stories
Kyouhaku II (Second): Mou Hitotsu no Ashita The Animation	The Blackmail II: The Animation	Kyouhaku II: Mou Hitotsu no Ashita - The Animation
Kyouhaku: Owaranai Ashita	The Blackmail: Tomorrow Never Ends	
Kyouhaku: Owaranai Ashita - Special Stage	The Blackmail: Tomorrow Never Ends - Special Stage	Kyouhaku Special Stage: Dare ga Tameni Kane Hanaru
Kyouiku Eiga-sai Jushou Anime Series		
Kyouiku Shidou The Animation		
Kyoukai no Kanata	Beyond the Boundary	Beyond the Horizon
Kyoukai no Kanata Movie 1: I&#039;ll Be Here - Kako-hen	Beyond the Boundary: I&#039;ll Be Here - Past	Beyond the Boundary Movie
Kyoukai no Kanata Movie 2: I&#039;ll Be Here - Mirai-hen	Beyond the Boundary: I&#039;ll Be Here - Future	Beyond the Boundary Movie
Kyoukai no Kanata Movie: I&#039;ll Be Here - Kako-hen - Yakusoku no Kizuna	Beyond the Boundary: I&#039;ll Be Here - Past Special	Kyoukai no Kanata Movie: I&#039;ll Be Here - Kako-hen Special
Kyoukai no Kanata: Idol Saiban! Mayoi Nagara mo Kimi wo Sabaku Tami	Beyond the Boundary: Idol Trial!	
Kyoukai no Kanata: Mini Theater		Kyoukai no Kanata Specials
Kyoukai no Kanata: Shinonome	Beyond the Boundary: Daybreak	Beyond the Horizon: Daybreak
Kyoukai no Rinne		
Kyoukai no Rinne (TV)	RIN-NE	
Kyoukai no Rinne (TV) 2nd Season	RIN-NE	
Kyoukai no Rinne (TV) 3rd Season	RIN-NE	
Kyoukaisenjou no Horizon	Horizon in the Middle of Nowhere	Kyoukai Senjou no Horizon
Kyoukaisenjou no Horizon II	Horizon in the Middle of Nowhere II	Horizon on the Middle of Nowhere II
Kyoukaisenjou no Horizon Specials		
Kyoukasho ni Nai!	Very Private Lesson	Not in the Textbook!
Kyouran Kazoku Nikki		The Diary of a Crazed Family
Kyouryoku Boukuusen		
Kyouryou Pikora		
Kyouryuu Boukenki Jura Tripper		Dino Adventure Jurassic Tripper
Kyouryuu Daisensou Aizenborg		Kyoryu Senso Aizenbogu
Kyouryuu Tankentai Born Free		
Kyouryuu Wakusei	Dinosaur Planet	Kyoryu Wakusei
Kyoushirou to Towa no Sora	Shattered Angels	Kyoshiro to Towa no Sora
Kyoushirou to Towa no Sora Specials		Kyoshiro to Towa no Sora Specials
Kyoushitsu wa Obake ga Ippai/Boku wa Yuusha da zo		
Kyoushoku Soukou Guyver	Guyver: Out of Control	
Kyoushoku Soukou Guyver (1989)	The Guyver: Bio-Booster Armor	Bio-Booster Armor Guyver
Kyoushoku Soukou Guyver (2005)		Guyver: The Bio-boosted Armor
Kyoushoku Soukou Guyver II	The Guyver: Bio-Booster Armor	Bio-Booster Armor Guyver
Kyousou Giga		Kyousougiga
Kyousou Giga (2012)		Kyousougiga (2012)
Kyousou Giga (TV)	Kyousougiga	Kyousogiga (TV)
Kyousou Giga (TV) Recaps		Kyousougiga (TV) Recaps
Kyubi no Kitsune to Tobimaru (Sesshoseki)		The Killing Stone
Kyushu Love Milk Club	Kyushu Love Milk Club	Kyuushuu Love Milk Club
Kyutai Panic Adventure Returns!		Orb Panic Adventure Returns!
Kyutai Panic Adventure!		Orb Panic Adventure!
Kyuuketsuhime Miyu	Vampire Princess Miyu	Kyuuketsu Hime Miyu
Kyuuketsuhime Miyu (TV)	Vampire Princess Miyu	Kyuuketsuki Miyu TV
Kyuuketsuki		
Kyuukyoku Choujin R	Kyukyoku Chojin R	Kyuukyoku Choujin A~ru
Kyuukyoku no Chef wa Oishinbo Papa		
Kyuukyoku no Sex Adventure Kamasutra	Kama Sutra	Kama Sutra Kyuukyoku no Sex Adventure
Kyuumei Senshi Nanosaver		Rescue Warrior Nanosaver
Kämpfer	Kämpfer	Kampfer
Kämpfer Picture Drama		Kampfer Special
Kämpfer für die Liebe	Kämpfer für die Liebe	Kampfer: Fur die Liebe
