C.L.A.Y.		
C: The Money of Soul and Possibility Control	[C] CONTROL - The Money and Soul of Possibility	[C] The Money of Soul and Possibility Control
CB Chara Go Nagai World	CB Character: Nagai Gou World	Chibichiara: Nagai Go Sekai
CCW: Crazy Clay Wrestling		
CLAMP in Wonderland		
CLAMP in Wonderland 2		
CMFU Xueyuan: Shenshi Ji Jijian		
CMFU Xueyuan: Wangzi Peng Peng Qiu		
Cabbage UFO		Minna no Uta
Cafe Junkie		
Cafe de Oni		Denki Groove: Cafe de Oni
Cake Sushi		Cake Sushi: Halloween-hen
Cakes		
Calbee Hitokuchi Gekijou		
California Crisis: Tsuigeki no Juuka	California Crisis: Gun Salvo	California Crisis: Tsuigeki no Juka
Caligula		The Caligula Effect
Calihara no Uta		Karihara no Uta
Calimero		Karimero
Call Me Tonight	Call Me Tonight	Pink Noise
Calligraffiti		Carigraffiti
Calm		
Cambrian		
Campione!: Matsurowanu Kamigami to Kamigoroshi no Maou	Campione!	Campione!: Matsurowanu Kamigami to Kamigoroshi no Maou
Campus		
Can Can Bunny Extra	Can Can Bunny	Can Can Bunny Extra - Lucky 7
Canaan	Canaan	428: Fuusa Sareta Shibuya de Tokubetsu-hen
Canaan: Minorikawa Report 201X Shanghai	Canaan: Minorikawa Report Year 201X Shanghai	Canaan Special
Canary		
Canary wa Kago no Naka	Cage	Kanariya wa Kago no Naka
Candle	Candle	
Candy Boy Episode: EX01 - Mirai Yohouzu		Candy Boy EX1
Candy Boy Episode: EX02 - Shiawase Kyouyuu Riron		Candy Boy Extra Episode
Candy Boy: Nonchalant Talk of the Certain Twin Sisters in Daily Life		CB
Candy Candy		
Candy Candy (Movie)		
Candy Candy: Candy no Natsu Yasumi	Candy Candy: Candy&#039;s Summer Vacation	Candy Candy&#039;s Summer Holidays
Candy Candy: Haru no Yobigoe	Candy Candy: The Call of Spring	
Candy no Yume		Minna no Uta
Candy☆Boy: Side Story For Archive		Candy Boy Episode 0
Canvas 2: Niji-iro no Sketch	Canvas 2: Rainbow Colored Sketch	
Canvas: Sepia-iro no Motif		Canvas: Motif Of Sepia
Capeta		
Capricorn		
Capsule Boy	Capsule Boy	
Capsule Samurai	The Capsule Samurai	
Captain		
Captain (TV)		
Captain Earth	Captain Earth	
Captain Future		
Captain Future: Kareinaru Taiyokei Race		Captain Future Kareinaru Taiyoukei Race
Captain Herlock	Space Pirate Captain Harlock	
Captain Tsubasa		Flash Kicker
Captain Tsubasa (2018)		
Captain Tsubasa J		
Captain Tsubasa: Asu ni Mukatte Hashire!		Captain Tsubasa: Ashita ni Mukatte Hashire!
Captain Tsubasa: Ayaushi! Zen Nihon Jr.		Captain Tsubasa: Ayaushi! Zen Nippon Jr.
Captain Tsubasa: Europe Daikessen		Captain Tsubasa: Europa Daikessen
Captain Tsubasa: Road to 2002	Captain Tsubasa	Captain Tsubasa (2001)
Captain Tsubasa: Saikyou no Teki! Holland Youth		Captain Tsubasa - Holland Youth
Captain Tsubasa: Sekai Daikessen!! Jr. World Cup		Captain Tsubasa MOVIE (1986 Summer)
Captain the Movie		Captain Gekijouban
Car Radio	Car Radio	
Card Wang: Mix Master	Mix Master: King of Cards	Card Ou Mix Master
Cardcaptor Sakura	Cardcaptor Sakura	CCS
Cardcaptor Sakura Movie 1	Cardcaptor Sakura The Movie	Card Captor Sakura
Cardcaptor Sakura Movie 2: Fuuin Sareta Card	Card Captor Sakura Movie 2: The Sealed Card	Card Captors Sakura The Movie 2
Cardcaptor Sakura: Clear Card-hen	Cardcaptor Sakura: Clear Card	Cardcaptor Sakura: Clear Card Arc
Cardcaptor Sakura: Clear Card-hen Prologue - Sakura to Futatsu no Kuma		
Cardcaptor Sakura: Clear Card-hen Recap	Cardcaptor Sakura: Clear Card Recap	Cardcaptor Sakura: Clear Card Arc Recap
Cardcaptor Sakura: Kero-chan ni Omakase!		Cardcaptor Sakura: Leave it to Kero-chan
Cardfight!! Vanguard	Cardfight!! Vanguard	
Cardfight!! Vanguard (2018)		
Cardfight!! Vanguard G	Cardfight!! Vanguard G	
Cardfight!! Vanguard G: GIRS Crisis-hen	Cardfight!! Vanguard G GIRS Crisis	
Cardfight!! Vanguard G: Next	Cardfight!! Vanguard G NEXT	
Cardfight!! Vanguard G: Stride Gate-hen	Cardfight!! Vanguard G Stride Gate	
Cardfight!! Vanguard G: Z	Cardfight!! Vanguard G Z	
Cardfight!! Vanguard Movie: Neon Messiah		Gekijouban Cardfight!! Vanguard: Neon Messiah
Cardfight!! Vanguard: Asia Circuit-hen	Cardfight!! Vanguard Asia Circuit	Cardfight!! Vanguard: Asia Circuit Chapter
Cardfight!! Vanguard: Legion Mate-hen	Cardfight!! Vanguard Legion Mate	
Cardfight!! Vanguard: Link Joker-hen	Cardfight!! Vanguard Link Joker	Cardfight!! Vanguard Third Season
Caribadix	Caribadix	Deeky & Carina
Caribadix 2nd Season	Caribadix 2nd Season	Deeky and Carina 2nd Season
Carino Coni		
Carnival Phantasm		Carnival Phantasm
Carnival Phantasm EX Season		Carnival Phantasm OVA
Carnival Phantasm: HibiChika Special		Carnival Phantasm (2013)
Carnival Phantasm: Illya-jou		Carnival Phantasm Special
Carol		Carol: A Day In A Girl&#039;s Life
Carol & Tuesday		
Cartagra: Tsuki Gurui no Yamai		Cartagra: Disease of Moon Confusion
Casshern Sins	Casshern Sins	
Casshern: Robot Hunter	Casshan: Robot Hunter	
Castle Fantasia: Seima Taisen		
Cat Shit One		Cat Shit One: The Animated Series
Cat&#039;s Eye		Cats Eye
Cat&#039;s Eye Love		Minna no Uta
Catblue: Dynamite	Catblue Dynamite	
Catch: Tsugi no Natsu ga Kuru You ni		Minna no Uta
Catchy-kun no Nice Catch!		
Catman	Catman	Catman Series 1
Catman Series II		Catman
Catman Series III		Catman 3rd Season
Catman Specials		
Cele Kano		
Celebration and Chorale	celebration and chorale	Shukuten no Chorale
Cell no Koi		Minna no Uta
Cello Hiki no Gauche		Gauche the Cellist
Cello Hiki no Gauche (1982)	Gauche the Cellist	Serohiki no Goshu
Cello Hiki no Gauche (OVA)		
Cencoroll		Cencoroll
Cencoroll 2		
Centaur no Nayami	A Centaur&#039;s Life	Centaur&#039;s Worries
Cerberus		Soutaisei Riron
Chagama Ondo		The Dance of the Chagamas
Chain Chronicle: Haecceitas no Hikari	Chain Chronicle: The Light of Haecceitas	
Chain Chronicle: Haecceitas no Hikari Part 1	Chain Chronicle: The Light of Haecceitas Part 1	
Chain Chronicle: Haecceitas no Hikari Part 2	Chain Chronicle: The Light of Haecceitas Part 2	
Chain Chronicle: Haecceitas no Hikari Part 3	Chain Chronicle: The Light of Haecceitas Part 3	
Chain Chronicle: Short Animation		
Chains & Rings	Chains & Rings	Chains and Rings
Chainsaw Maid	Chainsaw Maid	
Chalk-iro no People		
Challenge Ichinensei de Kakkoii Ichinensei ni Henshin!	Question Fairy	
Chamebou Kuukijuu no Maki		
Chamebou Shin Gachou: Nomi Fuufu Shikaeshi no Maki		
Chameko no Ichinichi		A day of Chameko
Chameleon		Minna no Uta
Chameleon (OVA)	Bite me!	Bite Me! Chameleon
Chan Shuo A Kuan		
Chance Triangle Session		Chance Pop Session
Chanda Gou	M.S. Chanda	
Chang		The Window
Change Our Mirai!	Change Our Mirai!	Irodorimidori
Change!! Getter Robo: Sekai Saigo no Hi	Getter Robo: Armageddon	Shin Getter Robo: The Last Day
Changjiang Qi Hao Ai Diqiu	CJ7: The Cartoon	CJ7 Loves the Earth
Channel 5.5		
Channel 5.5 2nd Season		
Channel 5.5 3rd Season		
Channel 5.5 3rd Season Prologue		
Channel 5.5 4th Season		
Channel 5.5 4th Season Prologue		
Channel 5.5 Prologue: Shin Bangumi Start!		Channel 5.5 Prologue: New Program Starts!
Chao Shen Youxi		Super Gamer King
Chao You Bing		Chao You Bing: Zhi Yongzhe Chuanshuo
Chao Zhi Neng Zu Qiu	GGO Football	
Chaos Dragon: Sekiryuu Seneki	Chaos Dragon	Red Dragon War
Chara to Otamajakushi Shima		
Charady no Joke na Mainichi		Charady no Jokena Mainichi
Charamaru-kun to Dokumaru-kun		
Charanpo Land no Bouken		Wakate Animator Ikusei Project
Chargeman Ken!		Charge Man Ken!
Charlotte	Charlotte	
Charlotte: Tsuyoimono-tachi		Charlotte Special
Charm Point 1: Sister&#039;s Rondo		Tail of Two Sisters
Cheating Craft	Cheating Craft	Zuobi Yishu
Cheburashka		
Cheburashka Arere?		
Cheer Danshi!!	Cheer Boys!!	
Cheer Danshi!! Recap		Cheer Boys Recap
Cheer Danshi!! Specials		
Chein Kuro-Nikuru!!		Chain Chronican Black Shorts
Chein Kuro-Nikuru!! Kanketsu-hen		Chain Chronican Black Shorts
Chel-in sacheon-wang		The Steel Force
Chen-Kuro Gakuen		Chain Chronicle Gakuen
Chengyu Donghua Lang		Chinese Idiom Anime
Cheol-in 007		IronMan 007
Cheonbangjichuk Hani		Hani 2nd Season
Cheonnyeon-yeowoo Yeowoobi		Yobi
Cheorin Samchongsa		3 Iron Musketeers
Cherry & Gal&#039;s↑↑		
Cherry Blossom		
Cherry Blossom (Music)		
Cherry no Manma	Cherry no Manma	CnM
Chi Dor Dor	 Chi Dor Dor	智多多知多多
Chi&#039;s Sweet Home		Chii&#039;s Sweet Home
Chi&#039;s Sweet Home OVA		 出会う.
Chi&#039;s Sweet Home: Atarashii Ouchi	Chi&#039;s New Address	Chii&#039;s Sweet Home 2
Chi-Sui Maru		Chii-Sui Maru
Chi-Sui Maru 2nd Season		Chi-Sui Maru 2
Chi-Sui Maru Specials		
Chiba Pedal: Yowamushi Pedal to Manabu Jitensha Koutsuu Anzen		
Chibi Airin no Yuruyaka na Nichijou		
Chibi Kero: Kerobouru no Himitsu!?	Chibi Kero: Secret of the Kero Ball!?	
Chibi Maruko-chan		Petite Maruko-chan
Chibi Maruko-chan (1995)	Little Miss Maruko	Maruko-chan
Chibi Maruko-chan Movie		Chibi Maruko Chan Movie (1990)
Chibi Maruko-chan Movie: Italia kara Kita Shounen		
Chibi Maruko-chan: Hi no Youjin		
Chibi Maruko-chan: Jishin wo Kangaeru		
Chibi Maruko-chan: Watashi no Suki na Uta		Chibi Maruko-chan: My Favorite Song
Chibi Neko Chobi/Chibi Neko Kobi to Tomodachi		
Chibi Neko Tomu no Daibouken: Chikyuu wo Sukue! Nakama-tachi		
Chibikko Cowboy		Minna no Uta
Chibikko Kaijuu Yadamon		
Chibikko Kamu no Bouken		
Chibikko Remi to Meiken Kapi		Chibikko Rémi to Meiken Kapi
Chibikuro Sambo no Tora Taiji		Little Black Sambo versus the Tiger
Chibikuro Sambo to Futago no Otouto		Little Black Sambo and his Twin Brother
Chibinacs		
Chibinacs 2.0		Chibinacs
Chibinacs 3		Chibinacs³
Chibi☆Devi!		Chibi☆Devil! Chibi Devi!
Chibo	Mother Knows Breast	
Chicchana Onaka		Chiccha na Onaka
Chicchana Yukitsukai Sugar	A Little Snow Fairy Sugar	Tiny Snow Fairy Sugar
Chicchana Yukitsukai Sugar Specials	Sugar: A Little Snow Fairy Summer Special	Chiccha na Yukitsukai Sugar Special
Chichi Kaeru		
Chichi to Ko		
Chichiiro Toiki		Chichi-iro Toiki
Chicken Papa	Chicken Papa	
Chie-chan Funsenki: Jarinko Chie		Jarinko Chie: Chie-chan Funsenki
Chieri to Cherry	Chieri and Cherry	
Chihayafuru	Chihayafuru	Chihayafull
Chihayafuru 2		Chihayafull 2
Chihayafuru 2: Waga Mi Yo ni Furu Nagame Seshi Ma ni		Chihayafuru 2 OVA
Chihayafuru 3		Chihayafull 3
Chii Jiaan Chuaanqii	Crimson Sword Quest	Chi Jian Chuanqi
Chii-chan no Kageokuri		
Chii-chan to Hige Ojisan		
Chiisai Aki Mitsuketa		Minna no Uta
Chiisai Aki Mitsuketa (1982)		Minna no Uta
Chiisai Sensuikan ni Koi wo Shita Dekasugiru Kujira no Hanashi		
Chiisana Ahiru no Ooki na Ai no Monogatari: Ahiru no Kwak		Alfred Jodocus Kwak
Chiisana Eiyuu: Kani to Tamago to Toumei Ningen	Modest Heroes: Crab and Egg and Invisible Man	Ponoc Tanpen Gekijou
Chiisana Itsutsu no Ohanashi	Five Small Stories	
Chiisana Jumbo	Little Jumbo	
Chiisana Kinomi		Minna no Uta
Chiisana Kinomi (1995)		Minna no Uta
Chiisana Koi no Monogatari: Chichi to Sally Hatsukoi no Shiki		
Chiisana Kyojin Microman		Chisana Kyoujin Mikuroman
Chiisana Kyojin Microman: Daigekisen! Microman vs. Saikyou Senshi Gorgon		
Chiisana Love Letter: Mariko to Nemunoki no Kodomo-tachi		A Little Love Letter
Chiisana Obake Acchi	 Kocchi	Three Little Ghosts
Chiisana Ojisan		Mini Oyaji
Chiisana Pengin: Lolo no Bouken	The Adventures of Scamper the Penguin	Chiisana Pengin Lolo no Boken
Chiisana Tayori	 Ookina Tayori.	小さな便り、大きな便り。
Chiisana Tegami		Minna no Uta
Chiisana Teien	The Small Garden	
Chiisana Viking Vickie		Vicky the Little Viking
Chijoku Kankin		
Chijoku Shinsatsushitsu	Doctor Shameless	
Chijoku no Seifuku		
Chika Gentou Gekiga: Shoujo Tsubaki	Midori	Maiden Camellia
Chikan Densha	Xpress Train	Groper Train
Chikan Juunin-tai The Animation		Chikan Junin Tai
Chikan Monogatari	Legend of the Pervert	
Chikan no Licence		Molester License
Chikansha Thomas	Perverted Thomas	
Chikara Bashi	The Strong Bridge	
Chikara to Onna no Yo no Naka		Chikara to Onna no Yononaka
Chikasugi Idol Akae-chan		
Chikatetsu ni Noru		
Chikkun Takkun		Chicken Takkun
Chikotan		Chikotan: Boku no Oyome-san
Chikyuu Bouei Kazoku	The Daichis: Earth&#039;s Defence Family	Chikyu Boei Kazoku
Chikyuu Bouei Kazoku Special	The Daichis: Earth&#039;s Defence Family - Into the Depths of Marital Hell	The Daichis: Earth Defence Family Special
Chikyuu Bouei Kigyou Dai-Guard		Dai-Guard
Chikyuu Monogatari Telepath 2500	Earth Story Telepath 2500	
Chikyuu SOS Sore Ike Kororin	Do it Kororin Earth SOS	
Chikyuu Shoujo Arjuna	Arjuna	Earth Maiden Arjuna
Chikyuu ga Ugoita Hi	The Day the Earth Moved	
Chikyuu to no Yakusoku		
Chikyuu wa Guruguru Merry-Go-Round		
Chikyuu wo Mitsumete		Encounter with Earth
Chikyuugai Shounen Shoujo		Extraterrestrial Boys and Girls
Children Record	Children Record	Kisaragi Attention
Chime		Hatsune Miku: Chime
Chimera		
Chimera: Target I Datenshi Kourin		Kimeira Angel of Death
Chimuchimucheri ChimChimCheree		Chim Chim Cher-ee
China KFC x Gintama		銀魂 X 肯德基
Chinetsu Karte: The Devilish Cherry		
Chingou Muchabee		Chingo Muchabei
Chinka		
Chinkoroheibei Tamatebako	Chinkoroheibei and the Treasure Box	Chinkoro Heihei Tamatebako
Chinmoku no Kantai	Silent Service	
Chinpui		Timpui
Chinpui Specials		Timpui
Chinpui: Eri-sama Katsudou Daishashin		Chimpui: Eri-sama Katsudou Daishashin
Chinyuuki: Tarou to Yukai na Nakama-tachi		
Chio-chan no Tsuugakuro		
Chirico		
Chirin no Suzu	Ringing Bell	Bell of Chirin
Chironup no Kitsune		Chironuppu no Kitsune
Chirorin Mura Monogatari	Nutsberry Town	Chirorin Village Story
Chirorin Mura Monogatari: Tomkurupii no Jishin Youjin		
Chiruran: Nibun no Ichi	Chiruran 1/2	
Chiruran: Nibun no Ichi Special	Chiruran 1/2	
Chiryokumaru		
Chitose Get You!!		
Chivas 1-2-3	Sorcerer on the Rocks	
Chizu no Nai Bouken	Adventure Without a Map	
Chobits	Chobits	
Chobits Recap	Chobits: Hibiya and Kotoko Chat	Chobits Episode 27: Hibiya and Kotoko Tell the Story
Chobits: Chibits	Chobits: Chibits - Sumomo and Kotoko Deliver	Chobits Special
Chobitto Zukan		Kobito Zukan
Choboraunyopomi Gekijou Ai Mai Mii	Ai-Mai-Mi	Ai Mai Mi
Choboraunyopomi Gekijou Dai Ni Maku Ai Mai Mii: Mousou Catastrophe	Ai-Mai-Mi Mousou Catastrophe	Ai Mai Mii 2nd Season
Choboraunyopomi Gekijou Dai Ni Maku Ai Mai Mii: Mousou Catastrophe Special		
Choboraunyopomi Gekijou Dai San Maku Ai Mai Mii: Surgical Friends	Ai-Mai-Mi Surgical Friends	
Chocchan Monogatari		Chocchan&#039;s Story
Choco Kyouju no Oheya		Meiji CM
Choco to Watashi		Minna no Uta
Chocolat no Mahou	The Magic of Chocolate	Chocolate no Mahou
Chocolate Underground		
Chocolate Underground: Bokura no Chocolate Sensou		Chocolate Underground Theatrical Version
Chocotan!		Chokotan!
Chocotto Sister		Chokotto Sister
Choegang Habche: Mix Master	Mix Master: Final Force	
Choegang Top Plate		Choegang Tabpeulleiteu
Chogattai Majutsu Robot Ginguiser		Ultra-Transforming Magic Robot Ginguiser
Chogattai Majutsu Robot Ginguiser Specials		Ultra-Transforming Magic Robot Ginguiser Specials
Choisuji		
Chokin Senshi Cashman		Saving Soldier Cashman
Chokin no Susume		
Chokkyuu Hyoudai Robot Anime: Straight Title	Straight Title Robot Anime	
Chokotto Kamen feat. Inoue Kikuko		
Choro Q Dagram		Choro Q Dougram
Chotto Ugoku!? Futeneko		
Chou Akuukan Bouheki Cheese Napolitan		Super Hyperspace Bulwark Cheese Napolitan
Chou Dendou Robo Tetsujin 28-gou FX		Tetsujin 28-go FX
Chou Deneiban SD Gundam Sangokuden Brave Battle Warriors		Cho Denei-ban SD Gundam Sangokuden Brave Battle Warriors
Chou Denji Machine Voltes V		Cho Denji Machine Voltes V
Chou Denji Robo Combattler V		Cho Denji Robo Combattler V
Chou Do M na Hentai Mesu-tachi Otokoton Choukyou Itashimasu!		
Chou Hatsumei Boy Kanipan		Super Inventor Kanipan
Chou Henshin Cosprayers	The Cosmopolitan Prayers	Super Transformation Cosprayers
Chou Henshin Cosprayers Specials		
Chou Henshin Cosprayers vs. Ankoku Uchuu Shougun the Movie		
Chou Kidou Densetsu DinaGiga	Super Mobile Legend Dinagiga	
Chou Kidougai-ku: Kashiwa-no-Ha		
Chou Kousoku Galvion	Super High Speed Galvion	Galvion
Chou Kousoku Gran Doll	Hyper Speed GranDoll	
Chou Kuse ni Narisou	I&#039;ll Make a Habit of It	Chou Kuseninarisou
Chou Mashin Eiyuuden Wataru	Super Demon Hero Wataru	
Chou Seimeitai Transformers Beast Wars Metals: Convoy Daihenshin!		Beast Wars Metals: Convoy Great Transformation
Chou Shounen Tanteidan Neo		
Chou Supercar Gattiger		
Chou Tokkyuu Hikarian	Super Express Hikarian	Hikarian: Great Railroad Protector
Chou Yuu Sekai: Being the Reality		World of Super Sand Box: Being the Reality
Chou Zenmairobo: Patrasche		Flanders no Inu
Chou no Sainan	The Unlucky Butterfly	Cho no Sainan
Choubakumatsu Shounen Seiki Takamaru		19th-Century Boy Takamaru
Choubakuretsu Ijigen Menko Battle: Gigant Shooter Tsukasa		Gigant Shooter Tsukasa
Choubatsu Yobikou	Bondage 101	Chobatsu Yobiko
Chouja Raideen		Chouja Reideen
Choujigen Game Neptune The Animation	Hyperdimension Neptunia	Kami Jigen Game Neptune V
Choujigen Game Neptune The Animation OVA		Choujigen Game Neptune: The Animation Episode 13
Choujikuu Kidan Southern Cross	Robotech Masters	Super Dimensional Cavalry Southern Cross
Choujikuu Robo Meguru		Chou Jikuu Robo Meguru
Choujikuu Romanesque Samy: Missing 99	Superdimensional Romanesque Samy: Missing 99	
Choujikuu Seiki Orguss	The Super Dimension Century Orguss	Cho Jiku Seiki Orguss
Choujikuu Seiki Orguss 02		The Super Dimension Century Orguss 02
Choujikuu Seiki Orguss Memorial		The Super Dimension Century Orguss Memorial
Choujin Densetsu Urotsukidouji	Urotsukidoji: Legend of the Overfiend	
Choujin Densetsu Urotsukidouji 2	Urotsukidoji II: Legend of the Demon Womb (movie)	
Choujin Densetsu Urotsukidouji 5: Kanketsu-hen		Urotsukidoji V - The Final Chapter
Choujin Densetsu Urotsukidouji Movie		Urotsukidoji: Legend of the Overfiend Movie
Choujin Densetsu Urotsukidouji: Inferno Road	Urotsukidoji IV: Inferno Road	Choujin Densetsu Urotsukidouji 4: Inferno Road
Choujin Densetsu Urotsukidouji: Mirai-hen	Urotsukidoji III: Return of the Overfiend	Choujin Densetsu Urotsukidouji 3
Choujin Gakuen Gowcaizer: The Voltage Fighters	Voltage Fighter Gowcaizer	Choujin Gakuen Gowkaiser
Choujin Locke	Locke the Superman	Choujin Locke: Majo no Millennium
Choujin Locke Special		Locke the Superman Pilot
Choujin Locke: Lord Leon	Locke the Superman: Lord Leon	Choujin Locke: Lordleon
Choujin Locke: Mirror Ring	Locke the Superman: Mirror Ring	
Choujin Locke: Shinsekai Sentai	Locke the Superman: New World Command	Choujin Locke: Shin Sekai Sentai
Choujin Sentai Baratack		Balatack
Choujuu Densetsu Gestalt	Gestalt	
Choujuu Giga	Choju Jinbutsu Giga	Scrolls of Cartoons of Birds
Choujuu Kishin Dancougar	Super Bestial Machine God Dancougar	Dancougar - Super Beast Machine God
Choujuu Kishin Dancougar: God Bless Dancougar	God Bless Dancougar	Chouju Kishin Dancouga: God Bless Dancouga
Choujuu Kishin Dancougar: Hakunetsu no Shuushou	Super Bestial Machine God Dancougar: Blazing Epilogue	
Choujuu Kishin Dancougar: Juusenki-tai Songs		Choujuu Kishin Dancougar OVA
Choujuu Kishin Dancougar: Ushinawareta Monotachi e no Requiem	Dancougar: Requiem for Victims	Dancouga: Ushinawareta Mono Tachi e no Chinkonka
Choujuushin Gravion	Super Heavy God Gravion	Gravion
Choujuushin Gravion Zwei	Super Heavy God Gravion Zwei	Gravion Zwei
Choukou Sennin Haruka		Beat Blades Haruka
Choukou Tenshi Escalayer	Beat Angel Escalayer	
Chounai Shinsengumi wo Tasuke-gumi Mezashi-tai no Koutsuu Anzen Rule wo Mamotte Mezase! Doubutsuen!		
Chounouryoku Shoujo Barabanba		
Chouon Senshi Borgman		Sonic Soldier Borgman
Chouon Senshi Borgman 2: Shin Seiki 2058	Sonic Soldier Borgman 2: New Century 2058	Borgman II
Chouon Senshi Borgman: Lovers Rain	Sonic Soldier Borgman: Lovers Rain	
Chouon Senshi Borgman: Madnight☆Gigs!	Sonic Soldier Borgman: Madnight☆Gigs!	
Chouriki Robo Galatt		Super Robo Galatt
Choushin Hime Dangaizer 3		
Chousoku Henkei Gyrozetter		Chou Soku Henkei Gyrozetter
Chousoku Spinner	Super YoYo	Chosoku Spinner
Chouyaku Hyakuninisshu: Uta Koi.	Utakoi	Utakoi.
Chouyaku Hyakuninisshu: Uta Koi. - Sake to Kikoushi ~ Murasaki Kishikibu to Kintou		Utakoi. Special
Christmas		
Christmas Carol	A Christmas Carol	
Christmas Morgue	Christmas Morgue	Hatsune Miku
Chrno Crusade	Chrono Crusade	Chrno Crusade: Mary Magdalene
Chrno Crusade: Az demo Wakaru Chrno Crusade Kouza	Chrono Crusade: Azmaria&#039;s Lessons	Chrno Crusade: Az no Hoshuu Jugyou
Chrome Shelled Regios	Chrome Shelled Regios	Koukaku no Regios
Chu Feng: B.E.E	School Shock	Hinabachi: BEE
Chu Shite Agechau: Oshikake Oneesan no Seikou Chiryou		
Chu-Bra!!	Chu-Bra	Chuu Bra!!
Chu^2	Chu2	Twisted Tales of Tokyo (1)
Chuntian Huahua Zhonghua Bowuguan		McDull and Chinese Culture
Chuuchuu Banban		
Chuugakusei	chu-gakusei.	Chuu-gakusei
Chuuhai Lemon: Love 30s - Ame ni Nurete mo		Lemon Cocktail LOVE 30S
Chuuka Ichiban!		Cooking Master Boy
Chuukan Kanriroku Tonegawa		Middle Manager Tonegawa
Chuukichi wa Kaetta		
Chuuko Video-ya no Onna Tenin X		Used Video Shop&#039;s Female Shop Clerk X
Chuumon no Ooi Ryouriten		The Restaurant of Many Orders
Chuumon no Ooi Ryouriten (1991)		A Well-Ordered Restaurant
Chuumon no Ooi Ryouriten (1993)		The Restaurant of Many Orders
Chuunen Punk		Denki Groove: Chuunen Punk
Chuunibyou demo Koi ga Shitai!	Love	中二病でも恋がしたい!
Chuunibyou demo Koi ga Shitai! Lite	Love	中二病でも恋がしたい！Lite
Chuunibyou demo Koi ga Shitai! Movie: Take On Me		Eiga Chuunibyou demo Koi ga Shitai! Take On Me
Chuunibyou demo Koi ga Shitai! Movie: Take On Me Mini-Drama - Koukai Chokuzen no... Kaiko Gekijou		Love
Chuunibyou demo Koi ga Shitai! Ren	Love	中二病でも恋がしたい！戀
Chuunibyou demo Koi ga Shitai! Ren Lite	Love	中二病でも恋がしたい！戀 Lite
Chuunibyou demo Koi ga Shitai! Ren Specials	Love	中二病でも恋がしたい！戀 未放送ショートムービー
Chuunibyou demo Koi ga Shitai! Ren: The Rikka Wars	Love	中二病でも恋がしたい！戀 再生の･･･邪王真眼黙示録（The Rikka Wars）
Chuunibyou demo Koi ga Shitai!: Depth of Field - Ai to Nikushimi Gekijou		Chuunibyou demo Koi ga Shitai! Specials
Chuunibyou demo Koi ga Shitai!: Kirameki no... Slapstick Noel	Love	中二病でも恋がしたい! 煌めきの... 聖爆誕祭（スラップステック・ノエル）
Chuuzumou		Chu-zumo
ChäoS;Child	ChäoS;Child	Chaos Child
ChäoS;Child Episode 0	ChäoS;Child Episode 0	Chaos
ChäoS;Child: Silent Sky	ChäoS;Child: Silent Sky	Chaos Child: Silent Sky
ChäoS;HEAd	ChäoS;HEAd	ChaoS
Cinderella Boy		
Cinderella Express		
Cinderella Girls Gekijou	THE IDOLM@STER CINDERELLA GIRLS Theater	The iDOLM@STER Cinderella Girls Gekijou
Cinderella Girls Gekijou 2nd Season		THE IDOLM@STER Cinderella Girls Theater 2nd Season
Cinderella Girls Gekijou 2nd Season Specials		THE IDOLM@STER CINDERELLA GIRLS Theater 2nd Season Specials
Cinderella Girls Gekijou 3rd Season		THE IDOLM@STER Cinderella Girls Theater 3rd Season
Cinderella Girls Gekijou Specials	THE IDOLM@STER CINDERELLA GIRLS Theater	The iDOLM@STER Cinderella Girls Gekijou Specials
Cinderella Girls Gekijou: 5 Shuunen Kinen Short Anime		Cinderella Girls Gekijou: 5th Anniversary Short
Cinderella Girls Gekijou: Kayou Cinderella Theater	THE IDOLM@STER CINDERELLA GIRLS Theater: Tuesday Cinderella Theater	The iDOLM@STER Cinderella Girls Gekijou: Kayou Cinderella Theater
Cinderella Girls Gekijou: Kayou Cinderella Theater 2nd Season		THE IDOLM@STER CINDERELLA GIRLS Theater: Tuesday Cinderella Theater 2nd Season
Cinderella Girls Gekijou: Kayou Cinderella Theater 3rd Season		THE IDOLM@STER CINDERELLA GIRLS Theater: Tuesday Cinderella Theater 3rd Season
Cinderella Monogatari	The Story of Cinderella	
Cine Mileage Card x Asa da yo! Kaishain		Original Card Toujou
Cinnamon no Parade		Cinnamoroll&#039;s Parade
Cinnamon the Movie	Cinnamoroll: The Movie	
Cinterrier-jou no Hanamuko	Miss Cinterrier&#039;s Groom	Shinteriya-jyo no Hanamuko
Cipher	Cipher	
Circles		
Circuit Angel: Ketsui no Starting Grid		Circuit Angel: Resolving Starting Grid
Circuit no Ookami II: Modena no Ken		Circuit no Ookami II: Modena no Tsurugi
Circus	Circus	Super Junior-D&E
Citrus	Citrus	
City Hunter		
City Hunter &#039;91		City Hunter 4
City Hunter 2		
City Hunter 3		
City Hunter Movie		
City Hunter: Ai to Shukumei no Magnum	City Hunter: .357 Magnum	City Hunter: A Magnum of Love&#039;s Destination
City Hunter: Bay City Wars	City Hunter: Bay City Wars	
City Hunter: Goodbye My Sweetheart	City Hunter: The Motion Picture	
City Hunter: Hyakuman Dollar no Inbou	City Hunter: Million Dollar Conspiracy	City Hunter: Hyakuman Doru no Inbou
City Hunter: Kinkyuu Namachuukei!? Kyouakuhan Saeba Ryou no Saigo		City Hunter - Live on Stage
City Hunter: Ryou no Propose		
City Hunter: The Secret Service	City Hunter: The Secret Service	
Clamp Gakuen Tanteidan	CLAMP School Detectives	
Clannad	Clannad	
Clannad Movie	Clannad The Motion Picture	Gekijouban Clannad
Clannad: After Story	Clannad ~After Story~	
Clannad: After Story - Mou Hitotsu no Sekai	 Kyou-hen	 Kyou Chapter
Clannad: Mou Hitotsu no Sekai	 Tomoyo-hen	 Tomoyo Chapter
Clarinet Kowashichatta		The Broken Clarinet
ClassicaLoid	ClassicaLoid	
ClassicaLoid 2nd Season	ClassicaLoid 2	
Classical Sex-Zone		Classical Sex Zone
Classmate no Okaasan	My Classmate&#039;s Mother	Classmate no Okasan
Classroom☆Crisis	Classroom☆Crisis	
Classroom☆Crisis Special		
Claymore	Claymore	
Cleavage	Cleavage	
Cleopatra	Cleopatra: Queen of Sex	
Cleopatra D.C.		Cleopatra DC
Clione no Akari		
Clock		
Clock Lock Works	Clock Lock Works	
Clockwork Planet	Clockwork Planet	
Closers: Side Blacklambs	Closers: Side Blacklambs	
Clover		
Clover 4/3		Clover 4.3
Cluster A	Cluster A	in the blue shirt
Cluster Edge		
Cluster Edge Specials		Cluster Edge (OVA)
CoCO & NiCO		
Cobalt World		
Cobra The Animation		Cobra The Animation: Rokunin no Yuushi
Cobra The Animation: The Psycho-Gun		Cobra the Space Pirate
Cobra The Animation: Time Drive		
Cocktail Prince: Making Love!!		Cocktail Ouji: Making Love!!
Cocolors		
Code Geass: Boukoku no Akito 1 - Yokuryuu wa Maiorita	Code Geass: Akito the Exiled - The Wyvern Arrives	
Code Geass: Boukoku no Akito 2 - Hikisakareshi Yokuryuu	Code Geass: Akito the Exiled - The Wyvern Divided	
Code Geass: Boukoku no Akito 2 - Hikisakareshi Yokuryuu Picture Drama	Code Geass: Akito the Exiled 2 - The Torn-Up Wyvern Picture Drama	
Code Geass: Boukoku no Akito 3 - Kagayaku Mono Ten yori Otsu	Code Geass: Akito the Exiled - The Brightness Falls	
Code Geass: Boukoku no Akito 3 - Kagayaku Mono Ten yori Otsu Picture Drama		
Code Geass: Boukoku no Akito 4 - Nikushimi no Kioku Kara Picture Drama		
Code Geass: Boukoku no Akito 4 - Nikushimi no Kioku kara	Code Geass: Akito the Exiled - Memories of Hatred	
Code Geass: Boukoku no Akito 5 - Itoshiki Monotachi e	Code Geass: Akito the Exiled - To Beloved Ones	
Code Geass: Boukoku no Akito 5 - Itoshiki Monotachi e Picture Drama		
Code Geass: Fukkatsu no Lelouch		Code Geass: Lelouch of the Resurrection
Code Geass: Hangyaku no Lelouch	Code Geass: Lelouch of the Rebellion	
Code Geass: Hangyaku no Lelouch - Kiseki no Birthday Picture Drama		
Code Geass: Hangyaku no Lelouch - Kiseki no Birthday Picture Drama Flash Special		
Code Geass: Hangyaku no Lelouch - Nunnally in Wonderland	Code Geass: Nunnally in Wonderland	
Code Geass: Hangyaku no Lelouch I - Koudou		Code Geass: Lelouch of the Rebellion - Awakening
Code Geass: Hangyaku no Lelouch II - Handou		Code Geass: Lelouch of the Rebellion - Rebellion
Code Geass: Hangyaku no Lelouch III - Oudou		Code Geass: Lelouch of the Rebellion - Emperor
Code Geass: Hangyaku no Lelouch Picture Drama	Code Geass: Lelouch of the Rebellion Picture Dramas	Code Geass: Hangyaku no Lelouch Specials
Code Geass: Hangyaku no Lelouch Picture Drama - Hajimari no Zenya		Code Geass: Hangyaku no Lelouch Picture Drama Stage 0.97
Code Geass: Hangyaku no Lelouch R2	Code Geass: Lelouch of the Rebellion R2	Code Geass: Hangyaku no Lelouch 2nd Season
Code Geass: Hangyaku no Lelouch R2 Flash Specials	Code Geass: Lelouch of the Rebellion R2 Extra Flash - Baba Theater Redux	Code Geass: Hangyaku no Lelouch R2 Omake Flash - Kaette Kita Baba Gekijou
Code Geass: Hangyaku no Lelouch R2 Picture Drama	Code Geass: Lelouch of the Rebellion R2 Picture Dramas	Code Geass: Hangyaku no Lelouch R2 Specials
Code Geass: Hangyaku no Lelouch R2 Picture Drama - Last Moratorium		Code Geass: Lelouch of the Rebellion R2 Picture Drama Turn 12.06
Code Geass: Hangyaku no Lelouch R2 Special Edition Zero Requiem		
Code Geass: Hangyaku no Lelouch Recaps		Code Geass: Lelouch of the Rebellion Episode 8.5 and Episode 17.5
Code Geass: Hangyaku no Lelouch Special Edition Black Rebellion		Code Geass: Lelouch of the Rebellion Special Edition Black Rebellion
Code Geass: Soubou no Oz Picture Drama	Code Geass: Oz the Reflection Picture Drama	
Code-E		
Code:Breaker	Code:Breaker	Code Breaker
Code:Breaker OVA		Code Breaker OVA
Code:Realize - Sousei no Himegimi	Code:Realize ~Guardian of Rebirth~	
Coffee Break		
Coffee Tadaiku		
Cofun Gal no Coffy	Tumulus Gal Coffy	Kofun Gal no Coffy
Cofun Gal no Coffy (TV)	Tumulus Gal Coffy	Kofun Gal no Coffy
Cofun Gal no Coffy (TV) Specials		The Frogman Show Specials
Cofun Gal no Coffy (TV): Christmas Daisakusen		The Frogman Show
Cofun Gal no Coffy Campus Life	Tumulus Gal Coffy Campus Life	Kofun Gal no Coffy Campus Life
Cofun Gal no Coffy Campus Life Specials		Eagle Talon 2
Cofun Gal no Coffy Campus Life: Intro		Kofun Gal no Coffy Campus Life
Cofun Gal no Coffy: Cofunderella	Tumulus Gal Coffy:Cofunderella	Coffy Gal no Coffy Movie 3
Cofun Gal no Coffy: Juuninin to Ikareru Kofun-tachi	Tumulus Gal Coffy: the 12 Angry Tumuli	Kofun Gal no Coffy: Juuninin to Ikareru Kofun-tachi
Cofun Gal no Coffy: Okehazama no Tatakai	Tumulus Gal Coffy: The Battle of Okehazama	Cofun Gal no Coffy Movie 1
Cogimyun	Cogimyun	
Color Noise		
Colorful	Colorful	
Colorful (Movie)	Colorful The Motion Picture	Colourful
Colorful Ninja Iromaki		Wakate Animator Ikusei Project
Colosseum no Senki: Another Story		Tougijou no Senki: Another Story
Coluboccoro		
Columbos		
Columbus no Daibouken		Columbus&#039;s Great Adventures
Comet Lucifer	Comet Lucifer	
Comet Lucifer: Garden Indigo no Shasou kara		
Comic Girls		
Comic Party	Comic Party	
Comic Party Revolution		Comic Party: Revolution
Comic Party Revolution OVA		Comic Party OVA
Comic Party Specials		
Comics		Cosmic Wave
Commercial War		
Committed RED		
Compiler	Compiler	Invaders From Cyberspace
Compiler Festa	Compiler 2	Prepare to be Deleted
Complex x Complex	Complex x Complex	
Computer Haekjeonham Pokpa Daejakjeon	Savior Of The Earth	Computer Nuclear Warship Bombing Operation
Computer Kakumei: Saikyou x Saisoku no Zunou Tanjou		Computer Revolution: The Birth of the Most Powerful and Fastest Brains
Computer Obaachan		Computer Obaa-chan
Conception: Ore no Kodomo wo Undekure!		Conception: Please Have My Baby!
Concerto		
Concrete Revolutio: Choujin Gensou	Concrete Revolutio	ConRevo
Concrete Revolutio: Choujin Gensou - The Last Song		
Congming de Yixiu Zhi Fan Dou Gongzhu		Congming de Ikkyuu Zhi Fan Dou Gongzhu
Connected	Connected	Ayumi Hamasaki: Connected
Contact	Contact	Backkom
Contact 2		Backkom
Convenience Store Senki Purin-tai		
Coo: Tooi Umi kara Kita Coo		Coo of the Far Seas
Cook no Polka		Minna no Uta
Cookin&#039; Idol Ai! Mai! Main!		Cooking Idol
Cooking Papa		
Cooking Papa Christmas Special		
Cool Cool Bye		
Cool Devices		Curious Fruit
Copihan		
Coppelion	Coppelion	
Coquelicot-zaka kara	From Up on Poppy Hill	Kokurikozaka kara
Coral no Tanken	Coral Investigates	
Cornelis		
Corpse Party: Missing Footage		Corpse Party OVA
Corpse Party: Tortured Souls - Bougyakusareta Tamashii no Jukyou	Corpse Party: Tortured Souls	Corpse Party: Tortured Souls - Bougyakusareta Tamashii no Jukyou
Corrector Yui	Corrector Yui	Collector Yui
Cosmic Baton Girl Comet-san☆		Princess Comet
Cosmic Break		
Cosmic Fantasy: Ginga Mehyou no Wana		Cosmic Fantasy: Ginga Me Hyou no Wana
Cosmo Police Justy		
Cosmo Warrior Zero		Cosmowarrior Zero
Cosmo Warrior Zero Gaiden		Cosmo Warrior Zero Specials
Cosmos Pink Shock		
Cosplay Complex		
Cosplay Complex: Extra Identification		
Cosplay Rakuen		Cosplay Paradise
Cosplay Roshutsu Kenkyuukai		
Cossette no Shouzou	Le Portrait de Petit Cossette	Le Portrait de Petite Cossette
Count Down		Countdown
Countdown		
Court no Naka no Tenshi-tachi	Angels in the Court	
Cowboy Bebop	Cowboy Bebop	
Cowboy Bebop: Ein no Natsuyasumi	Ein&#039;s Summer Vacation	Cowboy Bebop Special
Cowboy Bebop: Tengoku no Tobira	Cowboy Bebop: The Movie	Cowboy Bebop: Knockin&#039; on Heaven&#039;s Door
Cowboy Bebop: Yose Atsume Blues	Cowboy Bebop Session XX	Yoseatsume Blues
Coyote Ragtime Show		
Crash!		Ribbon x Oha Suta Specials
Crayon Angel		
Crayon Shin-chan	Shin Chan	
Crayon Shin-chan Gaiden: Alien vs. Shinnosuke		
Crayon Shin-chan Gaiden: Kazokuzure Ookami		
Crayon Shin-chan Gaiden: O-o-o no Shinnosuke		
Crayon Shin-chan Gaiden: Omocha Wars		
Crayon Shin-chan Manatsu no Yoru ni Ora Sanjou! Arashi wo Yobu Den-O vs. Shin-O 60-bu Special!!	Crayon Shin-Chan: Den-O vs. Shin-O	Kamen Rider Den-O 26.5
Crayon Shin-chan Movie 01: Action Kamen vs. Haigure Maou		Eiga Crayon Shin-chan: Action Kamen vs. Haigure Maou
Crayon Shin-chan Movie 02: Buriburi Oukoku no Hihou		Eiga Crayon Shin-chan: Buriburi Oukoku no Hihou
Crayon Shin-chan Movie 03: Unkokusai no Yabou		Eiga Crayon Shin-chan: Unkokusai no Yabou
Crayon Shin-chan Movie 04: Henderland no Daibouken		Eiga Crayon Shin-chan: Henderland no Daibouken
Crayon Shin-chan Movie 05: Ankoku Tamatama Daitsuiseki		Eiga Crayon Shin-chan: Ankoku Tamatama Daitsuiseki
Crayon Shin-chan Movie 06: Dengeki! Buta no Hizume Daisakusen		Eiga Crayon Shin-chan: Dengeki! Buta no Hizume Daisakusen
Crayon Shin-chan Movie 07: Bakuhatsu! Onsen Wakuwaku Daikessen		Eiga Crayon Shin-chan: Bakuhatsu! Onsen Wakuwaku Daikessen
Crayon Shin-chan Movie 08: Arashi wo Yobu Jungle		Eiga Crayon Shin-chan: Arashi wo Yobu Jungle
Crayon Shin-chan Movie 09: Arashi wo Yobu Mouretsu! Otona Teikoku no Gyakushuu		Eiga Crayon Shin-chan: Arashi wo Yobu Mouretsu! Otona Teikoku Gyakushuu
Crayon Shin-chan Movie 10: Arashi wo Yobu Appare! Sengoku Daikassen		Eiga Crayon Shin-chan: Arashi wo Yobu Appare! Sengoku Dai Kassen
Crayon Shin-chan Movie 11: Arashi wo Yobu Eikou no Yakiniku Road		Eiga Crayon Shin-chan: Arashi wo Yobu Eikou no Yakiniku Road
Crayon Shin-chan Movie 12: Arashi wo Yobu! Yuuhi no Kasukabe Boys		Eiga Crayon Shin-chan: Arashi o Yobu! Yuhi no Kasukabe Boys
Crayon Shin-chan Movie 13: Densetsu wo Yobu Buriburi 3 Pun Dai Shingeki		Eiga Crayon Shin-chan: Densetsu o Yobu Buriburi 3-punpokkiri Daishingeki
Crayon Shin-chan Movie 14: Densetsu wo Yobu Odore! Amigo!		Eiga Crayon Shin-chan: Densetsu wo Yobu Odore! Amigo!
Crayon Shin-chan Movie 15: Arashi wo Yobu Utau Ketsu dake Bakudan!		Eiga Crayon Shin-chan: Arashi wo Yobu Utau Ketsu dake Bakudan!
Crayon Shin-chan Movie 16: Chou Arashi wo Yobu Kinpoko no Yuusha		Eiga Crayon Shin-chan: Chou Arashi wo Yobu Kinpoko no Yuusha
Crayon Shin-chan Movie 17: Otakebe! Kasukabe Yasei Oukoku		Eiga Crayon Shin-chan: Otakebe! Kasukabe Yasei Oukoku
Crayon Shin-chan Movie 18: Chou Jikuu! Arashi wo Yobu Ora no Hanayome		Eiga Crayon Shin-chan: Chou Jikuu! Arashi wo Yobu Ora no Hanayome
Crayon Shin-chan Movie 19: Arashi wo Yobu Ougon no Spy Daisakusen		Eiga Crayon Shin-chan: Arashi wo Yobu Ougon no Spy Daisakusen
Crayon Shin-chan Movie 20: Arashi wo Yobu! Ora to Uchuu no Princess		Eiga Crayon Shin-chan: Arashi wo Yobu! Ora to Uchuu no Princess
Crayon Shin-chan Movie 21: Bakauma! B-Kyuu Gourmet Survival Battle!!		
Crayon Shin-chan Movie 22: Gachinko! Gyakushuu no Robo To-chan	Crayon Shin-chan: Serious Battle! Robot Dad Strikes Back	Eiga Crayon Shin-chan: Gachinko! Gyakushuu no Robo To-chan
Crayon Shin-chan Movie 23: Ora no Hikkoshi Monogatari - Saboten Daisuugeki		
Crayon Shin-chan Movie 24: Bakusui! Yumemi World Dai Totsugeki	Crayon Shin-chan: Fast Asleep! The Great Assault on the Dreaming World!	
Crayon Shin-chan Movie 25: Shin-chan Shuurai! Uchuujin Shiriri		
Crayon Shin-chan Movie 26: Bakumori! Kung Fu Boys - Ramen Tairan		
Crayon Shin-chan x Panpaka Pants: Aeon Cinema Manner Movie Collab		
Crayon no Hoshi		
Crazy Monkey		The Fearless Hyena
Crazy for It		
Cream Lemon		Cream Lemon: Mako Sexy Symphony
Cream Lemon: Lemon Angel	Lemon Angel	
Cream Lemon: New Generation		
Creamy Pie		
Crimson Girls: Chikan Shihai		
Crocotires Traction AAA		
Croket!	Croket!	Croquette!
Cross Ange: Tenshi to Ryuu no Rondo	Cross Ange: Rondo of Angel and Dragon	
Cross Fight B-Daman	B-Daman Crossfire	Cross Fight Bedaman
Cross Fight B-Daman eS	B-Daman Fireblast	
Cross Game	Cross Game	
Cross Road		Crossroad
Crush Gear Nitro		
Crusher Joe	Crusher Joe: The Movie	
Crusher Joe OVA	Crusher Joe: The OVAs	
Crying Freeman		
Crystal Blaze	Glass Maiden	
Crystal Clear		Bigmama: Crystal Clear
Cure Miracle to Mofurun no Mahou Lesson	Cure Miracle and Cure Mofurun&#039;s Magic Lesson	
Curly	Curly	
Curry no Kuni no Coburoux		Curry no Kuni no Kobal
Custom Reido	Custom Slave	
Cutey Honey		Cutie Honey
Cutey Honey F	Cutey Honey F	Cutie Honey F
Cutey Honey Flash: The Movie		Cutie Honey F: The Movie
Cuticle Tantei Inaba	Cuticle Detective Inaba	
Cutie Honey Universe		Cutey Honey Universe
Cyber City Oedo 808	Cyber City	
Cybersix	Cybersix	
Cyborg 009	Cyborg 009	Cyborg 009 (Movie)
Cyborg 009 (1979)	Cyborg 009	Cyborg 009 (TV 2)
Cyborg 009 (TV)	Cyborg 009	Cyborg 009 (1968)
Cyborg 009 VS Devilman		
Cyborg 009: Call of Justice 1		
Cyborg 009: Call of Justice 2		CYBORG009 CALL OF JUSTICE 2
Cyborg 009: Call of Justice 3		CYBORG009 CALL OF JUSTICE 3
Cyborg 009: Chou Ginga Densetsu	Cyborg 009: Legend of the Super Galaxy	Defenders of The Vortex
Cyborg 009: Kaijuu Sensou	Cyborg 009 and the Monster Wars	Cyborg 009 Kaishuu Sensou
Cyborg 009: The Cyborg Soldier	Cyborg 009	
Cyborg 009: The Reopening		
Cyborg Kuro-chan		
Cybot Robocchi	Robby the Rascal	Saibotto Robocchi
Cyclops Shoujo Saipuu		Cyclops Shoujo Saipu
Cynical Hysterie Hour: Henshin!		Cynical Hysterie Hour: Ch Ch Ch Change
Cynical Hysterie Hour: Trip Coaster		
Cynical Hysterie Hour: Utakata no Uta		
Cynical Hysterie Hour: Yoru wa Tanoshii		Cynical Hysterie Hour: Through the Night
Cyphers		
C³	C³ - CubexCursedxCurious	C3
C³ Special	C³ - CubexCursedxCurious Special	C3 Special
