SAI: Part 1 / Revolving... to the Core		Acidman Short Film
SD Gundam Force		Superior Defender Gundam Force
SD Gundam Gaiden		Kidou Senshi SD Gundam Gaiden
SD Gundam Sangokuden Brave Battle Warriors		BB Senshi
SF Lolita Fantasy Ome-1		
SF Saiyuuki Starzinger	Spaceketeers	SF Saiyuki Starzinger
SF Saiyuuki Starzinger (Movie)		
SF Shinseiki Lensman		Science Fiction New Century Lensman
SKET Dance	SKET Dance	
SKET Dance OVA		
SKET Dance: SD Character Flash Anime		
SKET Dance: Tettei Bunseki Special		SKET Dance: Demystifying Special
SM no Susume		SM no Susume
SMAnime		SMAP Concert Anime
SNS Police		
SOS Kochira Chikyuu		Doubutsu Kaigi
SOS TV Walpurgis Night Fever		SOS TV Warupurgis Night Fever
SOS TV Walpurgis Night Fever Episode 0		SOS TV Warupurgis Night Fever Episode 0
SSSS.Gridman		
SYZ Project		ShizuPro
Saa	 Ketatamashiki Kono Hibi ni	さぁ、けたたましき この日々に
Saa Ikou! Tamagotchi		Saa Ikoo! Tamagotchi
Sabage-bu!	Sabagebu! -Survival Game Club!-	Survival Game Club!
Sabage-bu! Specials		Sabagebu: Soshite Dareka Inakunatta
Sabaku no Kaizoku! Captain Kuppa	Captain Kuppa	Captain Kuppa Desert Pirate
Sabaku no Kuni no Oujosama	The Princess of the Desert Kingdom	
Sabaku no Takara no Shiro	The Treasures of the Desert	
Saber Marionette J	Saber Marionette J	
Saber Marionette J Again		Mata Mata Saber Marionette J
Saber Marionette J to X		
Saber Marionette R	Saber Marionette R	
Sabishi Gariya-san Konnichiwa		Minna no Uta
Saboten ga Nikui		Minna no Uta
Sabu to Ichi Torimono Hikae	Sabu & Ichi&#039;s Arrest Warrant	Sabu & Ichi&#039;s Arrest Note
Sacred Seven	Sacred Seven	Sacred 7
Sacred Seven: Shirogane no Tsubasa	Sacred Seven: Wings of the Silver Moon	Sacred Seven Recap Special
Sacred Seven: Shirogane no Tsubasa Picture Drama	Sacred Seven: Wings of the Silver Moon Picture Drama	Sacred Seven Recap Special Picture Drama
Saenai Heroine no Sodatekata	Saekano: How to Raise a Boring Girlfriend	Saenai Kanojo no Sodate-kata
Saenai Heroine no Sodatekata Movie		Saekano: How to Raise a Boring Girlfriend Movie
Saenai Heroine no Sodatekata ♭	Saekano: How to Raise a Boring Girlfriend .flat	Saenai Heroine no Sodatekata Flat
Saenai Heroine no Sodatekata ♭: Koi to Junjou no Service-kai	Saekano: How to Raise a Boring Girlfriend .flat - Fan Service of Love and Pure heart	Saenai Heroine no Sodatekata ♭ Special
Saenai Heroine no Sodatekata: Ai to Seishun no Service-kai		Saenai Heroine no Sodatekata Special
Saenggakboda Markeun	Clearer Than You Think	
Saga-ken wo Meguru Animation		Fuyu no Chikai
Saga-ken wo Meguru Animation (2017)		Tadaima
Sagashimono	What We&#039;re Looking For	Misery
Sagashita no wa Oheya	 Mitsuketa no wa Mirai	探したのはお部屋
Sagurare Otome The Animation		
Saibi		The Fake
Saigo no Door wo Shimero!		Saigo no Doa wo Shimero
Saigo no Kuushuu: Kumagaya		
Saijaku Muhai no Bahamut	Undefeated Bahamut Chronicle	Saijaku Muhai no Bahamut
Saiki Kusuo no Ψ-nan		Saiki Kusuo no Psi Nan
Saiki Kusuo no Ψ-nan (TV)	The Disastrous Life of Saiki K.	Saiki Kusuo no Psi Nan
Saiki Kusuo no Ψ-nan (TV) 2	The Disastrous Life of Saiki K. 2	Saiki Kusuo no Psi Nan 2
Saikin	 Imouto no Yousu ga Chotto Okashiinda ga.	 my sister is unusual.
Saikin	 Imouto no Yousu ga Chotto Okashiinda ga. OVA	最近、妹のようすがちょっとおかしいんだが。 OVA
Saikin Ponta		Recently Ponta
Saiko Robot Kombock	Cubix	Robot-chan Cubix
Saikyou Bushouden: Sangoku Engi		Romance of the Three Kingdoms
Saikyou Ginga Ultimate Zero: Battle Spirits		Battle Spirits Season 7
Saikyou Robot Daiouja		Saikyou Robo Daioja
Sailor Fuku Shinryou Tsumaka		
Sailor Senshi Venus♥Five	Venus 5	Sailor Soldier Venus 5
Sailor Victory		Graduation: Sailor Victory
Saimin Class		
Saimin Gakuen	HypnoLove	
Saimin Jutsu The Animation 2nd		Saiminjutsu 2
Saimin Jutsu Zero		Sex Hypnotist Zero
Saimin Jutsu Zero Special		Love Triangle
Saimin Ryoujoku Gakuen		Hypnosis Humiliation School
Saimin☆Gakuen		Saimin Gakuen (2018)
Saint Beast: Ikusen no Hiru to Yoru-hen		
Saint Beast: Kouin Jojishi Tenshi Tan		
Saint Beast: Seijuu Kourin-hen		
Saint Elmo: Hikari no Raihousha	Saint Elmo: Apostle of Light	
Saint Luminous Jogakuin	St. Luminous Mission High School	Sei Luminous Jogakuin
Saint October		
Saint Seiya	Saint Seiya: Knights of the Zodiac	Knights of the Zodiac
Saint Seiya Omega		Saint Seiya Ω
Saint Seiya Recap	Saint Seiya: Summary	Saint Seiya: Soshuhen
Saint Seiya: Gold Saints Data File		
Saint Seiya: Jashin Eris	Saint Seiya the Movie: Evil Goddess Eris	Saint Seiya: The Battle with Eris
Saint Seiya: Kamigami no Atsuki Tatakai		Saint Seiya: Movie 2
Saint Seiya: Legend of Sanctuary		Saint Seiya (2014)
Saint Seiya: Meiou Hades Elysion-hen	Saint Seiya: The Hades Chapter - Elysion	Saint Seiya: The Hades Elysion Chapter
Saint Seiya: Meiou Hades Juuni Kyuu-hen		Saint Seiya: The Hades Chapter - Sanctuary
Saint Seiya: Meiou Hades Meikai-hen	Saint Seiya: The Hades Chapter - Inferno	
Saint Seiya: Saintia Shou		
Saint Seiya: Saishuu Seisen no Senshi-tachi		Saint Seiya: Saishuu Seisen no Senshi Tachi
Saint Seiya: Shinku no Shounen Densetsu		Saint Seiya: Legend of Crimson Youth
Saint Seiya: Soul of Gold		Saint Seiya: Ougon Tamashii
Saint Seiya: Tenkai-hen Josou - Overture	Saint Seiya: The Heaven Chapter - Overture	
Saint Seiya: The Hades Chapter Sanctuary - Yomigaerishi Gold Saint-tachi no Shinwa		Seinto Seiya Meiou Haadesu juunikyuu hen: Yomigaerishi Gourudo Seinto tachi no shinwa mae hen
Saint Seiya: The Lost Canvas - Meiou Shinwa	Saint Seiya: The Lost Canvas	
Saint Seiya: The Lost Canvas - Meiou Shinwa 2	Saint Seiya: The Lost Canvas 2	
Saint☆Oniisan	Saint☆Young Men	Saint☆Onii-san
Saint☆Oniisan (Movie)	Saint☆Young Men (Movie)	Saint☆Onii-san (Movie)
Saishuu Chikan Densha	Midnight Sleazy Train	Saisyu Tikan Densya
Saishuu Chikan Densha Next		The Last Molester Train Next
Saishuu Densha featuring Izumi Makura	Saisyu Densha featuring Izumi Makura	Fragment&#039;s REMIX
Saishuu Heiki Kanojo	She	最終兵器彼女
Saishuu Heiki Kanojo: Another Love Song	Saikano: Another Love Song	Saishuuheiki Kanojo OVA
Saishuu Shiken Kujira		Final Examination Kujira
Saishuu Shiken Kujira Progressive		Saishuu Shiken Kujira OVA
Saitama Bousou Saizensen Flag! Shinimonogurui no Seishun!!		
Saitama-ken Zaijuu	 Fujiyama Osamu	 Mushoku (NEET).: Fujilog Nyuumon-hen
Saitama-ken Zaijuu	 Fujiyama Osamu	 Mushoku (NEET).: Fujilog Nyuumon-hen Specials
Saiunkoku Monogatari	The Story of Saiunkoku	The Tale of Saiun Country
Saiunkoku Monogatari 2nd Season	Tales of Saiunkoku	Saiunmono
Saiunkoku Monogatari Recaps		Saiunkoku Monogatari Soushuuhen
Saiyuuki	Alakazam the Great	Saiyuki
Saiyuuki Gaiden		Saiyuki Gaiden
Saiyuuki Gaiden: Kouga no Shou		Saiyuki Gaiden: Tokubetsu-hen - Kouga no Shou
Saiyuuki Reload	Saiyuki Reload	Saiyuki Reloaded
Saiyuuki Reload Blast	Saiyuki Reload Blast	
Saiyuuki Reload Gunlock	Saiyuki Gunlock	Saiyuki Reload Gunlock
Saiyuuki Reload: Burial		Saiyuki Reload: Burial
Saiyuuki: Son Gokuu Monogatari		Saiyuki
Sajou no Yumekui Shoujo	Sajyo no Yumekui Syoujyo	Shajou no Yume Kui Shoujo
Sakai Noriko no Yoiko no Ohanashi Hiroba		
Sakamichi no Apollon	Kids on the Slope	Sakamichi no Aporon
Sakamoto desu ga?	Haven&#039;t You Heard? I&#039;m Sakamoto	Sakamoto desu ga?
Sakamoto desu ga? Special		Sakamoto desu ga? OVA
Sakana no Iu Koto wo Kiku	Do as the Fish Tells You	
Sakana no Kuni	The Nation of Fish	
Sakasama no Patema	Patema Inverted	Sakasama no Patema
Sakasama no Patema: Beginning of the Day	Patema Inverted: Beginning of the Day	
Saki		Saki
Saki Achiga-hen: Episode of Side-A	Saki Episode of Side A	Saki Achiga-hen: Episode of Side-A
Saki Achiga-hen: Episode of Side-A - Kuro no Tanjoubi		
Saki Achiga-hen: Episode of Side-A Specials	Saki - Episode of Side A	Saki Achiga-hen: Episode of Side-A Episodes 13
Saki Biyori Animation		
Saki Picture Drama		
Saki Zenkoku-hen	Saki: The Nationals	
Sakigake!! Cromartie Koukou	Cromartie High School	Sakigake!! Cromartie Koukou
Sakigake!! Otokojuku	Charge!! Men&#039;s Private School	Be A Man! Samurai School
Sakigake!! Otokojuku Movie	Charge!! Men&#039;s Private School	Valiantly Forge Ahead!! Men&#039;s Cram School (1988)
Sakkai Eightraid		
Sakura		Haru no Gensou
Sakura Capusule		Sakura Capsule
Sakura Internet		Sakura Internet Shinsei
Sakura Momoko Gekijou: Coji-Coji	Coji-Coji	Cojicoji
Sakura Nagashi		
Sakura Quest	Sakura Quest	
Sakura Taisen	Sakura Wars	
Sakura Taisen: Ecole de Paris	Sakura Wars: School of Paris	Sakura Wars OVA 3
Sakura Taisen: Gouka Kenran	Sakura Wars: The Gorgeous Blooming Cherry Blossoms	Sakura Wars OVA 2
Sakura Taisen: Kanadegumi		
Sakura Taisen: Katsudou Shashin	Sakura Wars: The Movie	
Sakura Taisen: Le Nouveau Paris	Sakura Wars: The New Paris	
Sakura Taisen: New York	Sakura Wars: New York	Sakura Wars OVA 5
Sakura Taisen: Ouka Kenran		Sakura Wars OVA
Sakura Taisen: Sumire	Sakura Wars: ~Su~Mi~Re~	Sakura Taisen Sumire Kanzaki Intai Kinen: Su Mi Re
Sakura Trick	Sakura Trick	
Sakura Tsuushin	Sakura Diaries	Sakura Mail
Sakura Yori Ai wo Nosete		
Sakura no Chikai: Marronni☆Yell - Higashi no Hichou Shimotsuke-shi wo Yell!		
Sakura no Mori		
Sakura no Ondo		
Sakurada Reset	Sagrada Reset	
Sakurako-san no Ashimoto ni wa Shitai ga Umatteiru	Beautiful Bones -Sakurako&#039;s Investigation-	A Corpse is Buried Under Sakurako&#039;s Feet.
Sakuran Boy DT		
Sakurasou no Pet na Kanojo	The Pet Girl of Sakurasou	Sakura-sou no Pet na Kanojo
Salad Juu Yuushi Tomatoman	Tomatoman	Salad Juyushi Tomatoman
Salad Land		
Salamander		
Salaryman Kintarou		
Sam to Chip no wa Hachamecha Dai Race		
Sam-chan no Obake Nanka Kowaku Nai		
Samayou Midara na Lunatics		
Samchongsa: Time Machine 001		Three Musketeers: Time Machine 001
Samero	Wake Up	
Samurai		
Samurai (2011)	Samurai	
Samurai 7	Samurai 7	Samurai Seven
Samurai Champloo	Samurai Champloo	SAMURAI CHAMPLOO
Samurai Deeper Kyou	Samurai Deeper Kyo	
Samurai Flamenco	Samurai Flamenco	Samumenco
Samurai Giants		Star Pitcher
Samurai Girl Real Bout High School	Samurai Girl Real Bout High School	
Samurai Gun		
Samurai Gun Special		Samurai Gun Episode 8.5
Samurai Hormone The Animation		
Samurai Noodles: The Originator		Nissin Samurai Noodles
Samurai Spirits 2: Asura Zanmaden	Samurai Spirits 2	
Samurai Spirits: Haten Gouma no Shou	Samurai Shodown The Motion Picture	Samurai Showdown
Samuraider: Nazo no Tenkousei		
Samuroid Zero		
San Ge Heshang		Three Monks
San Mao Liu Lang Ji	Wanderings of Sanmao	Wanderings of San Mao
San Tarou to Kaguya-hime no Koutsuu Anzen		
San-biki no Koguma-san	Three Little Bears	Sanbiki no Koguma-san
Sanchoume no Yuuhi		San Choume no Yuuhi
Sanctuary	Sanctuary	
Sango Shou Densetsu: Aoi Umi no Elfie		Coral Reef Legend: Elfie of the Blue Sea
Sango no Umi to Ouji	The Prince and the Coral Sea	
Sangokushi		
Sangokushi (1985)		Romance of the Three Kingdoms
Sangokushi Daiichibu Eiyuu-tachi no Yoake		Sangokushi [1] Eiyuutachi no Yoake
Sangokushi Dainibu Choukou Moyu	Great Conquest: Romance of Three Kingdoms	Sangokushi [2] Choukou Moyu!
Sangokushi Daisanbu Harukanaru Taichi		Sangokushi [3] Harukanaru Taichi
Sangokushi II: Amakakeru Otoko-tachi		Romance of the Three Kingdoms 2
Sanjougattai Transformers Go!		
Sankarea	Sankarea: Undying Love	
Sankarea OVA		Sankarea Episodes 00 & 14
Sankarea: Wagahai mo... Zombie de Aru...	Sankarea: I	 Am... A Zombie...
Sankou to Tako: Hyakumanryou Chinsoudou	Sanko and the Octopus: A Fight Over a Fortune	Sanko to Tako: Hyakuman-ryo Chinsodo
Sanpou Shoujo		Arithmetic Girl
Sanrio Anime Sekai Meisaku Gekijou	Hello Kitty&#039;s Furry Tale Theater	Hello Kitty&#039;s Animation Theater
Sanrio Christmas Fantasia		
Sanrio Danshi	Sanrio Boys	
Sansha Sanyou	Three Leaves	三者三葉
Sansha Sanyou Specials		Kinoko wa Karada ni Iindayo
Santa Claus Tsukamaeta!		Wonder Samma Land
Santa Company		
Santa no Yama Yousei no Mori		
Santa-san to Tonakai Kuppi	Santa & His Reindeer Kuppi	Hello Kitty and Friends: Santa & His Reindeer Kuppi
Santa-san wa Dai Isogashi		
Sanuki Eiga-sai Opening Eizou		
Sanzoku Diary		
Sanzoku no Musume Ronja	Ronja Rövardotter	Sanzoku no Musume Ronia
Sara Ke Puccho		UHA Mikakutou x Inoue Ryou Collab Kikaku
Saraba Jamaica		Minna no Uta
Saraba Seishun		Minna no Uta
Saraba Uchuu Senkan Yamato: Ai no Senshi-tachi	Farewell to Space Battleship Yamato: In the Name of Love	Arrivederci Space Cruiser Yamato: Soldiers Of Love
Saraiya Goyou	House of Five Leaves	Sarai-ya Goyou
Sarasoujuu no Hana no Iro	Spotlight	The Colour of Sal Tree Blossoms
Sarazanmai		
Saredo Tsumibito wa Ryuu to Odoru	Dances with the Dragons	
Saru Getchu Movie: Ougon no Pipo Helmet - Ukki Battle		Saru! Get You
Saru Getchu: On Air	Ape Escape	Saru! Get You: On Air
Saru Getchu: On Air 2nd		Saru! Get You: On Air
Saru Kani Gassen		Sarukani Gassen
Saru Kani Gassen (1927)	Yasuji Murata&#039;s Monkey and the Crabs	
Saru Kani Gassen (Yokoku)		
Saru Kani Gassen: Ijimekkozaru to Shoujiki Kani-san		The Crab Gets Its Revenge on the Monkey
Saru Masamune	The Monkey Sword Masamune	Sarumasamune
Saru Tarou Helmet wa Kabutte ne		
Saru Tarou Jishin ni wa Makenai zo!: Jishin e no Sonae Dai Sakusen		
Saru Tarou wa Tobidasa Nai!		
Saru to Kani no Gassen		The Battle of the Monkey and the Crab
Sarusuberi: Miss Hokusai		
Sarutobi Ecchan	Sarutobi Ecchan	Hela superdziewczyna
Sasameki Koto	Whispered Words	Sasamekikoto
Sasami-san@Ganbaranai		Sasami-san at Ganbaranai
Sasami: Mahou Shoujo Club	Sasami Magical Girls Club	Sasami: Maho Shojo Club
Sasami: Mahou Shoujo Club 2	Sasami Magical Girls Club	Sasami: Mahou Shojo Club Season 2
Sasuga no Sarutobi	Amazing Sarutobi	Clever Sarutobi
Sasuke		Sasuke
Sasurai no Shoujo Nell	Nell the Wandering Girl	Little Nell
Sasurai no Taiyou	Nozomi In The Sun	Wandering Sun
Sasurai-kun		
Satoukibibatake		
Satsujin Kippu wa Heart-iro		Heart-coloured Killer Ticket
Satsujinkyou Jidai	Au Fou!	
Satsuriku no Tenshi		Angel of Massacre
Satto Anshin	 SAT x Peeping Life	サッと安心、SAT x Peeping Life
Sayokyoku	Serenade	Shouyakyoku
Sayonara	 Midori ga ike: Tobe! Tako Glider!!	サヨナラ、みどりが池-飛べ!凧グライダー!!-
Sayonara Ginga Tetsudou 999: Andromeda Shuuchakueki	Adieu Galaxy Express 999	Sayonara Ginga Tetsudo 999: Andromeda Shuuchakueki
Sayonara Nyuunanzai		
Sayonara Space Shuttle		
Sayonara Zetsubou Sensei	Sayonara	さよなら絶望先生
Sayonara Zetsubou Sensei Jo: Zetsubou Shoujo Senshuu		Sayonara Zetsubou Sensei - Preface -Zetsubou Girls Collection-
Sayonara Zetsubou Sensei Jo: Zoku Zetsubou Shoujo Senshuu		Sayonara Zetsubo Sensei Jo: Zoku Zetsubo Shojo Senshu
Sayonara Zetsubou Sensei Special		Sayonara Zetsubou Sensei BD Box OVA
Sayonara Zetsubou Sensei Special Omake		Sayonara Zetsubou Sensei BD Box Special Omake
Sayonara no Asa ni Yakusoku no Hana wo Kazarou		Let&#039;s Decorate the Promised Flowers in the Farewell Morning
Sayonara no Kawari ni 2013		
Sayounara Kaba-kun		Goodbye Little Hippo
Sazae-san	Mrs. Sazae	
Sazae-san: Dawn to Ikka de Hawaii Ryokou		
Scan2Go	Scan2Go	
Scandal		Scandal anime
Scarecrowman	Scarecrowman	Scarecrowman The Animation
Scared Rider Xechs		
Scary		The Mad Capsule Markets
Schick x Evangelion		Higesori ni Tsubasawokudasai-hen
School		
School Days	School Days	
School Days ONA		School Days
School Days: Magical Heart Kokoro-chan		
School Days: Valentine Days		School Days LxH
School Rumble	School Rumble	
School Rumble Ichi Gakki Hoshuu		School Rumble OVA
School Rumble Ni Gakki	School Rumble 2nd Semester	
School Rumble San Gakki	School Rumble 3rd Semester	
Schoolgirl Strikers: Animation Channel		
Schwarzesmarken	Schwarzes Marken	
Sci-fi Harry	Sci-fi Harry	
Science Anime: Choudendou Monogatari		Science Anime: Superconductor Story
Scoopers		
Scramble Wars: Tsuppashire! Genom Trophy Rally		Super Deformed Double Feature
Scrap Diary		
Scrapped Princess	Scrapped Princess	Haiki Oujo
Scratch x One Piece Film: Gold	Scratch x One Piece Film: Gold	Takarakuji
Scripta Volant	Writings Fly Away	
Season&#039;s Greetings 2017 from Dwarf		
Secret Journey		
SeeIn AO		See In AO
Sei Brunehilde Gakuen Shoujo Kishidan to Junpaku no Panty The Animation		
Sei Juushi Bismarck	Saber Rider and the Star Sheriffs	Sei Juushi Bismark
Sei Michaela Gakuen Hyouryuuki		St. Michael School Drifting Story
Sei Michaela Gakuen Hyouryuuki II	Sins of the Sisters	St. Michaela School II
Sei Shoujo Sentai Lakers EX	Battle Team Lakers EX	Sei Shoujo Sentai Lakers EX
Sei Shoujo The Animation		
Sei Yariman Gakuen Enkou Nikki The Animation		Saint Slut Academy Dating Diary
Sei Yariman Sisters Pakopako Nikki The Animation		
Seibu Tetsudou Ekiin Tako-chan		Seibu Railroad Worker: Tako-chan
Seichou Rap	SAY! Cho-oh Rap	Intestinal Rap
Seifuku Shojo The Animation		Virgin in The School Uniform
Seigi wo Aisuru Mono Gekkou Kamen		Gekko Kamen
Seihou Bukyou Outlaw Star	Outlaw Star	Future Hero Next Generation Outlaw Star
Seihou Bukyou Outlaw Star Pilot	Outlaw Star	Future Hero Next Generation Outlaw Star Pilot
Seihou Bukyou Outlaw Star Specials	Outlaw Star	Future Hero Next Generation Outlaw Star
Seihou Tenshi Angel Links	Angel Links	Seihou Tenshi Angel Rinks
Seihou Tenshi Angel Links: Meifon no Special Kaisetsu Corner		Meifon&#039;s Special Information Corner
Seijun Kango Gakuin	Nurse Me!	Innocent Nurse Academy
Seijuuden: Twin Dolls	Twin Dolls	
Seijuuki Cyguard	Cybernetics Guardian	
Seikai no Danshou: Tanjou	Crest of the Stars: Birth	Seikai no Danshou: Birth
Seikai no Monshou	Crest of the Stars	
Seikai no Monshou Special		Seikai no Monshou Movie
Seikai no Senki	Banner of the Stars	Battle Flag of the Stars
Seikai no Senki II	Banner of the Stars II	Battle Flag of the Stars II
Seikai no Senki III		Banner of the Stars III
Seikai no Senki Special		Seikai no Senki Movie
Seikaisuru Kado	KADO: The Right Answer	
Seikaisuru Kado: Ekwari	KADO: The Right Answer – Ekwari	Seikaisuru Kado Recap
Seikaisuru Kado: Ninovo	KADO: The Right Answer - Ninovo	
Seikatsu Shidou!! Anime Edition		
Seiken Tsukai no World Break	World Break: Aria of Curse for a Holy Swordsman	Seiken Tsukai no Kinshuu Eishou
Seiken no Blacksmith	The Sacred Blacksmith	Seiken no Katanakaji
Seikima II Humane Society: Jinrui Ai ni Michita Shakai		Seikima 2 Humane Society: Jinrui Ai ni Michita Shakai
Seikimatsu Leader Gaiden Takeshi!		
Seikimatsu Occult Gakuin	Occult Academy	Zaidanhoujin Occult Designer Gakuin
Seikimatsu Occult Gakuin Specials	Occult Academy Specials	Zaidanhoujin Occult Designer Gakuin Specials
Seikimatsu★Darling		Seikimatsu Darling
Seikoku no Dragonar	Dragonar Academy	Seikoku no Ryuukishi
Seikon no Qwaser	The Qwaser of Stigmata	
Seikon no Qwaser II	The Qwaser of Stigmata II	
Seikon no Qwaser II Picture Drama	The Qwaser Of Stigmata II Picture Drama	Seikon no Quasar II Picture Drama
Seikon no Qwaser Picture Drama	The Qwaser Of Stigmata Picture Drama	Seikon no Quasar Picture Drama
Seikon no Qwaser: Jotei no Shouzou	The Qwaser of Stigmata: Portrait of the Empress	Seikon no Qwaser OVA
Seikou!: Osananajimi wa Terekusasou ni Uso wo Tsuku		Seikou!: Lose A Virgin For The First Term
Seikoujo: Haitoku no Biden Dorei	Dark Chapel	Seikoujyo
Seimei no Kagaku: Micro Patrol	Once Upon a Time... Life	
Seirei Tsukai	Elementalors	
Seirei no Moribito	Moribito - Guardian of the Spirit	Guardian of the Sacred Spirit
Seireitsukai no Blade Dance	Blade Dance of the Elementalers	Seirei Tsukai no Kenbu
Seireitsukai no Blade Dance Specials		Seirei Tsukai no Blade Dance Mini OVA
Seiren	Seiren	
Seisai	Perverse Investigations	Sex Judge
Seisen Cerberus: Ryuukoku no Fatalités	Cerberus	Seisen Cerberus: Ryuukoku no Fatalite
Seisen Gakuin	Holy Sleazy School	Study-A-Broad episode #2
Seisenshi Dunbine	Aura Battler Dunbine	Holy Warrior Dunbine
Seisenshi Dunbine Memorial		Holy Warrior Dunbine Recaps
Seisenshi Dunbine OVA		New Story of AURA BATTLER Dunbine
Seishain Cyborg 003		
Seisho Gensou Fu: Adam to Eve	A Biblic Fantasy: Adam and Eve	Seisho genso-fu: Adam to Eve
Seishou Jogangu Alice Doll	Ari Doll	Alice Doll
Seishoujo Kantai Virgin Fleet	Virgin Fleet	
Seishun Anime Zenshuu	Animated Classics of Japanese Literature	Youth Anime Complete Collection
Seishun Anime Zenshuu Specials	Animated Classics of Japanese Literature	Youth Anime Complete Collection
Seishun Buta Yarou wa Bunny Girl Senpai no Yume wo Minai		
Seishun Fuufu Monogatari: Koiko no Mainichi		Seishun Fufu Monogatari Koiko no Mainichi
Seishun Midnight Runners: Shiosai		Youth Midnight Runners: Surf Sound
Seiso de Majime na Kanojo ga	 Saikyou Yaricir ni Kanyuu Saretara...? The Animation	清楚で真面目な彼女が
Seito Shokun! Kokoro ni Midori no Neckerchief wo		
Seitokai Yakuindomo		SYD
Seitokai Yakuindomo Movie		Gekijouban Seitokai Yakuindomo
Seitokai Yakuindomo OVA		Seitokai Yakuindomo (2011)
Seitokai Yakuindomo*		Seitokai Yakuindomo 2
Seitokai Yakuindomo* OVA		Seitokai Yakuindomo 2 OVA
Seitokai no Ichizon	Student Council&#039;s Discretion	Seitokai no Ichizon: Hekiyou Gakuen Seitokai Gijiroku
Seitokai no Ichizon Lv.2	Student Council&#039;s Discretion Level 2	
Seitokai no Ichizon Lv.2: Watasu Seitokai		Seitokai no Ichizon Lv.2 OVA
Seitokaichou Hikaru		
Seitokaichou ni Chuukoku	Hey	生徒会長に忠告
Seiyou Kottou Yougashiten: Antique	Antique Bakery	
Seiyuu Deka		
Seizei Ganbare! Mahou Shoujo Kurumi		
Sekai Douwa Anime Zenshuu	My Favorite Fairy Tales	Sekai Dowa Anime Zenshu
Sekai Jinken Sengen		Anime World Human Rights Declaration
Sekai Meisaku Douwa	World Famous Fairy Tale Series	
Sekai Meisaku Douwa Series		Sekai Meisaku Douwa Manga Series
Sekai Meisaku Douwa: Aladdin to Mahou no Lamp	Aladdin and the Wonderful Lamp	Aladdin and the Magic Lamp
Sekai Meisaku Douwa: Hakuchou no Mizuumi	Swan Lake	
Sekai Meisaku Douwa: Hakuchou no Ouji	The Wild Swans	World Children&#039;s Classics: The Prince of the Swans
Sekai Meisaku Douwa: Mori wa Ikiteiru		Twelve Months
Sekai Meisaku Douwa: Oyayubi Hime	World&#039;s Famous Stories for Children: Thumb Princess	Thumbelina
Sekai Meisaku Douwa: Wow! Maerchen Oukoku	The World&#039;s Most Famous Tales	Anime Sekai no Douwa Series
Sekai Monoshiri Ryoko		The Instructive Trip Around the World
Sekai Seifuku: Bouryaku no Zvezda	World Conquest Zvezda Plot	Sekai Seifuku: Bouryaku no Zvezda
Sekai Seifuku: Bouryaku no Zvezda - Shin Zvezda Daisakusen		Sekai Seifuku: Bouryaku no Zvezda Episode 13
Sekai de Ichiban Tsuyoku Naritai!	Wanna Be the Strongest in the World	SekaTsuyo
Sekai de Ichiban Tsuyoku Naritai! Specials		Wanna Be The Strongest in the World Specials
Sekai no Fushigi Tanken Series		Mysteries of the World
Sekai no Hikari: Shinran Shounin		Sekai no Hikari: Shinran Seijin
Sekai no Ouja: King Kong Taikai		
Sekai no Yami Zukan	The World YAMIZUKAN	
Sekaiichi Hatsukoi	Sekai Ichi Hatsukoi - World&#039;s Greatest First Love	Sekai-ichi Hatsukoi
Sekaiichi Hatsukoi 2	Sekai Ichi Hatsukoi - World&#039;s Greatest First Love 2	Sekai-ichi Hatsukoi 2
Sekaiichi Hatsukoi Movie: Yokozawa Takafumi no Baai		Eiga Sekaiichi Hatsukoi
Sekaiichi Hatsukoi OVA		Sekaiichi Hatsukoi Episode 0
Sekaiichi Hatsukoi: Valentine-hen		
Sekaikei Sekai Ron		World System
Sekiei Ayakashi Mangatan		
Sekiranun Graffiti		Hatsune Miku: Sekiranun Graffiti
Sekirei	Sekirei	Wagtail
Sekirei: Hajimete no Otsukai		Sekirei OVA
Sekirei: Pure Engagement	Sekirei: Pure Engagement	Sekirei 2
Sekirei: Pure Engagement Episode 0		Sekirei: Pure Engagement Episode 0
Sekishoku Elegy		Red Coloured Elegy
Sekisou-tai	Laminated Structure	
Sekkou Boys	Sekko Boys	
Selector Destructed WIXOSS Movie		
Selector Infected WIXOSS	selector infected WIXOSS	
Selector Infected WIXOSS: Midoriko-san to Piruruku-tan		
Selector Spread WIXOSS	selector spread WIXOSS	
Self-Portrait	Animated Self Portraits A Portrait of Kawamoto	Kihachiro Kawamoto&#039;s Self-Portrait
Seme♥Chichi		
Sen to Chihiro no Kamikakushi	Spirited Away	Sen and Chihiro&#039;s Spiriting Away
Senaka de Twist		Minna no Uta
Senbon Matsubara		1000 Pine Groves
Sengoku Basara	Sengoku Basara: Samurai Kings	
Sengoku Basara Movie: 4-Koma Gekijou - Another Last Party		
Sengoku Basara Movie: The Last Party	Sengoku Basara - Samurai Kings: The Movie	Gekijouban Sengoku Basara: The Last Party
Sengoku Basara Two	Sengoku Basara: Samurai Kings 2	Sengoku Basara Ni
Sengoku Basara Two: Ryuko	 Itadaki no Chikai! Atsuki Mirai e Kakeru Tamashii!!	戦国BASARA 弐: 竜虎、頂の誓い! 熱き未来へ駆ける魂!!
Sengoku Basara: Judge End	Sengoku BASARA: End of Judgement	
Sengoku Basara: Setonai no Gekitotsu! Hi wo Fuku Umi no Daiyousai - Fugaku!!		Sengoku Basara OVA
Sengoku Bushou Retsuden Bakufuu Douji Hissatsuman		
Sengoku Choujuu Giga: Kou	SENGOKUCHOJYUGIGA	Sengoku Wildlife Caricatures
Sengoku Choujuu Giga: Otsu	SENGOKUCHOJYUGIGA	Sengoku Wildlife Caricatures
Sengoku Collection	Sengoku Collection	Parallel World Samurai
Sengoku Kitan Youtouden	Yotoden: Chronicle of the Warlord Period	Sengoku Kidan Youtouden
Sengoku Kitan Youtouden Movie	Wrath of the Ninja	Sengoku Kidan Youtouden Gekijouban
Sengoku Majin Goushougun	Macron 1	Demon God of the War Torn Land Goshogun
Sengoku Majin Goushougun (Movie)		Demon God of the War Torn Land Goshogun
Sengoku Majin Goushougun: Toki no Etranger	Time Stranger	Goshogun: The Time Etranger
Sengoku Musou		Samurai Warriors
Sengoku Musou SP: Sanada no Shou	Samurai Warriors: Legend of the Sanada	Sengoku Musou Special: Sanada&#039;s Chapter
Sengoku Musou: Sengoku Musou High School		Sengoku Musou Specials
Sengoku Night Blood		
Sengoku Otome: Momoiro Paradox	Battle Girls: Time Paradox	
Sengoku☆Paradise Kiwami		
Senjou no Valkyria	Valkyria Chronicles	Battlefield Valkyria: Gallian Chronicles
Senjou no Valkyria 3: Tagatame no Juusou		Valkyria Chronicles: Unrecorded Chronicles OVA
Senjou no Valkyria Special		Senjou no Valkyria Fake Movie Promo
Senjou no Valkyria: SenVal Theater	Valkyria Chronicles: Theater	Valkyria Chronicles Specials
Senjutsu Choukoukaku Orion		
Senjuushi		
Senkaiden Houshin Engi	Soul Hunter	Romances of Sealed Gods
Senki Zesshou Symphogear	Symphogear	Senhime Zesshou Symphogear
Senki Zesshou Symphogear AXZ		Symphogear Axis
Senki Zesshou Symphogear AXZ: Senki Zesshou Shinai Symphogear		Symphogear AXZ Specials
Senki Zesshou Symphogear G	Symphogear G	
Senki Zesshou Symphogear G: Senki Zesshou Shinai Symphogear		Senhime Zesshou Symphogear G
Senki Zesshou Symphogear GX	Symphogear GX	
Senki Zesshou Symphogear GX: Senki Zesshou Shinai Symphogear		Symphogear GX Specials
Senki Zesshou Symphogear XV		
Senkou no Night Raid	Night Raid 1931	
Senkou no Night Raid Picture Drama		
Senkou no Night Raid Specials	Night Raid 1931 Specials	
Senkou no Night Raid: Yogen	Night Raid 1931: The Prophecy	Senkou no Night Raid: Prophecy
Sennen Joyuu	Millennium Actress	Chiyoko Millennial Actress
Sennen no Yakusoku		
Sennin Buraku	Hermit Village	
Senran Kagura	Senran Kagura: Ninja Flash	Senran Kagura
Senran Kagura 2nd Season		
Senran Kagura Estival Versus: Shoujo-tachi no Sentaku		Senran Kagura Estival Versus: Festival Eve Full of Swimsuits
Senran Kagura Specials		
Senro wa Tsudzuku yo Dokomademo	I&#039;ve Been Working on the Railroad	Kiwokuza
Sense Honma ni Honma		Minna no Uta
Sensei no Ojikan: Doki Doki School Hours	Teacher&#039;s Time	Doki Doki School Hours
Sensei no Ojikan: Doki Doki School Hours OVA		Sensei no Ojikan: Doki Doki School Hours Episodes 14-20
Sensitive Pornograph		
Sensou ga Owatta Natsu ni 1945 Karafuto		
Sensou no Tsukurikata	What Happens Before War?	
Sensou: Kodomo-tachi no Yuigon		
Sensuikan Cassiopeia	Submarine Cassiopeia	
Sensuikan ni Koi wo Shita Kujira no Hanashi		
Sentai Hero Sukiyaki Force		
Sentai Hero Sukiyaki Force: Gunma no Heiwa o Negau Season e	 Mata?	戦隊ヒーロー スキヤキフォース -ぐんまの平和を願うシーズン え
Sentaku Jab Jab		Minna no Uta
Sentakuya Shin-chan	Dirty Laundry	Sentakuya Shinchan
Sentimental Journey		
Sentou Mecha Xabungle		Blue Gale Xabungle
Sentou Yousei Shoujo Tasukete! Mave-chan		Sento Yosei Shojo Tasukete! Mave-chan
Sentou Yousei Yukikaze	Yukikaze	Battle Fairy Yukikaze
Senya Ichiya Monogatari		One Thousand and One Arabian Nights
Senyuu.		Senyu.
Senyuu. 2		Senyu. 2
Senyuu. Specials		Senyuu. Episode 1.1
Seoul-yeok	Seoul Station	Seoulyeok
Septem Charm Magical Kanan		
Septem Charm Magical Kanan: SP Summer Camp		Magical Kanan: Dokidoki Summer Camp
Sequence		
Seraphim Call		
Serial Experiments Lain	Serial Experiments Lain	
Servamp	SERVAMP	
Servamp Movie: Alice in the Garden		Gekijouban Servamp: Alice in the Garden
Servamp Specials		
Servamp: Hai ni Mamireta Shoukei - All the world&#039;s a stage		
Servant x Service	Servant x Service	
Session High⤴	Session High⤴	Irodorimidori
Seto no Hanayome	My Bride is a Mermaid	The Inland Sea Bride
Seto no Hanayome Fan Disc		
Seto no Hanayome OVA	Seto no Hanayome OVA	Seto no Hanayome Jin
Seto no Hanayome OVA Specials	Seto no Hanayome OVA Extras	Seto no Hanayome OVA Omakes
Seto no Hanayome Picture Drama		My Bride Is a Mermaid Picture Drama
Seton Doubutsuki	Seton Animal Chronicles	Seton&#039;s Animal Tales
Seton Doubutsuki: Kuma no Ko Jacky	Monarch: The Big Bear of Tallac	Seaton Animal Chronicles: Bearcub Jackie
Seton Doubutsuki: Risu no Banner	Bannertail: The Story of Gray Squirrel	
Setsuzoku Muyou		Connection Useless
Seupideuwang Beongae	Wings of Dragon	
Sex Pistols		Love Pistols
Sex: Prologue		
Sexfriend	Sexfriend	Sex Friend
Sexy Commando Gaiden: Sugoiyo!! Masaru-san		Sexy Commando Side Story: Amazing! Masaru
Sexy Commando Gaiden: Sugoiyo!! Masaru-san Specials		Sexy Commando Gaiden: Sugoiyo!! Masaru-san - Learn It in 2 Days
Sexy Sailor Soldiers	Sexy Sailor Soldiers	Nami SOS! First Battle
Shabura Rental: Ecchi na Oneesan to no Eroero Rental Obenkyou The Animation		
Shachiku: Kuruma no Naka de Kattemasu		
Shadow Skill		Shadow Skill 1
Shadow Skill (1996)	Shadow Skill: The Movie	Shadow Skill OVA
Shadow Skill: Eigi		Shadow Skill (1998)
Shadow Skill: Kurudaryuu Kousatsuhou no Himitsu		Shadow Skill: Kuruda-ryu Kousatsu-hou no Himitsu
Shadowverse	Shadowverse	
Shaka no Shougai		Buddha
Shakkin Shimai	Debt Sisters	
Shakotan★Boogie		
Shakugan no Shana	Shakugan no Shana: Season I	Burning-Eyed Shana
Shakugan no Shana II (Second)	Shakugan no Shana: Season II	Shakugan no Shana 2
Shakugan no Shana II (Second) Specials		Shakugan no Shana-tan Begins
Shakugan no Shana III (Final)	Shakugan no Shana: Season III	Shakugan no Shana Third
Shakugan no Shana III (Final) Specials		Shakugan no Shana-tan: Final Destruction
Shakugan no Shana Movie	Shakugan no Shana: The Movie	Gekijouban Shakugan no Shana
Shakugan no Shana Movie Special		Shakugan no Shana-tan Movie
Shakugan no Shana S	Shakugan no Shana S: OVA Series	Shakugan no Shana OVA 2
Shakugan no Shana S Specials		Shakugan no Shana-tan G
Shakugan no Shana SP: Koi to Onsen no Kougai Gakushuu!		Shakugan no Shana OVA
Shakugan no Shana Specials		Shakugan no Shana-tan
Shakugan no Shana: Friagne to Marianne no Naze Nani Shana! Nandemo Shitsumonbako!		Friagne and Marianne&#039;s Why
Shakugan no Shana: Friagne to Marianne no Naze Nani Shana! Nandemo Shitsumonbako! 2		Friagne and Marianne&#039;s Why What Shana! Ask Anything Question Box
Shakugan no Shana: Naze Nani Shana! Nandemo Shitsumonbako! Special		Why? What? Shana!
Shakugan no Shana: Shana & Yuuji no Naze Nani Shana! Nandemo Shitsumon-bako!		Shana and Yuuji&#039;s Why What Shana! Ask Anything Question Box
Shakunetsu no Takkyuu Musume	Scorching Ping Pong Girls	
Shaman King	Shaman King	
Shaman King Specials		The Form that Love Takes
Shamanic Princess		
Shameshrine Andorora		Shame Shrine Andorora
Shammy to Kage Boy		
Shampoo Ouji		
Shampoo no Nioi ga Shita		
Shan T Lao Fu Zi	Old Master Q & San-T	Old Master Q and San-T
Shangri-La	Shangri-La	
Shangri-La (Music)		Wienners: Shangri-La
Shanshui Qing		Shan shui qing
Shaonian Jinyiwei	The Young Imperial Guards	
Shaonian Jinyiwei 2nd Season		The Young Imperial Guards 2nd Season
Shashinkan		
Shashinki	Photodiary	
Shashinki 87	Photodiary 87	
Sheep in the Island		
SheepWolf	SheepWolf	
Shelter	Shelter	
Shen Ming Zhi Zhou		
Shen Qi Huan Qi Tan	The Legend of Ancient Soul	Shenqi Huanqitan
Sheng Shi Zhuang Niang	The Beauty Blogger	Shengshi Zhuangniang
Shenmi Shijie Lixian Ji	Yugo & Lala	
Shenmi Shijie Lixian Ji 2	Yugo & Lala 2	
Shenmue: The Movie		Shen Mue
Shi Wan Ge Leng Xiaohua		One Hundred Thousand Bad Jokes Season 1
Shi Wan Ge Leng Xiaohua (Movie)	One Hundred Thousand Bad Jokes	One Hundred Thousand Bad Jokes Movie
Shi Wan Ge Leng Xiaohua 2nd Season		One Hundred Thousand Bad Jokes Di Er Ji
Shi Wan Ge Leng Xiaohua Di 3rd Season		One Hundred Thousand Bad Jokes 3
Shi Xiong	Zombie Brother	
Shiawase Daifuku		Minna no Uta
Shiawase Haitatsu Taneko		
Shiawase Sou no Okojo-san		Shiawase Apartment&#039;s Okojo-san
Shiawase no Katachi	Figures of Happiness	
Shiawase no Ouji	The Happy Prince	
Shiawase no Tokei		Minna no Uta
Shiawase no Uta		Minna no Uta
Shiawasette Naani		Shiawase tte Naani
Shibai Taroka		
Shibainuko-san		
Shibawanko no Wa no Kokoro		Shibawanko&#039;s Spirit of Wa
Shibuzome Ikki: Ashita ni Kakeru Niji		
Shichinin no Nana		Nana 7 of 7
Shichinin no Nana: Oshougatsu Da yo! 7 x 7 = 49-nin no Nana?	New Year Special: It&#039;s New Year&#039;s! 7 x 7 = 49 Nanas?	Extra Special New Year&#039;s Question? 7 x 7 = 49 Nanas?
Shichisei no Subaru		
Shiden Pilot		
Shigatsu wa Kimi no Uso	Your Lie in April	
Shigatsu wa Kimi no Uso: Moments		Shigatsu wa Kimi no Uso OVA
Shigeo wa Handsome		Shigeo is Handsome
Shigeru		
Shigofumi	Shigofumi: Letters from the Departed	Shigofumi: Stories of Last Letter
Shigofumi Picture Drama		Shigofumi ~Stories of Last Letter~ Picture Drama
Shigofumi: Sorekara	Shigofumi: Letters from the Departed Special	Shigofumi ~Stories of Last Letter~ Special
Shiguang Guiyu	The Prisoners of Time	
Shigurui	Shigurui: Death Frenzy	Crazy for Death
Shigutsman	Shigutsman	Shiga ttsu Man
Shihaisha no Tasogare	Twilight Of The Dark Master	
Shiiba-san no Ura no Kao. with Imouto Lip		
Shiiku x Kanojo: Tenshi no Kousoku-hen		
Shijin no Shougai	A Poet&#039;s Life	Shijin no Shogai
Shijin to Tsubame		Minna no Uta
Shijou Saikyou no Deshi Kenichi	KenIchi: The Mightiest Disciple	History&#039;s Strongest Disciple Kenichi
Shijou Saikyou no Deshi Kenichi OVA	KenIchi: The Mightiest Disciple OVA	History&#039;s Strongest Disciple Kenichi OVA
Shijou Saikyou no Deshi Kenichi Specials		History&#039;s Strongest Disciple Kenichi Specials
Shika to Kanta	Kanta and the Deer	
Shikabane Hime: Aka	Corpse Princess: Aka	Shikabane Hime Aka
Shikabane Hime: Kuro	Corpse Princess: Kuro	Shikabane Hime Second Season
Shikabane Hime: Kuro – Soredemo	 Hito to Shite	 As a Person
Shikabane Hime: Puchitto		Shikabane Hime: Chibi Special
Shikato		
Shikatte Ingo: Misaki Shunin no Buka Kyouiku-hen	Scold with Dirty Words	
Shiki	Shiki	Corpse Demon
Shiki Specials	Shiki Specials	Corpse Demon Specials
Shikioriori		Shikioriori
Shikkaku Ishi		
Shikkoku no Shaga The Animation		
Shima Kousaku no Asia Risshi-den	Shima Kosaku&#039;s Asian Entrepreneurs	
Shima Kousaku no Asia Risshi-den Specials		Shima Kosaku&#039;s Asian Entrepreneurs Specials
Shima Kousaku no Asia Shinseki-den		
Shima Shima Tora no Shimajirou		
Shima no Kuregata no Hanashi		
Shimai Ijiri	Slave Sisters	
Shimai Ningyou		Shimai Ningyo
Shimaizuma: Shimaizuma 3 The Animation	Fleshdance	Shimai Tsuma: Shimai Tsuma 3
Shimajirou Hesoka		
Shimajirou Movie: Mahou no Shima no Daibouken		
Shimajirou no Wow!		
Shimajirou to Ehon no Kuni		
Shimajirou to Fufu no Daibouken Movie: Sukue! Nana-iro no Hana		Gekijouban Shimajirou to Fufu no Daibouken: Sukue! Nana-iro no Hana
Shimajirou to Kujira no Uta		
Shimajirou to Niji no Oasis		
Shimajirou to Ookinaki		
Shimajirou to Tanjoubi no Ohoshi-sama		
Shimanchu MiRiKa		Shimanchu MiRiKa Special
Shimoneta to Iu Gainen ga Sonzai Shinai Taikutsu na Sekai	SHIMONETA: A Boring World Where the Concept of Dirty Jokes Doesn&#039;t Exist	Shimoseka
Shin Ace wo Nerae!	New Aim for the Ace!	
Shin Angel	New Angel	
Shin Angyo Onshi	Blade of the Phantom Master	Shin Angyou Onshi
Shin Atashin&#039;chi		Shin Atashinchi
Shin Bikkuriman		New Bikkuriman
Shin Biofermin S		
Shin Calimero	Calimero (1992)	
Shin Captain Tsubasa		New Captain Tsubasa
Shin Chou Kyou Ryo: Condor Hero	The Legend of Condor Hero	Shen Diao Xia Lu
Shin Chou Kyou Ryo: Condor Hero II	Legend of the Condor Hero II	Shen Diao Xia Lu II: Xiang Yang Feng Yun
Shin Chou Kyou Ryo: Condor Hero III	Legend of the Condor Hero III	Shen Diao Xia Lu III
Shin Choubakumatsu Shounen Seiki Takamaru		Shin Cho Bakumatsu Shonen Seiki Takamaru
Shin Choujin Densetsu Urotsukidouji Mataiden		Legend of the Demon Womb
Shin Cutey Honey		Shin Cutie Honey
Shin Dokonjou Gaeru		
Shin Dokonjou Gaeru: Dokonjou Yumemakura		
Shin Don Chuck Monogatari		
Shin Dousei Jidai: Hawaiian Breeze		
Shin Gakkou no Yuurei		
Shin Getter Robo	New Getter Robo	Shin Getter Robo (2004)
Shin Getter Robo tai Neo Getter Robo	Shin Getter Robo vs. Neo Getter Robo	True Getter Robo vs. Neo Getter Robo
Shin Hakkenden		
Shin Hikari Shinwa: Palutena no Kagami	Kid Icarus: Uprising	Thanatos Rising
Shin Hitou Meguri		
Shin Hokuto no Ken	New Fist of the North Star	
Shin Hurricane Polymar	Hurricane Polymar: Holy Blood	New Hurricane Polymar
Shin Kabukichou Story Hana no Asukagumi!		
Shin Kachikachi Yama		
Shin Kaitei Gunkan		Super Atragon
Shin Karate Jigoku-hen		Shin Karate Jigokuhen
Shin Kimagure Orange☆Road: Soshite	 Ano Natsu no Hajimari	新きまぐれオレンジ☆ロード ～ そして、あの夏のはじまり
Shin Koihime†Musou		Shin Koihime Musou: Otome Ryouran Sangokushi Engi
Shin Koihime†Musou OVA		
Shin Koihime†Musou OVA Omake		
Shin Koihime†Musou: Live Revolution		Shin Koihime Musou: Otome Ryouran Sangokushi Engi - Live Revolution
Shin Koihime†Musou: Otome Tairan		Shin Koihime Musou 2nd Season
Shin Koihime†Musou: Otome Tairan OVA		
Shin Koihime†Musou: Otome Tairan OVA Omake		
Shin Kujakuou	Spirit Warrior	Spirit Warrior: Peacock King
Shin Kyojin no Hoshi		
Shin Kyojin no Hoshi II		
Shin Kyouhaku 2 The Animation: Kizu ni Saku Hana Senketsu no Kurenai		Kyouhaku 2 The Animation: Kizu ni Saku Hana Senketsu no Kurenai
Shin Manga Naruhodo Monogatari		
Shin Maple Town Monogatari: Palm Town-hen	Palm Town	New Maple Town Stories
Shin Maple Town Monogatari: Palm Town-hen - Konnichiwa! Atarashii Machi		
Shin Mashin Eiyuuden Wataru Majinzan		New Spirit Hero Wataru
Shin Mazinger Shougeki! Z-hen	Mazinger Edition Z: The Impact!	Shin Mazinger Shogeki! Z-hen
Shin Megami Tensei Devil Children		
Shin Megami Tensei Devil Children: Light & Dark		
Shin Megami Tensei: Tokyo Mokushiroku	Tokyo Revelation	True Goddess Reborn: Tokyo Revelation
Shin Minashigo Hutch	The New Adventures of Hutch the Honeybee	
Shin Mitsubachi Maya no Bouken		The New Adventures of Honeybee Maya
Shin Ninja Tamamaru		
Shin Obake no Q-tarou		Shin Obake no Q-taro
Shin Onimusha: Dawn of Dreams the Story	Onimusha: Dawn of Dreams	
Shin Otokogi		
Shin Pro Golfer Saru		New Pro Golfer Saru
Shin Reyon Densetsu: Mou Hitori no Flair		
Shin Reyon Densetsu: Shikkoku no Majin	Legend of Reyon: The God of Darkness	Shin Riyon Densetsu: Shikkoku no Majin
Shin Ringetsu		
Shin Ruri-iro no Yuki		Shin Ruriiro no Yuki
Shin SOS Dai Tokyo Tankentai		SOS! Tokyo Metro Explorers: The Next
Shin Saishuu Chikan Densha		Midnight Sleazy Train 2
Shin Saru Kani Gassen		
Shin Saru Kani Gassen (1939)		
Shin Sei Yariman Gakuen Enkou Nikki The Animation		
Shin Seiki Cream Lemon		New-century Cream Lemon
Shin Seiki Den Mars		Shinseikiden Mars
Shin Seiki Inma Seiden	Inma Seiden: The Legend of the Beast of Lust	
Shin Seikimatsu: Yatsuto no Souguu	Encounters with that Kind	Shin Seikimatsu Yatsuto no Sogu
Shin Shirayuki-hime Densetsu Prétear	Prétear: The New Legend of Snow White	Shin Shirayuki-hime Densetsu Pretear
Shin Shounan Bakusouzoku Arakure Knight		Shin Shonan Bakusozoku Arakure Knight
Shin Skyers 5		
Shin Strange+		Strange Plus Second Season
Shin Strange+ Special		Shin Strange Plus Special
Shin Takarajima		
Shin Taketori Monogatari: 1000-nen Joou	Queen Millennia	The Queen of a Thousand Years
Shin Tenchi Muyou!	Tenchi in Tokyo	New Tenchi Muyo
Shin Tenchi Muyou! Specials		Tenchi in Tokyo Specials
Shin Tenchi Souzou	The Creation	
Shin Tennis no Ouji-sama	The Prince of Tennis II	New Prince of Tennis
Shin Tennis no Ouji-sama OVA vs. Genius 10	The Prince of Tennis II OVA vs Genius10	New Prince of Tennis OVA vs. Genius10
Shin Tennis no Ouji-sama Specials	The Prince of Tennis II Specials	New Prince of Tennis Specials
Shin-Men		Crayon Shin-chan: Shin-Men
Shin-ban Megami Tantei Vinus File	The Venus Files	Detective Goddess
Shin-chan ga Naita!		
Shin-chan no Sanrinsha	Shin&#039;s Tricycle	
Shina Dark: Kuroki Tsuki no Ou to Souheki no Tsuki no Himegimi		Shina Dark - Kuroki Tsuki no O to Soheki no Tsuki no Himegimi
Shinano Mainichi Shinbun		Shinano Mainichi Shimbun
Shingeki no Bahamut: Genesis	Rage of Bahamut: Genesis	
Shingeki no Bahamut: Genesis - Short Story		Rage of Bahamut: Genesis - Short Story
Shingeki no Bahamut: Genesis Recap		Rage of Bahamut: Genesis Recap
Shingeki no Bahamut: Manaria Friends		Rage of Bahamut: Manaria Friends
Shingeki no Bahamut: Virgin Soul	Rage of Bahamut: Virgin Soul	
Shingeki no Kyojin	Attack on Titan	AoT
Shingeki no Kyojin Movie 1: Guren no Yumiya	Attack on Titan: Crimson Bow and Arrow	
Shingeki no Kyojin Movie 2: Jiyuu no Tsubasa	Attack on Titan: Wings of Freedom	
Shingeki no Kyojin Movie 3: Kakusei no Houkou		
Shingeki no Kyojin OVA		Shingeki no Kyojin: Ilse no Techou
Shingeki no Kyojin Picture Drama		Shingeki no Kyojin: Chimi Kyara Gekijou - Tondeke! Kunren Heidan
Shingeki no Kyojin Season 2	Attack on Titan Season 2	
Shingeki no Kyojin Season 3		
Shingeki no Kyojin-ten 360° Taikan Theater		Attack on Titan Exhibition 360-degree: Experience Theater Roar
Shingeki no Kyojin: Ano Hi Kara	Attack on Titan: Since That Day	Shingeki no Kyojin Episode 13.5
Shingeki no Kyojin: Kuinaki Sentaku		Attack on Titan: No Regrets
Shingeki no Kyojin: Lost Girls	Attack on Titan: Lost Girls	
Shingeki no Kyotou	Attack on Skytree	Shingeki no Kyojin: Attack on Skytree
Shingeki! Kyojin Chuugakkou	Attack on Titan: Junior High	Attack! Titan Junior High
Shingetsutan Tsukihime	Lunar Legend Tsukihime	Tsukihime - Lunar Legend
Shinigami no Ballad.	Momo	しにがみのバラッド。
Shining Hearts: Shiawase no Pan		Shining Hearts: Bread of Happiness
Shining Hearts: Shiawase no Pan - Kokoro ga Todoita Picture Drama	Shining Hearts: Bread of Happiness Picture Drama	Shining Hearts: Shiawase no Pan Kokoro ga Todoita
Shining Hearts: Shiawase no Pan Specials	Shining Hearts: Bread of Happiness Specials	
Shining May		May&#039;s Hot Night
Shining Tears X Wind	Shining Tears X Wind	Shining Tears Ex
Shining☆Romance		WE ARE ST☆RISH!!
Shinjin Tour Conductor	Dark Tours	
Shinjuku Shin-chan Patrol: Warui Otona ni Ki wo Tsukete		Shinjuku Shin-chan Patrol: Be Careful of Bad Adults
Shinjuku Shin-chan: Yoiko no Koutsuu Anzen		Shinjuku Shin-chan: Traffic Safety for Good Kids
Shinkai Densetsu Meremanoid		Deep - Sea Legend Meremanoid
Shinkai no Kantai: Submarine 707		Undersea Fleet Submarine 707F
Shinkansen Henkei Robo Shinkalion	Shinkalion	
Shinkansen Henkei Robo Shinkalion The Animation		
Shinken Densetsu: Tight Road		True Fist Legend
Shinken Seminar Koukou Kouza		Shinken Zemi Koukou Kouza
Shinkon Gattai Godannar!!	Marriage of God & Soul Godannar!!	God and Spirit Combination Godannar!!
Shinkon Gattai Godannar!! 2nd Season		
Shinkyoku Soukai Polyphonica	Polyphonica	
Shinkyoku Soukai Polyphonica Crimson S	Polyphonica Crimson S	
Shinkyoku no Grimoire The Animation		
Shinkyoku no Grimoire The Animation: Unico no Natsuyasumi		Shinkyoku no Grimoire The Animation Special
Shinmai		
Shinmai &#039;FUREAI&#039; Net. Concept Movie	Shinmai &#039;FUREAI&#039; Net. Concept Movie	
Shinmai Maou no Testament	The Testament of Sister New Devil	Shinmai Maou no Keiyakusha
Shinmai Maou no Testament Burst	The Testament of Sister New Devil: Burst	The Testament of Sister New Devil: Burst
Shinmai Maou no Testament Burst OVA		Toujou Basara no Shigoku Heiwa na Nichijou
Shinmai Maou no Testament Burst Specials		
Shinmai Maou no Testament Departures	The Testament of Sister New Devil Departures	
Shinmai Maou no Testament OVA		The Testament of Sister New Devil OVA
Shinmai Maou no Testament Specials		The Testament of Sister New Devil Specials
Shino-sensei no Yuuwaku Jugyou	Professor Shino&#039;s Classes in Seduction	Shino-sensei no Yuwaku Jugyo
Shinpi no Hou	The Mystical Laws	Happy Science Movie 6
Shinrabanshou: Tenchi Shinmei no Shou		
Shinran Shounin to Ousha-jou no Higeki		
Shinran-sama: Negai	 Soshite Hikari	親鸞さま ねがい そして、ひかり。
Shinrei Tantei Yakumo	Psychic Detective Yakumo	Shinrei Tantei Yakumo
Shinreigari: Ghost Hound	Ghost Hound	Shinreigari: Ghost Hound
Shinryaku! Ika Musume	The Squid Girl	The Invader Comes From the Bottom of the Sea!
Shinryaku! Ika Musume Specials	Squid Girl Specials	Mini Ika Musume Bangaihen
Shinryaku! Ika Musume: Ika Ice Tabena-ika?		
Shinryaku! Ika Musume: Kore ga Umi e no Ai Jana-ika!		
Shinryaku!! Ika Musume		Shinryaku! Ika Musume OAD
Shinryaku!? Ika Musume	The Squid Girl 2	The Invader Comes From the Bottom of the Sea!
Shinsatsushitsu	Consultation Room	Shinsatsu Shitsu
Shinsei Kamattechan		MUSIC is SF
Shinsei: Futanari Idol - Dekatama-kei!		New Futanari Idols: Big Balls Type!
Shinseiki Duel Masters Flash		
Shinsekai yori	From the New World	Shin Sekai yori
Shinsetsu Kachikachi Yama		Mt. Kachikachi
Shinshaku Sengoku Eiyuu Densetsu: Sanada Juu Yuushi		New Legend of the Heroes of the Warring Nations - The Ten Sanada Brave Soldiers Sanada 10
Shinshaku Sengoku Eiyuu Densetsu: Sanada Juu Yuushi The Animation		New Legend of the Heroes of the Warring Nations - The Ten Sanada Brave Soldiers Sanada 10 TV
Shinshou Genmukan		
Shinshuu Sudama-hen		
Shintaisou: Kari	Princess 69	Shintaisou (Kari) The Animation: Yousei-tachi no Rondo
Shintaisou: Shin	Princess 69: Midnight Gymnastics	Shintaisou (Shin)
Shinya Doubutsuen		
Shinya! Tensai Bakabon		Late Night! Genius Bakabon
Shinzou Ningen Casshern	Neo Human Casshan	
Shiodome Cable TV		Shiodome News Zero
Shiofuki Mermaid		
Shiokari Touge	Shiokari Pass	Shiogaritouge
Shion	Sion	
Shion Special		Shion Bonus Video
Shion no Ou		Shion no Oh
Shippai Ippai mo Ikkai		
Shippo no Kimochi		Minna no Uta
Shippuu! Iron Leaguer		Hurricane! Iron Leaguer
Shippuu! Iron Leaguer: Silver no Hata no Moto ni		Shippu Iron Leaguer OVA
Shirahata no Shoujo Ryuuko		The Girl with the White Flag
Shiranpuri		
Shiranpuri (Movie)		Wakate Animator Ikusei Project
Shiratori Reiko de Gozaimasu!	I am THE Shiratori Reiko!	I&#039;m Reiko Shiratori
Shirayuki Hime no Densetsu	The Legend of Snow White	Shirayukihime
Shiritori Mambo		Minna no Uta
Shiritori Oukoku		Shiritori Kingdom
Shiritsu Araiso Koutougakkou Seitokai Shikkoubu	Araiso Private High School Student Council Executive Committee	
Shiritsu Liyon Gakuen		Liyon Private Academy
Shiritsutantei: Toki Shouzou Trouble Note - Hard & Loose		Shiritsu Tantei Toki Shozo no Trouble Note - Hard & Loose
Shiro Hon	The White Book	
Shiro to Takeshi		
Shirobako	Shirobako	White Box
Shirobako Movie		White Box Movie
Shirobako Specials		Shirobako: Exodus!
Shirogane no Ishi: Argevollen	Argevollen	Hakugin no Ishi: Argevollen
Shiroi Kiba White Fang Monogatari		White Fang Story
Shiroi Michi		Minna no Uta
Shiroi Zou		White Elephant
Shiroi Zou (1981)		White Elephant
Shiroishi no Yousei Pichi		The Sprites of Shiroishi
Shiroki Tenshi-tachi no Rondo	Hardcore Hospital	Ring of White Angels
Shirokuma Cafe	Polar Bear Cafe	Polar Bear Café
Shirome-chan no Uta		
Shirotan: Shirotan ga Ippai!		Sirotan
Shirouto Kurabu		
Shisei Sasshin		
Shiseido HG Super Hard		Shiseidou HG Super Hard
Shiseido x Kamiusagi Rope		Anessa
Shisha no Sho	The Book of the Dead	The Book of a Dead Person
Shisha no Teikoku	The Empire of Corpses	Project Itoh
Shishido Journey		
Shishou Series		Master Teacher Series
Shishunki Bishoujo Gattai Robo Z-Mind		The Battling Days of the Shitamachi Virgins
Shishunki Shoujo		
Shisukon Ouji		Prince Shisukon
Shita-kiri Suzume	The Sparrow with the Slit Tongue	Tongue-Cut Sparrow
Shita-kiri Suzume (1974)	The Sparrow with the Slit Tongue	Tongue-Cut Sparrow
Shitai wo Arau The Animation		
Shitamachi Alien PapiPipiPupi		Downtown Alien PapiPipiPupi
Shitcom		
Shitsurakuen	Sinners Paradise	
Shiyan Pin Jiating		Jikken-hin Kazoku: Creatures Family Days
Shizukanaru Don: Yakuza Side Story		The Quiet Don
Shizuku	The Drop	Drop
Shocking Pink!		
Shogi Hour	Shogi Hour	
Shoka		
Shokichi Monogatari		
Shoko Nakagawa Prism Tour Special		
Shokugeki no Souma	Food Wars! Shokugeki no Soma	Shokugeki no Soma
Shokugeki no Souma OVA		Shokugeki no Souma: Jump Festa 2015 Special
Shokugeki no Souma: Ni no Sara	Food Wars! The Second Plate	Shokugeki no Souma 2nd Season
Shokugeki no Souma: Ni no Sara OVA		Shokugeki no Souma: Ni no Sara - Jump Festa 2016 Special
Shokugeki no Souma: San no Sara	Food Wars! The Third Plate	Shokugeki no Soma 3rd Season
Shokugeki no Souma: San no Sara - Toutsuki Ressha-hen		Shokugeki no Soma 4th Season
Shokugeki no Souma: San no Sara - Toutsuki Ressha-hen OVA		Shokugeki no Soma: San no Sara OVA
Shokupan Mimi		
Shokupan Mimi Specials		
Shokuzai no Kyoushitsu	Classroom of Atonement	
Shonan Junai Gumi!		Shounan Junai Gumi
Shooting Hero		Minna no Uta
Short Peace Opening		Short Peace Opening Animation
Shou-chan Sora wo Tobu	Sho is Flying in the Sky	
Shoubushi Densetsu Tetsuya		Legendary Gambler Tetsuya
Shougakusei no Yuukai Boushi: Yumi-chan Abunai yo!		
Shougeki Shinsengumi		
Shoujo Auction	Virgin Auction	
Shoujo Fight: Norainu-tachi no Odekake		Girls Fight
Shoujo Kakumei Utena	Revolutionary Girl Utena	Shoujo Kakumei Utena
Shoujo Kakumei Utena: Adolescence Mokushiroku	Revolutionary Girl Utena: The Adolescence of Utena	Revolutionary Girl Utena: Adolescence Apocalypse
Shoujo Koakuma Kei	Shojyo Koakuma Kei: The Writhing Women	
Shoujo Kyouiku	Girl&#039;s Education	
Shoujo Ramune		
Shoujo Sect	Shoujo Sect	Shoujo Sect: Innocent Lovers
Shoujo Senki Brain Jacker		
Shoujo Senki Soul Eater		
Shoujo Shuumatsu Jugyou		Girls&#039; Weekend Class
Shoujo Shuumatsu Ryokou	Girls&#039; Last Tour	The End Girl Trip
Shoujo kara Shoujo e...		
Shoujo x Shoujo x Shoujo The Animation		
Shoujo-tachi no Sadism The Animation		Too Hot For Teacher
Shoujo-tachi wa Kouya wo Mezasu	Girls Beyond the Wasteland	The girls who aim for the wildlands
Shoujo-tachi wa Kouya wo Mezasu OVA		The girls who aim for the wildlands OVA
Shoujouji no Tanuki-bayashi	Belly Drum Dance at Shojoji Temple	Shojoji no Tanuki-bayashi
Shoujouji no Tanuki-bayashi Ban Danemon	Danemon&#039;s Monster Hunt at Shojoji	Shojoji no Tanukibayashi Ban Danemon
Shoujo☆Kageki Revue Starlight		
Shouka Robo Zeres: Fire Dragon wo Taose!		
Shoukoku no Altair	Altair: A Record of Battles	
Shoukoujo The Animation		
Shoukoushi Cedie	Little Lord Fauntleroy	Sekai Meisaku Gekijou
Shoukoushi Cedie Specials		Sekai Meisaku Gekijou Kanketsu Ban: Shoukoushi Cedie
Shounan Bakusouzoku		Bomber Bikers of Shonan
Shounen Ashibe		Young Ashibe
Shounen Ashibe (TV)		Shonen Ashibe
Shounen Ashibe 2		Shonen Ashibe 2
Shounen Ashibe 2: Ashibe no Kanashii Yume		Shounen Ashibe 2 Compilation OVA
Shounen Ashibe Anzen Kyouiku Anime		Young Ashibe: Goma-chan&#039;s Traffic Safety
Shounen Ashibe: Go! Go! Goma-chan		Young Ashibe: Go! Go! Goma-chan
Shounen Ashibe: Go! Go! Goma-chan 2		Young Ashibe: Go! Go! Goma-chan 2
Shounen Ashibe: Go! Go! Goma-chan 3		Young Ashibe: Go! Go! Goma-chan 3
Shounen H ga Mita Sensou		A Boy Called H
Shounen Hollywood: Holly Stage for 49		Shonen Hollywood
Shounen Hollywood: Holly Stage for 50		Shonen Hollywood 2
Shounen Jack to Mahoutsukai	Young Jack and the Witch	
Shounen Kenya	Kenya Boy	Shounen Keniya
Shounen Maid	Shonen Maid	Boy Maid
Shounen Maid Kuuro-kun: Tenshi no Uta		Shounen Maid Curo-kun: Tenshi no Uta
Shounen Maid: Onna wa Dokyou	 Otoko wa Aikyou?	少年メイド 第8.5話 女は度胸、男は愛嬌？
Shounen Muku Hatojuu Monogatari		
Shounen Ninja Kaze no Fujimaru		Samurai Kid
Shounen Ninja Kaze no Fujimaru: Nazo no Arabiya Ningyou		
Shounen Onmyouji	Shonen Onmyoji	The Young Spirit Master
Shounen Santa no Daibouken!		Shonen Santa no Daiboken
Shounen Sarutobi Sasuke	The Adventures of Little Samurai	Sasuke
Shounen Sunday CM Gekijou: InuYasha-hen		
Shounen Tokugawa Ieyasu		Young Tokugawa Ieyasu
Shounen to Mahou no Robot	The Boy and Magic Robot	Minna no Uta
Shounen to Sakura	The Cherry Tree	
Shouri Toushu		Winning Pitcher
Shousei Shikisai Gensou	Begone Bell Care; Begone Dull Care	Begon Bell Care
Shouta no Sushi: Kokoro ni Hibiku Shari no Aji		Shouta&#039;s Sushi
Shouwa Ahozoushi Akanuke Ichiban!		
Shouwa Genroku Rakugo Shinjuu	Showa Genroku Rakugo Shinju	Showa and Genroku Era Lover&#039;s Suicide Through Rakugo
Shouwa Genroku Rakugo Shinjuu: Sukeroku Futatabi-hen	Descending Stories: Showa Genroku Rakugo Shinju	Shouwa Genroku Rakugo Shinjuu 2nd Season
Shouwa Genroku Rakugo Shinjuu: Yotarou Hourou-hen		
Shouwa Monogatari		Showa Monogatari TV
Shouwa Monogatari (Movie)		Showa Monogatari
Show By Rock!!		SB69
Show By Rock!! #	Show By Rock!! 2	
Show By Rock!! Short!!	Show By Rock!! Short!!	
Show By Rock!! x Joysound		
Show By Rock!!: Legend of Shingan Crimsonz		SHOW BY ROCK!! Gonna be a music millionaire!
Show By Rock!!: Plasmagica na Gogo		SHOW BY ROCK!! Gonna be a music millionaire!
Shownoid Mako-chan		Shownoid Makoto-chan
Shuang Yue Zhi Cheng	Twin Moons	
Shuangsheng Lingtan		Twin Spirit Detectives
Shuffle!	Shuffle!	
Shuffle! Memories		
Shuffle! Prologue		
Shugo Chara!	Shugo Chara!	Guardian Character!
Shugo Chara! Party!		Shugo Chara!!! Dokki Doki
Shugo Chara!! Doki	Shugo Chara!! Doki	Shugo Chara Ninenme
Shui Naodai	Water Brain	
Shujii no Inbou		
Shukka Fuufu		
Shukufuku no Campanella	Blessing of the Campanella	La Campanella Della Benedizione
Shukufuku no Campanella Specials		Shukufuku no Campanella: Isshoni Bath Time
Shukufuku no Campanella: La Campanella Della Benedizione		Shukufuku no Campanella Episode 13
Shunga		
Shura ga Yuku		
Shuranosuke Zanmaken: Shikamamon no Otoko	Sword for Truth	
Shusaku		Syuusaku
Shusaku Liberty		Shusaku the Letch
Shusaku Replay		Syuusaku Replay
Shuten Douji	Shuten Doji - The Star Hand Kid	Shuten Doji
Shutsugeki! Machine Robo Rescue		Machine Robo Rescue
Shutter Chance		
Shuudan Chikan Densha	Gold Throbber	
Shuugou no Kangae		
Shuukaku no Yoru	The Harvest Night	Shukaku
Shuukan Shimakou		Yuruani
Shuukan Shimakou Special		Yuruani
Shuukan Shimakou: Sono Toki	 Shimakou ga Ugoita!	その時、シマコーが動いた!
Shuukan Storyland		Weekly! Story Land
Shuumatsu Nani Shitemasu ka? Isogashii desu ka? Sukutte Moratte Ii desu ka?	WorldEnd: What do you do at the end of the world? Are you busy? Will you save us?	SukaSuka
Shuumatsu no Izetta	Izetta: The Last Witch	Izetta
Shuwarin☆Dorimin		
Si Ling Bianma: Zhi Shijie Caozong Zhe	Order Designer	
Si Ling Bianma: Zhi Shijie Caozong Zhe Recap	Order Designer Recap	Order Designer Episode 10.5
Sidonia no Kishi	Knights of Sidonia	Sidonia no Kishi
Sidonia no Kishi 3	Knights of Sidonia	
Sidonia no Kishi Movie		
Sidonia no Kishi: Daikyuu Wakusei Seneki	Knights of Sidonia: Battle for Planet Nine	Knights of Sidonia: War of the Ninth Planet
Sigh		BACK DROP BOMB: Sigh cbsmgrfc classico mix
Sign		Nobukazu Takemura - Sign
Silent Chaser Kagami		
Silent Möbius		Silent Moebius
Silent Möbius 2		Silent Mobius: The Motion Picture 2
Silent Möbius: The Motion Picture		
Silk Road Shounen Yuuto		Silk Road Boy Yuto
Silk Road Shounen Yuuto: Toki wo Kakeru Shounen Yuuto no Hyouryuu Nikki		Silk Road Shounen Yuuto Omnibus
Simoun		Shimuun
Sin in the Rain		
Sin: Nanatsu no Taizai	Seven Mortal Sins	
Sin: Nanatsu no Taizai - Masani Akuma no Shogyou...		Seven Mortal Sins Recap
Sin: Nanatsu no Taizai Zange-roku		Sin: Nanatsu no Taizai - Records of Confessions
Sin: Nanatsu no Taizai Zange-roku Specials		Sin: Nanatsu no Taizai - Records of Confessions
Sin: The Movie		Sin: The Motion Picture
Sinbad: Mahiru no Yoru to Fushigi no Mon	Sinbad: Night at High Noon and the Wonder Gate	
Sinbad: Mahou no Lamp to Ugoku Shima		Sindbad: The Magical Lamp and the Moving Island
Sinbad: Soratobu Hime to Himitsu no Shima		Sindbad: The Flying Princess and the Secret Island
Sinbad: Soratobu Hime to Himitsu no Shima Pilot		Sindbad: The Flying Princess and the Secret Island Pilot Video
Singles		
Sinkan	T&A Teacher	
Sirius no Densetsu	The Sea Prince and the Fire Child	Legend of Sirius
Sister Princess		SP
Sister Princess: Re Pure		Sister Princess Repure
Sister Princess: Re Pure Character&#039;s		Sister Princess: RePure Characters
Sketchbook: Full Color&#039;s	Sketchbook ~full color&#039;s~	
Sketchbook: Full Color&#039;s Picture Drama		
Ski Jumping Pairs: Road to Torino 2006		Ski Jumping Pairs
Skip Beat!	Skip Beat!	
Skirt		
Skirt no Naka wa Kedamono Deshita.		There&#039;s a beast under the skirt
Skull Man	The Skull Man	The Skullman
Sky Girls		Sky Girls TV
Sky Girls OVA		
Sky Girls Specials		
Skyers 5		
Slam Dunk	Slam Dunk	
Slam Dunk (Movie)		Slam Dunk Movie 1
Slam Dunk: Hoero Basketman-damashii! Hanamichi to Rukawa no Atsuki Natsu		Slam Dunk Movie 4
Slam Dunk: Shouhoku Saidai no Kiki! Moero Sakuragi Hanamichi		Slam Dunk Movie 3
Slam Dunk: Zenkoku Seiha Da! - Sakuragi Hanamichi		Slam Dunk Movie 2
Slayers	Slayers	The Slayers
Slayers Evolution-R		Slayers 5th Season
Slayers Excellent	Slayers Excellent	Slayers Excellent OVA
Slayers Gorgeous		Slayers Movie 4
Slayers Great	Slayers Movie 3	
Slayers Next	Slayers Next	
Slayers Premium		Slayers Movie 5
Slayers Return	Slayers Movie 2	
Slayers Revolution		Slayers 4th Season
Slayers Special	Slayers: The Book of Spells	Slayers Special OVA
Slayers Try		
Slayers: The Motion Picture	Slayers: The Motion Picture	Slayers Perfect
Sleepy		
Slide	Slide	Slide (2015)
Slime Boukenki: Umi da	 Yeah!	スライム冒険記 ～海だ，イエー～
Slippy Dandy		
Slow Start	Slow Start	
Slow Start: Web Yokoku Movie		
Slow Step	Slow Step	
Smile Precure!	Glitter Force	Smile Pretty Cure!
Smile Precure! Movie: Ehon no Naka wa Minna Chiguhagu!		
Snow Halation		Love Live! School Idol Project: Snow Halation
Snowdrop		Minna no Uta
So Long!	So long!	
So Ra No Wo To	Sound of the Sky	So-Ra-No-Wo-To
So Ra No Wo To Specials	Sound of the Sky	So-Ra-No-Wo-To Specials
Soap no Moko-chan	My Fair Masseuse	
Soba no Hana Saita Hi		
Sobakasu		Lon Kaba－J-POP ZOO－
Sobakasu Pucchi		
Soccer	Soccer	
Soccer Fever		
Socket		
Sockies: Frontier Quest		Sock Monkey wa Kimi ga Suki
Softenni	Softenni! the Animation	Sofuteni
Softenni Specials		
Sojunghan Nal-ui Kkum	Green Days: Dinosaur and I	So-jjoong-han Nam-eui Ggoom
Sol		
Sol Bianca		
Sol Bianca: Taiyou no Fune	Sol Bianca: The Legacy	
Sola		Sky
Sola Specials		Sola OVA
Solar I.II.III		
Soliton no Akuma		Soriton no Akuma
Solty Rei		SoltyRei
Solty Rei Special		SoltyRei Special
Somei-ka no Hi no Youjin: Bouka no Tebiki Katei-hen		
Something Great Chizu ni Nai Machi		
Son Gokuu Silk Road wo Tobu!!		
Son Gokuu no Hi no Youjin		
Son Gokuu no Koutsuu Rule Shugyou Chuu		
Son O-gong gwa Byeoldeul-ui Jeonjaeng		
SoniAni: Super Sonico The Animation	Soni-Ani: Super Sonico The Animation	
Sonic X	Sonic X	
Sonic X Pilot		
Sonic: Night of the WereHog		Sonic: Night of the WereHog - Sonic & Chip Kyoufu no Kan
Sonic★the★Hedgehog	Sonic the Hedgehog: The Movie	Sonic OVA
Sonna Boku ga Suki		Minna no Uta
Sono Hanabira ni Kuchizuke wo: Anata to Koibito Tsunagi		
Sono Hanabira ni Kuchizuke wo: Reo x Mai Diaries		
Sono Hanabira ni Kuchizuke wo: Risa x Miya Gekijou		A Kiss For The Petals: Risa x Miya Theater
Sono Kinisasete yo: My My Mai	My My Mai	
Sono Me ga Mitsumeru Mono		Sante FX x One Piece
Sono Mukou no Mukougawa	Beyond the Beyond	There Beyond the Beyond
Sonyeon 007 Eunhateukgongdae		Boys 007 Galaxies Together
Sonyeon 007 Jihajeguk		Boys 007 Underground Empire
Soosee no Aquarion: Dai 27-wa Parallel-ban		Genesis of Aquarion Special
Sora Iro Hana Iro	Sky Colour Flower Colour	
Sora Iro no Tane	The Sky-Colored Seed	Sorairo no Tane
Sora e		Sora he
Sora no Arawashi		Sora No Arawashi: Sensen Manga
Sora no Iro	 Mizu no Iro	 Color of Water
Sora no Iro	 Mizu no Iro Ero Specials	そらのいろ、みずのいろ
Sora no Manimani	At The Mercy of The Sky	Chuu no Manimani
Sora no Manimani Specials	At The Mercy of The Sky Specials	Chuu no Manimani Specials
Sora no Method	Celestial Method	
Sora no Method: Aru Shoujo no Kyuujitsu★		Celestial Method: A Girl&#039;s Day Off
Sora no Momotarou	Momotaro&#039;s Sky Adventure	Sora no Momotaro
Sora no Otoshimono	Heaven&#039;s Lost Property	Lost Property of the Sky
Sora no Otoshimono Final: Eternal My Master		Sora no Otoshimono Final: Eien no Watashi no Torikago
Sora no Otoshimono: Forte	Heaven&#039;s Lost Property: Forte	Sora no Otoshimono: f
Sora no Otoshimono: Project Pink	Heaven&#039;s Lost Property OVA	Sora no Otoshimono OVA
Sora no Otoshimono: Tokeijikake no Angeloid	Heaven&#039;s Lost Property the Movie: The Angeloid of Clockwork	Gekijouban Sora no Otoshimono: Tokeijikake no Angeloid
Sora to Umi no Aida		
Sora wa Koko ni Aru		
Sora wo Kakeru Shoujo	The Girl Who Leapt Through Space	Sora o Kakeru Shoujo
Sora wo Kakeru Shoujo Picture Drama	Girl Who Leapt Through Space Picture Drama	
Sora wo Miageru Shoujo no Hitomi ni Utsuru Sekai		Munto TV
Sora yori mo Tooi Basho	A Place Further Than The Universe	Uchuu yori mo Tooi Basho
Soratobu Penguin		Minna no Uta
Soratobu Toshi Keikaku	Project: City Flying in the Sky	
Soratobu Usagi no Yuukai Boushi: Boku Iya Da yo!		
Soratobu Yuureisen		Sora Tobu Yuurei Sen
Sore Ike! Anpanman		Soreike! Anpanman
Sore Ike! Anpanman: Anpanman no Jin-Jin-Jingle Bells		
Sore Ike! Anpanman: Anpanman to Christmas no Hoshi		Soreike! Anpanman: Anpanman to Christmas no Hoshi
Sore Ike! Anpanman: Anpanman to Happy Otanjoubi		
Sore Ike! Anpanman: Anpanman to Okashi na Nakama		
Sore Ike! Anpanman: Anpanman to Oyakusoku		
Sore Ike! Anpanman: Anpanman to Tanoshii Nakama-tachi		Anpanman Movie 19
Sore Ike! Anpanman: Anpanman to Yukai na Nakama-tachi		Let&#039;s Go! Anpanman: Anpanman and His Fun Friends
Sore Ike! Anpanman: Baikinman no Gyakushuu		Soreike! Anpanman: Baikinman&#039;s Counterattack
Sore Ike! Anpanman: Baikinman to 3 Bai Punch		
Sore Ike! Anpanman: Baikinman vs. Baikinman!?		Baikinman Tai Baikinman!?
Sore Ike! Anpanman: Black Nose to Mahou no Uta		Soreike! Anpanman: Black Nose to Mahou no Uta
Sore Ike! Anpanman: Bokura wa Hero		Anpanman: We are Heroes
Sore Ike! Anpanman: Buruburu no Takarasagashi Daibouken!		
Sore Ike! Anpanman: Dadandan to Futago no Hoshi		
Sore Ike! Anpanman: Dokin-chan no Dokidoki Calendar		
Sore Ike! Anpanman: Franken-Robo-kun&#039;s Surprised Christmas		Go! Anpanman: Franken-Robo-kun&#039;s Surprised Christmas
Sore Ike! Anpanman: Gomira no Hoshi		
Sore Ike! Anpanman: Happy no Daibouken		
Sore Ike! Anpanman: Hashire! Wakuwaku Anpanman Grand Prix		
Sore Ike! Anpanman: Hiya Hiya Hiyariko to Bafu Bafu Baikinman		Hiya Hiya Hiyariko to Babu Babu Baikinman
Sore Ike! Anpanman: Horrorman to Hora Horako		
Sore Ike! Anpanman: Inochi no Hoshi no Dolly		
Sore Ike! Anpanman: Kagayake! Kurun to Inochi no Hoshi		Let&#039;s go! Anpanman: Shine! Kurun and the Star of Life
Sore Ike! Anpanman: Kaiketsu Naganegiman to Doremi Hime		
Sore Ike! Anpanman: Kaiketsu Naganegiman to Yakisobapanman		Sore Ike! Anpanman: Kaiketsu Naganegiman to Yakisoba Panman
Sore Ike! Anpanman: Keito no Shiro no Christmas		
Sore Ike! Anpanman: Kieta Jam Ojisan		
Sore Ike! Anpanman: Kirakira Boshi no Namida	Go! Anpanman: The Shining Star&#039;s Tear	Sore Ike! Anpanman: Kirakiraboshi no Namida
Sore Ike! Anpanman: Kokin-chan to Aoi Namida		
Sore Ike! Anpanman: Kokin-chan to Namida no Christmas		
Sore Ike! Anpanman: Kuruyuki-hime to Mote Mote Baikinman		Kuroyuki Hime to Motemote Baikinman
Sore Ike! Anpanman: Kyouryuu Nosshii no Daibouken		Soreike! Anpanman: Nosshi the Dinosaur&#039;s Big Adventure
Sore Ike! Anpanman: Lyrical☆Magical Mahou no Gakkou		
Sore Ike! Anpanman: Mija to Mahou no Lamp		
Sore Ike! Anpanman: Minami no Umi wo Sukue!		
Sore Ike! Anpanman: Minna Atsumare! Anpanman World		Sore Ike! Anpanman: Minna Atsumare! Anpanman World - Komusubiman to Omatsuri Robot
Sore Ike! Anpanman: Minna de Teasobi - Anpanman to Itazura Obake		
Sore Ike! Anpanman: Niji no Pyramid		Soreike! Anpanman: Niji no Piramido
Sore Ike! Anpanman: Ningyohime no Namida		Soreike! Anpanman: Tears of the Mermaid Princess
Sore Ike! Anpanman: Omocha no Hoshi no Nanda to Runda		Go! Anpanman: Nanda and Runda of the Toy Star
Sore Ike! Anpanman: Omusubiman		
Sore Ike! Anpanman: Otanjoubi Series		
Sore Ike! Anpanman: Outa to Teasobi Tanoshii ne		
Sore Ike! Anpanman: Rhythm de Teasobi - Anpanman to Fushigi na Parasol		
Sore Ike! Anpanman: Ringo Boy to Minna no Negai		
Sore Ike! Anpanman: Roll to Laura Ukigumojou no Himitsu		Soreike! Anpanman: Roll to Lola Ukigumo Shiro no Himitsu
Sore Ike! Anpanman: Ruby no Negai		
Sore Ike! Anpanman: Shabondama no Purun		
Sore Ike! Anpanman: Sing! Dance! Everybody&#039;s Christmas		Go! Anpanman: Sing! Dance! Everybody&#039;s Christmas
Sore Ike! Anpanman: Sora Tobu Ehon to Glass no Kutsu		Soreike! Anpanman Soratobu Ehon to Garasu no Kutsu
Sore Ike! Anpanman: Sukue! Kokorin to Kiseki no Hoshi		
Sore Ike! Anpanman: Tekka no Maki-chan to Kin no Kamameshidon		
Sore Ike! Anpanman: Tenohira wo Taiyou ni		
Sore Ike! Anpanman: Tobase! Kibou no Handkerchief		
Sore Ike! Anpanman: Tobe! Tobe! Chibigon		Soreike! Anpanman: Fly! Fly! Chibigon!
Sore Ike! Anpanman: Tsukiko to Shiratama - Tokimeki Dancing		
Sore Ike! Anpanman: Tsumiki Shiro no Himitsu		Soreike! Anpanman: The Secret of Building Block Castle
Sore Ike! Anpanman: Utatte Teasobi! Anpanman to Mori no Takara		
Sore Ike! Anpanman: Yakisobapanman to Black Sabotenman		
Sore Ike! Anpanman: Yomigaere Bananajima		
Sore Ike! Anpanman: Yousei Rinrin no Himitsu		
Sore Ike! Anpanman: Yumeneko no Kuni no Nyanii		
Sore Ike! Anpanman: Yuuki no Hana ga Hiraku Toki		
Sore Ike! Anpanman: Yuuki to Honoo to Christmas		
Sore Ike! Anpanman: Yuurei Sen wo Yattsukero!!		Sore Ike! Anpanman: Yuureisen o yattsukero!!
Sore Ike! Sabuibo Mask		
Sore Ike! Zukkoke Sannin-gumi		
Sore ga Seiyuu!	Seiyu&#039;s Life!	That is a Voice Actor!
Sore ga Seiyuu!: Petit Uchiage		
Soredemo Machi wa Mawatteiru	And Yet The Town Moves	SoreMachi
Soredemo Sekai wa Utsukushii	The World is Still Beautiful	Still world is Beautiful
Soredemo Tsuma wo Aishiteru		
Sorette♡Dakara ne!		Sore tte♡Dakara ne!
Soreyuke Marin-chan		Marine A Go-Go
Soreyuke! Uchuu Senkan Yamamoto Yohko	Starship Girl Yamamoto Yohko	Space Cruiser Yoko Yamamoto
Soreyuke! Uchuu Senkan Yamamoto Yohko (1999)		Starship Girl Yamamoto Yohko (TV)
Soreyuke! Uchuu Senkan Yamamoto Yohko II	Starship Girl Yamamoto Yohko II	Soreyuke! Uchuu Senkan Yamamoto Yooko II
Sotsugyou M: Ore-tachi no Carnival		Male Graduation
Sotsugyou: Graduation	Graduation	Graduation: Graduation
Sou: Uchiage Hanabi	 Shita kara Miru ka? Yoko kara Miru ka?-hen	爽「打ち上げ花火、下から見るか？横から見るか？篇」
Sougen no Ko Tenguri		Tenguri
Sougen no Shoujo Laura	Laura	草原の少女ローラ
Sougiya to Inu	The Undertaker and the Dog	
Sougou Medical Koushiki		
Souhaku Shisuferia		
Souiu Megane	Well	そういう眼鏡
Soujuu Senshi Psychic Wars	Psychic Wars	
Soukan Rensa	Secret Sex Stories	
Soukan Yuugi	Sexual Pursuit	
Soukan Yuugi 2	Sexual Pursuit 2	
Soukihei MD Geist		M.D. Geist
Soukou Kihei Votoms	Armored Trooper Votoms	Soko Kihei Votoms
Soukou Kihei Votoms Recaps	Armored Trooper Votoms Recaps	Soukou Kihei Votoms: Woodo-hen
Soukou Kihei Votoms: Big Battle	Armored Trooper Votoms: Big Battle	
Soukou Kihei Votoms: Case; Irvine	Armored Trooper Votoms: Case; Irvine	
Soukou Kihei Votoms: Gen-ei Hen	Armored Trooper Votoms: Phantom Arc	
Soukou Kihei Votoms: Kakuyaku taru Itan		Armored Trooper Votoms: The Defrost
Soukou Kihei Votoms: Koei Futatabi	Armored Trooper Votoms: Alone Again	Soko Kihei Votoms: Koei Futatabi
Soukou Kihei Votoms: Pailsen Files		Armored Trooper Votoms: Pailsen Files
Soukou Kihei Votoms: Pailsen Files the Movie		Soukou Kihei Votoms: Pailsen Files - Gekijouban
Soukou Kihei Votoms: Red Shoulder Document - Yabou no Roots	Armored Trooper Votoms: Red Shoulder Document - Roots of Treachery	Armored Trooper Votoms: Red Shoulder Document - Yabo no Roots
Soukou Kihei Votoms: The Last Red Shoulder	Armored Trooper Votoms: The Last Red Shoulder	
Soukou Kihei Votoms: Vol.1 Stories of the &#039;A.T. Votoms&#039;		Armored Trooper Votoms: Vol.1 Stories of the &#039;A.T. VOTOMS&#039;
Soukou Kihei Votoms: Vol.2 Highlights of the &#039;A.T. Votoms&#039;		Armored Trooper Votoms: Vol.2 Highlights of the &#039;A.T. Votoms&#039;
Soukou Kijo Iris		Soukoukijo Iris
Soukou Kijo Iris Special		Soukoukijo Iris: Bonus Video
Soukou Kyojin Z-Knight		Soukou Kyoshin Z-Knight
Soukou Musume		Armored Girls
Soukou no Strain	Strain: Strategic Armored Infantry	
Soukyuu no Fafner: Arcadian Memory	Fafner of the Blue Sky: Arcadian Memory	Soukyuu no Fafner: Arcadian Memory I - Tsuioku no Rakuen
Soukyuu no Fafner: Dead Aggressor	Fafner of the Blue Sky	Fafner in the Azure: Dead Aggressor
Soukyuu no Fafner: Dead Aggressor - Exodus		
Soukyuu no Fafner: Dead Aggressor - Exodus 2nd Season		
Soukyuu no Fafner: Dead Aggressor - Exodus Special		
Soukyuu no Fafner: Dead Aggressor - Heaven and Earth		
Soukyuu no Fafner: Dead Aggressor - The Beyond		
Soukyuu no Fafner: Right of Left - Single Program		Fafner in the Azure 2
Soul Buster	Soul Buster	Shi Ling Yanwu
Soul Eater	Soul Eater	
Soul Eater NOT!		SEN!
Soul Eater: Late Night Show		
Soul Link		
Soul Link Picture Drama		
Soul Link Special		Soul Link Tokubetsu Kaisou-hen: Cellaria / Nanami
Soul Reviver		
Soul Worker: Your Destiny Awaits		
Soumubu Sououka Yamaguchi Roppeita: Saibanin Project Hajimemasu!		
Souryo to Majiwaru Shikiyoku no Yoru ni...		
Souryuuden	Legend of the Dragon Kings	Sohryuuden: Legend of the Four Kings
Sousei Kishi Gaiarth		Genesis Survivor Gaiarth
Sousei no Aquarion	Aquarion	Genesis of Aquarion
Sousei no Aquarion Evol		Sousei no Aquarion Love
Sousei no Aquarion OVA		Genesis of Aquarion OVA
Sousei no Onmyouji	Twin Star Exorcists	
Souseiki	The Genesis	
Sousha wa Tada Senaka to Teikin de Kataru Nomi		Irodorimidori
Soushi Souai: Junai Mellow yori		
Soushin Shoujo Matoi	Matoi the Sacred Slayer	
Soushin Shoujo Matoi: Kabushiki Gaisha Knight Busters		Matoi the Sacred Slayer Episode 13
Soushin Shoujo Matoi: Yuma-chin	 Matomemashita - Nanimo Kitenakute... Natsu	「装神少女まとい」特別編「ゆまちん、まとめました～何も着てなくて…夏～」
Soushisouai Note The Animation		
Soushitsukyou	Soushitsukyou	Soshitsukyo
Souta no Chikai: Sabetsu ni Makenai Chikara		
Soutai Sekai		
Souten Kouro	Beyond the Heavens	Soten Koro
Souten no Ken	Fist of the Blue Sky	
Souten no Ken Re:Genesis		Souten no Ken 2
Souten no Ken Re:Genesis 2nd Season		Fist of the Blue Sky: Re:Genesis 2nd Season
Souten no Ken Specials		Fist of the Blue Sky
Souya Monogatari		Soya Monogatari
Sowa Sowa Calendar		Sowasowa Calendar
Space Adventure Cobra	Space Adventure Cobra: The Movie	Cobra Gekijouban
Space Bug		
Space Cobra	Space Adventure Cobra	
Space Cobra Pilot		Space Adventure Cobra Pilot
Space Fantasia 2001 Nights		Space Fantasia 2001 Yoru Monogatari
Space Gundam V		
Space Neko Theater	Space Neko Theater	
Space Oz no Bouken	The Wonderful Galaxy of Oz	The Adventures of Space Oz
Space Pirate Captain Herlock: Outside Legend - The Endless Odyssey		Space Pirate Captain Herlock: The Endless Odyssey
Space Station No.9		
Space Travelers The Animation	Space Travelers	Space Travelers The Movie
Spaceship Agga Ruter	Spaceship Agga Ruter	Space Ofera Agga Ruter
Space☆Dandy	Space Dandy	
Space☆Dandy 2nd Season	Space Dandy 2nd Season	Space☆Dandy Second Season
Space☆Dandy 2nd Season Picture Drama		
Space☆Dandy Picture Drama		Space Dandy Picture Drama
Spacy		
Sparrow&#039;s Hotel	Sparrow&#039;s Hotel	
Special A	Special A (S.A)	S.A.
Spectral Force		
Spectral Force Chronicle Divergence		
Speed		Kousoku Shakai to Ningen
Speed Grapher	Speed Grapher	
Spelunker Sensei	Spelunker Is a Teacher	
Spheres		스피어즈
Spicy Swingy Style	Spicy Swingy Style	Irodorimidori
Spider Riders: Oracle no Yuusha-tachi	Spider Riders	Spider Riders: The Heroes of Oracle
Spider Riders: Yomigaeru Taiyou	Spider Riders: Resurrected Sun	
Spiral Over		
Spiral: Suiri no Kizuna	Spiral: Bond of Reasoning	
Spirit of Wonder: China-san Tanpenshuu	Spirit of Wonder: China-san Short Stories	Scientific Boys Club
Spirit of Wonder: China-san no Yuuutsu		China-san no Yutsu ~ The Spirit of Wonder
Spirit of Wonder: Shounen Kagaku Club		Spirit of Wonder: Scientific Boys Club
Spo-chan Taiketsu: Youkai Daikessen		
Spocon!		Sportswear Complex
Spoon Oba-san	Spoon Oba-san	Mrs. Pepperpot
Spoon-hime no Swing Kitchen		
Spotlight	Spotlight	Between the Realms of Desire & Envy
Spriggan	Spriggan	
Spring Stranger		
Spring has come!	Spring has come!	
Sprite: Between Two Worlds	Sprite: Between Two Worlds	Manami & Nami Sprite
Spy Gekimetsu		Spy Destruction
Spy Penguin	Spy Penguin	
Spy Penguin (ONA)	Spy Penguin	
Spy Penguin (ONA): White Christmas	Spy Penguin: White Christmas	
Stainless Night		
Stairs: Houkago no Album		
Stand By Me Doraemon		Stand By Me Doraemon
Star Beat!: Hoshi no Kodou		BanG Dream!
Star Driver the Movie		
Star Driver: Kagayaki no Takuto	Star Driver	STAR DRIVER: Shining Takuto
Star Dust		
Star Fox Zero: The Battle Begins		
Star Ocean EX	Star Ocean EX	
Star Ocean: Anamnesis	Star Ocean: Anamnesis	
Star Wars/Force no Kakusei	Star Wars: The Force Awakens	
Star Wars: Saigo no Jedai - Tokubetsu Eizou		Star Wars: The Last Jedi
Starless: 21st Century Nymphomaniacs		
Starlight Scramble Renai Kouhosei		Starlight Scramble Ren&#039;ai Kouhosei
Starly Girls: Episode Starsia		Hoshi Musume
Starmyu	Starmyu	Koukou Hoshi Kageki
Starmyu 2nd Season		Koukou Hoshi Kageki 2nd Season
Starmyu 2nd Season Special		Koukou Hoshi Kageki 2nd Season Special
Starmyu 3rd Season		Koukou Hoshi Kageki 3rd Season
Starmyu OVA		Koukou Hoshi Kageki OVA
Starmyu OVA (2018)		Koukou Hoshi Kageki
Starry Tales: Seiza wa Toki wo Koete		
Starry☆Sky		
Starship Operators		
Starship Troopers: Invasion		
Starship Troopers: Traitor of Mars	Starship Troopers: Traitor of Mars	
Star☆Jewel		
Star☆Jewel Gaiden: Natsumi Oblivion		Star☆Jewel Special
Stay the Same		
Steady x Study		
Steamboy	Steamboy	
Steins;Gate	Steins;Gate	
Steins;Gate 0		Steins
Steins;Gate 0 OVA		Steins
Steins;Gate Movie: Fuka Ryouiki no Déjà vu	Steins;Gate: The Movie − Load Region of Déjà Vu	Steins Gate Movie
Steins;Gate: Kyoukaimenjou no Missing Link - Divide By Zero		Steins Gate: Episode 23 (β)
Steins;Gate: Oukoubakko no Poriomania	Steins;Gate: Egoistic Poriomania	Steins
Steins;Gate: Soumei Eichi no Cognitive Computing		
Stella Jogakuin Koutou-ka C³-bu	Stella Women&#039;s Academy	ステラ女学院高等科C³部（しーきゅーぶ）
Stella no Mahou	Magic of Stella	
Stella no Mahou Specials		Magic of Stella
Stereo	STEREO	ohashiTrio
Still	Still	Irodorimidori
Stitch to Suna no Wakusei	Stitch and the Planet of Sand	
Stitch!	Stitch!	
Stitch! Perfect Memory		
Stitch!: Itazura Alien no Daibouken		Stitch! 2
Stitch!: Itazura Alien no Daibouken - Uchuu Ichi no Oniichan	Son of Sprout	Brother of the Universe
Stitch!: Piko Kara no Chousenjou		Stitch! Special
Stitch!: Zutto Saikou no Tomodachi		Stitch! 3
Stitch!: Zutto Saikou no Tomodachi Special		Stitch! Best Friends Forever Special
Stone		
Stone Age	Stone Age	
Stone Age Episode 0	Stone Age	Stone Age: Jeonseol-ui Pes-eul Chaj-aseo
Stop!! Hibari-kun!		
Storywriter		Story Writer
Strait Jacket		
Strange Dawn		
Strange+		Strange Plus
Strange+ Special		Strange Plus Episode 13
Stranger: Mukou Hadan	Sword of the Stranger	
Stranger: Mukou Hadan Pilot	Sword of the Stranger Pilot	
Stratos 4		
Stratos 4 Advance		
Stratos 4 Advance Kanketsu-hen		
Stratos 4 OVA		
Stratos 4 OVA: Stratos 4.1 - Dutch Roll		
Stratos 4: Logbook		
Stratosphera no Yousei	Nymphs of the Stratosphere	Stratosphere no Yosei
Straw Byururu		Byururu to Mahou no Straw Theater
Straw-saurus Neo	Straw-saurus NEO	Strawsaurus NEO
Strawberry Panic	Strawberry Panic	
Stray Sheep: Poe no Chicchana Daibouken		
Street Fighter Alpha: Generations	Street Fighter Alpha: Generations	Street Fighter Zero 2
Street Fighter II Movie	Street Fighter II: The Animated Movie	
Street Fighter II V	Street Fighter II: The Animated Series	Street Fighter 2 V
Street Fighter II: Yomigaeru Fujiwara-Kyou - Toki wo Kaketa Fighter-tachi		Street Fighter II: Return to the Fujiwara Capital
Street Fighter IV: Aratanaru Kizuna	Street Fighter IV: The Ties That Bind	Street Fighter IV
Street Fighter Zero The Animation	Street Fighter Alpha: The Movie	
Stretta The Animation		
Strike Witches	Strike Witches	Strike Witches TV
Strike Witches 2	Strike Witches 2	
Strike Witches Movie	Strike Witches The Movie	
Strike Witches OVA		
Strike Witches: Operation Victory Arrow		
Strike the Blood	Strike the Blood	SutoBura
Strike the Blood II	Strike the Blood Second	
Strike the Blood III		Strike the Blood Third
Strike the Blood: Valkyria no Oukoku-hen	Strike the Blood: Kingdom of the Valkyria	Strike the Blood OVA
Stringendo+Accelerando Ultimatum Sera		
Stringendo: Angel-tachi no Private Lesson	Stringendo	
Strobe Light		
Studio Khara vs. CyberConnect2 Gachinko! Animation Taiketsu!		Studio Khara vs. CyberConnect2 Compete! Animation Showdown!
Suashi no Houkago		Classmate
Subarashii Sekai	The Wonderful World	
Subarashii Sekai Ryokou: Alaska no Tabi Daigo Hyougaki		Subarashii Sekai Ryoko: Alaska no Tabi: Oaigo Hyogaki
Subarashii Sekai Ryokou: New York Tabi Computopia Seireki Nisennen no Monogatari		Wonderful World Travel
Subete ga F ni Naru: The Perfect Insider	The Perfect Insider	Everything Becomes F: The Perfect Insider
Submarine 707R	Submarine 707R	Submarine 707 Revolution
Submarine Super 99		
Succubu-ist Story The Animation		Succuba Mist Story
Such a Good Place to Die	Such a Good Place to Die	
Sue Cat		
Sugai-kun to Kazoku Ishi	Sguy and the Family Stone	
Sugai-kun to Kazoku Ishi The Movie	Sguy and the Family Stone the Movie	
Sugar Bunnies	Sugar Bunnies	
Sugar Bunnies Chocolate!		Sugar Bunnies 2
Sugar Bunnies Chocolate! Specials		Sugar Bunnies Chocolate! ep 27
Sugar Bunnies Fleur		Sugar Bunnies 3
Sugar Bunnies Fleur Specials		Sugar Bunnies Fleur ep 27
Sugar Bunnies: Taisetsu na Tomodachi e...		Sugar Bunnies ep 27
Sugar Sugar Rune	Sugar Sugar Rune	Chocola et Vanilla - Sugar Sugar Rune
Sugar*Soldier		Sugar Soldier
Sugata Sanshirou	Judo Story	Sanshiro the Judoist
Sugio: Mori de Koi wo Shite		
Suhoyojeong Michel	Michel	Guardian Fairy Michel
Suicide Ballad	The Ballad of Suicide	
Suijungenten​	Datum Point	Suijun-genten
Suika	Wet Summer Days	
Suika: Manatsu no Okurimono		Suika Special
Suiren no Hito	Nostalgia	Water Lily Person
Suisei	Aquatic	
Suisei no Gargantia	Gargantia on the Verdurous Planet	Suisei no Galgantia
Suisei no Gargantia Specials	Gargantia on the Verdurous Planet: Specials	Suisei no Gargantia Episode 14
Suisei no Gargantia: Meguru Kouro	 Haruka	翠星のガルガンティア～めぐる航路、遥か～
Suisenzuki no Yokka		The Fourth of the Narcissus Month
Suishou no Yoru: Aoi Kokuhaku yori		
Suite Precure♪		Suite Pretty Cure♪
Suite Precure♪ Movie: Torimodose! Kokoro ga Tsunaku Kiseki no Melody♪		Eiga Suite Pretty Cure♪: Torimodose! Kokoro ga Tsunaku Kiseki no Merodi♪
Sukeban Deka	Delinquent Detective	
Sukeban Shoukai Cutie Lemon		
Suki Desu Suzuki-kun!!		I Love You
Suki da yo!		I Love You
Suki de Suki de	 Suki de The Animation	好きで好きで
Suki na Mono wa Suki Dakara Shou ga Nai!!	Sukisho	Sukisyo
Suki na Mono wa Suki Dakara Shou ga Nai!!: Onsen ni Ikou!		Suki na Mono wa Suki Dakara Shou ga Nai!! Episode 13
Suki ni Naru Sono Shunkan wo.: Kokuhaku Jikkou Iinkai	The Moment You Fall in Love	HoneyWorks: Kokuhaku Jikkou Iinkai
Sukima no Kuni no Polta		A Country Between the World
Sukitte Ii na yo.	Say I Love You.	Suki-tte Ii na yo.
Sukitte Ii na yo.: Dareka ga		Suki-tte Ii na yo. OVA
Sukitte Ii na yo.: Mei and Marshmallow	Say I Love You.: Mei and Marshmallow Meow	Sukitte Ii na yo. Specials
Sukoyaka Oyako 21 x Taka no Tsume Dan		Eagle Talon
Sukui Agete Kurenai ka		
Sumeba Miyako no Cosmos-sou Suttoko Taisen Dokkoida	Dokkoida?!	Sumeba Miyako no Cosmos-sou Suttoko Taisen Dokkoida
Sumiko		
Sumiko (TV)		
Sumiko no Egao		Sumiko&#039;s Smile
Summer Train!		Natsu ga Zoku Zoku! Natsu Kazoku! Summer Train!
Summer Wars	Summer Wars	
Sumomomo Momomo: Chijou Saikyou no Yome		Sumomomo Momomo: The World&#039;s Strongest Bride
Sumomomo Momomo: Chijou Saikyou no Yome Specials		
Sun Set Sun		
Suna Asobi		Sand Play
Suna no Bara: Yuki no Mokushiroku		Desert Rose
Suna no Wakusei feat. Hatsune Miku	DUNE feat. Hatsune Miku	Sand Planet feat. Hatsune Miku
Sunabouzu	Desert Punk	Sunabozu
Sunoharasou no Kanrinin-san	Miss caretaker of Sunohara-sou	
Suntory CMs		
Suntory Minami Alps no Tennen Mizu		Kimi no Na wa.
Super Backkom	Super Bernard	
Super Bikkuriman		Super Phoenix
Super Child		Superkid
Super Danganronpa 2.5: Komaeda Nagito to Sekai no Hakaimono		Super Danganronpa 2.5: Nagito Komaeda and the Destroyer of the World
Super Doll Licca-chan		
Super Doll Licca-chan: Licca-chan Zettai Zetsumei! Doll Knights no Kiseki		Super Doll Liccachan: Rika-chan&#039;s Desperate Situation! The Doll Knights&#039; Miracle
Super Erotic Anime		Madonna Kimochi ii Koto Shite Kudasai
Super Fishing Grander Musashi		Musashi the Great
Super GALS! Kotobuki Ran	Super GALS!	
Super Kuma-san		Mr. Super Bear
Super Lovers	Super Lovers	
Super Lovers 2	Super Lovers 2	Super Lovers Second Season
Super Lovers OVA		
Super Majingga 3		Raiders of Galaxy
Super Mario Brothers: Peach-hime Kyuushutsu Daisakusen!	Super Mario Brothers: Great Mission to Rescue Princess Peach	Super Mario Brothers: Peach-hime Kyuushutsu Dai Sakusen
Super Mario World: Mario to Yoshi no Bouken Land		Super Mario World: Mario & Yoshi&#039;s Adventure Land
Super Mario no Shouboutai		
Super Milk-chan	Super Milk-Chan	The Super Milk Show
Super Real Mahjong: Kasumi Miki Shouko no Hajimemashite		
Super Real Mahjong: Mahjong Battle Scramble - Konran-teki Sento Mahjong		
Super Robot Taisen OG The Animation	Super Robot Wars Original Generation: The Animation	Super Robot Taisen Original Generation - The Animation
Super Robot Taisen OG: Divine Wars	Super Robot Wars The Original Generation: The Divine Wars	Super Robot Wars OG: Divine Wars
Super Robot Taisen OG: Divine Wars Special	Super Robot Wars Original Generation: Divine Wars Special	Super Robot Taisen Original Generation: Divine Wars Special
Super Robot Taisen OG: The Inspector	Super Robot Wars OG: The Inspector	Super Robot Taisen Original Generation: The Inspector
Super Samchongsa		Super Three Musketeers
Super Seisyun Brothers		SSB
Super Short Comics		
Super Speed		
Super Street Fighter IV		
Super Taromu		Supataromu
Super Teukgeup Mazinger 7	Protectors of Universe	Masters of the Future
Super Titans 15		
Super Zugan		
Superflat First Love		
Superflat Monogram		
Supernatural The Animation		Supernatural: The Anime Series
Surf Side High-School		Surfside High School
Surprise 4 U.		
Survival		Glay: Survival
Survivor		
Sushi Azarashi		Sushi Seal
Sushi Ninja		
Sushi Police		
Susie-chan to Marvy	Little Susie and Marvy	Susie-chan & Marvy
Susume	 Karolina.	すすめ
Susume! Gachimuchi Sankyoudai		
Susume! Godzilland	Recommend! Godzilland	
Susume! Shinji-kun		Minna no Uta
Suteki Tantei Labyrinth	Fantastic Detective Labyrinth	Lovely Detective Labyrinth
Suteki desu wa	 Sakura-chan! Tomoyo no Cardcaptor Sakura Katsuyaku Video Nikki!	すてきですわ、さくらちゃん!　知世のカードキャプターさくら活躍ビデオ日記!
Suteneko Tora-chan		Abandoned Cat Little Tora
Suzakinishi The Animation		Suzaki Nishi
Suzu 3 Tarou		Suzu Santarou
Suzuka	Suzuka	
Suzume no Oyado	The Sparrows&#039; Lodge	
Suzumiya Haruhi no Shoushitsu	The Disappearance of Haruhi Suzumiya	The Vanishment of Haruhi Suzumiya
Suzumiya Haruhi no Yuuutsu	The Melancholy of Haruhi Suzumiya	Suzumiya Haruhi no Yuuutsu
Suzumiya Haruhi no Yuuutsu (2009)	The Melancholy of Haruhi Suzumiya Season 2	Suzumiya Haruhi no Yuutsu (2009)
Suzumiya Haruhi-chan no Yuuutsu	The Melancholy of Haruhi-chan Suzumiya	Suzumiya Haruhi-chan no Yuutsu
Suzy&#039;s Zoo: Daisuki! Witzy		
Suzy&#039;s Zoo: Daisuki! Witzy - Happy Birthday		Suzy&#039;s Zoo: Daisuki! Witzy Special
Swamp Stamp Anime Edition		
Swan	Swan	Nabowa
Sweat Punch	Sweat Punch	Deep Imagination
Sweet Home: H na Oneesan wa Suki Desu ka?		Sweet Home: H na Onee-san wa Suki Desu ka?
Sweet Spot		
Sweet Valerian		Sweet Valerians
Sweet Valerian Specials		
Swimming		
Swing Out Sisters		
Swing Out Sisters (2014)		Swing Out Sisters Complete Edition
Switch		
Sword Art Online	Sword Art Online	S.A.O
Sword Art Online Alternative: Gun Gale Online		SAO Alternative Gun Gale Online
Sword Art Online Alternative: Gun Gale Online - Refrain		Sword Art Online Alternative: Gun Gale Online Recap
Sword Art Online Fatal Bullet: The Third Episode	Sword Art Online Fatal Bullet -The Third Episode-	
Sword Art Online Fatal Bullet: The Third Episode - Pilot-ban		
Sword Art Online II	Sword Art Online II	Phantom Bullet
Sword Art Online II: Debriefing	Sword Art Online II: Debriefing	Sword Art Online II Episode 14.5
Sword Art Online II: Sword Art Offline II		SAO 2 Specials
Sword Art Online Movie: Ordinal Scale	Sword Art Online the Movie -Ordinal Scale-	Gekijouban Sword Art Online
Sword Art Online Movie: Ordinal Scale - Sword Art Offline		
Sword Art Online: Alicization		
Sword Art Online: Extra Edition	Sword Art Online: Extra Edition	S.A.O: Extra Edition
Sword Art Online: Sword Art Offline		Sword Art Online Specials
Sword Art Online: Sword Art Offline - Extra Edition		SAO Special
Sword Gai		Sword Gai 3DCG Promotional Movie
Sword Gai: The Animation		
Sword Gai: The Animation Part II		
Sword of Phantasia		
Sylvanian Families	Sylvanian Families - Magic Tricks And Other Adventures	
Sylvanian Families Mini Gekijou: Omoigakenai Okyakusama		
Sylvanian Families: Mini Story		
Symphonic Variations		Minna no Uta
Syupeo Taegwon V		Super Taekwon V
