I Love Picnic		Backkom
I Love Sky		Backkom
I My Me! Strawberry Eggs	I My Me! Strawberry Eggs	Ai Mai Mi ! Strawberry Egg
I Was King		ONE OK ROCK
I&#039;&#039;s	I&#039;&#039;s	From I&#039;&#039;s
I&#039;&#039;s Pure	I&#039;&#039;s Pure	I&#039;&#039;s OVA
I&#039;&#039;s Pure Bonus	I&#039;&#039;s Pure Bonus	I&#039;&#039;s OVA Bonus
I&#039;ll/CKBC	I&#039;ll/CKBC	I&#039;ll / Crazy KOUZU Basketball Club
I&#039;m Coming	I&#039;m Coming	Pa&#039;s Lam System: I&#039;m Coming
I&#039;m Here with You		Minna no Uta
I: Wish You Were Here	Zaion: I Wish You Were Here	Anata ga Koko ni Itehoshii
ID-0	ID-0	
IDOLiSH7	IDOLiSH7	Idolish Seven
IDOLiSH7 Tokubetsu Bangumi: Kimi to Furikaeranaito!		Idolish Seven Recap
IDOLiSH7 Vibrato		Idolish Seven
IGPX: Immortal Grand Prix		
IGPX: Immortal Grand Prix (2005)	IGPX: Immortal Grand Prix	
IGPX: Immortal Grand Prix (2005) 2nd Season	IGPX: Immortal Grand Prix	
IRoid: Koi no Yuukou Frontier		IR-oid
IS: Infinite Stratos	Infinite Stratos	IS
IS: Infinite Stratos 2	Infinite Stratos 2	
IS: Infinite Stratos 2 - Hitonatsu no Omoide		IS: Infinite Stratos 2 Long Vacation Edition - The Memories of One Summer
IS: Infinite Stratos 2 - Infinite Wedding		
IS: Infinite Stratos 2 - World Purge-hen		
IS: Infinite Stratos Encore - Koi ni Kogareru Rokujuusou		IS: Infinite Stratos Encore - Koi ni Kogareru Sextet
Ibara no Ou	King of Thorn	Ibara no Oh
Ibara-Hime matawa Nemuri-Hime	Briar-Rose or The Sleeping Beauty	Sleeping Beauty
Iblard Jikan		Iblard Time
Ice		ICE: The Last Generation
Ice Fist	Ice Fist	Vampillia
Ice Movie		Ice Gekijouban
Ichi-gan Kuni		
Ichiban Chikaku ni		
Ichiban Ushiro no Daimaou	Demon King Daimao	Ichiban Ushiro no Dai Mao
Ichiban Ushiro no Daimaou Specials		Mo Hitotsu Omake no Daimaou
Ichiendama no Tabigarasu		Minna no Uta
Ichigatsu ni wa Christmas	Christmas in January	
Ichigeki Sacchuu!! Hoihoi-san		Hoi Hoi-san
Ichigeki Sacchuu!! Hoihoi-san: Legacy		
Ichigo 100%	Strawberry 100%	Ichigo 100%
Ichigo 100% OVA	Ichigo 100% Original DVD Animation	
Ichigo 100% Special 2	Strawberry 100%	
Ichigo 100%: Koi ga Hajimaru?! Satsuei Gasshuku - Yureru Kokoro ga Higashi e Nishi e		Ichigo 100%: Jump Festa 2004 Special
Ichigo Chocola Flavor	Strawberry Chocolate Flavor	Ichigo Chocolat Flavor
Ichigo Ichie: Kimi no Kotoba		
Ichigo Ichie: Koibana Tomobana		
Ichigo Mashimaro	Strawberry Marshmallow	
Ichigo Mashimaro Encore	Strawberry Marshmallow Encore	Ichigo Mashimaro OVA 2
Ichigo Mashimaro Episode 0		Strawberry Marshmallow Prologue
Ichigo Mashimaro OVA	Strawberry Marshmallow OVA	
Ichimai no Etegami		
Ichinen Buri no The Animation		
Ichinen Ikkumi		1 Nen 1 Kumi
Ichirin-sha		Ichirinsha
Iczer-Girl Iczelion	Iczelion	Sen-shoujo Iczelion
Idaten Jump	Idaten Jump	
Idea ga Tsukamaranai.	Uncapturable Ideas	
Idol Ace	Idol Ace	Idol Ace Teaser
Idol Bouei-tai Hummingbird	Hummingbirds	Idol Defense Force Hummingbird
Idol Densetsu Eriko		Legendary Idol Eriko
Idol Fight Suchie-Pai 2	Idol Fighter Su-Chi-Pai	Idol Fight Suchie-Pai
Idol Jihen	Idol Incidents	
Idol Kouhosei		
Idol Kyousei Sousa		
Idol Memories		
Idol Project		
Idol Tenshi Youkoso Youko	Idol Angel Welcome Yoko	
Idol Time PriPara		
Idol☆Sister		Katekano: Idol Sister
Ie Naki Ko		Remi
Ie Naki Ko (Movie)		Nobody&#039;s Boy: Remi
Ie Naki Ko Remy	Sans Famille	Ie Naki Ko Rémi
Ie Naki Ko Remy Specials		Ie Naki Ko Rémi Specials
Ie Naki Ko Remy Specials (2001)		Ie Naki Ko Rémi Specials (2001)
Ienai Koto The Animation		
Igano Kabamaru		Iga no Kabamaru
Ihatov Gensou: Kenji no Haru	Spring and Chaos	Kenji&#039;s Spring
Iinari! Saimin Kanojo		
Iizuka-senpai x Blazer: Ane Kyun! yori The Animation		
Ijigen Gattai Mojibakeru Z		
Ijime Juuyon-sai no Message		
Ijime Stop! Kintarou Kokoro Chikaramochi		
Ijime wa Zettai Warui!		
Ijime: Ikenie no Kyoushitsu		
Ijimekko Ookami to Nana-chan		
Ijiwaru Baasan		Bullying Grandmother
Ijiwaru Baasan (1996)		Granny Mischief
Ijoku	Medical Humiliation	
Ijou Chitai: Jikken Dorei		
Ike! Ina-chuu Takkyuubu	The Ping-Pong Club	Go! Ina Junior High Ping-Pong Club
Ikedaya Soudou	Commotion at Ikedaya	
Ikeike! Momon-chan		Go
Ikeike! Momon-chan Specials		Go
Ikemen Kyuugo-tai Nurse Angels		Ikemen Kyuugotai Nurse Angels
Ikemen Sengoku: Toki wo Kakeru ga Koi wa Hajimaranai	Ikemen Sengoku: Bromances Across Time	
Ikenai Boy		
Ikenai Boy: Ikasu Maruhi Hand Power		
Ikenai Koto The Animation		
Ikenie		Sins of the Flesh
Iketeru Futari		Cool Couple
Ikezu	Mean	Otoboke Beaver: Ikezu
Ikinari Dagon		Dagon In The Lands Of Weeds
Ikite Iru		
Ikiteirutte Subarashii!		
Ikitemasu	 15-sai.	生きてます、15歳。
Ikkitousen	Ikki Tousen	Ikki-Tosen: Legendary Fighter
Ikkitousen: Dragon Destiny	Ikkitousen: Dragon Destiny	Ikkitosen Season 2
Ikkitousen: Dragon Destiny Specials		Ikkitousen Dragon Destiny OVA
Ikkitousen: Extravaganza Epoch		Ikki Tousen: Extravaganza Epoch
Ikkitousen: Great Guardians		
Ikkitousen: Great Guardians Specials		Ikkitousen: Great Guardians OVA
Ikkitousen: Shuugaku Toushi Keppuuroku		Ikki Tousen in Kyoto
Ikkitousen: Xtreme Xecutor		Ikkitousen XX
Ikkitousen: Xtreme Xecutor Specials		Ikkitousen XX Yume Rokkei
Ikkyuu Nyuukon	Only My Oppai Soul	
Ikkyuu-san	Ikkyu the Little Monk	Mister Ikkyu
Ikkyuu-san (1978)		Ikkyu-san
Ikkyuu-san to Yancha Hime		Ikkyu-san and the Mischievous Princess
Ikkyuu-san: Haru Da! Yancha Hime		Ikkyuu-san: It&#039;s Spring! Mischievous Princess
Ikkyuu-san: Ooabare Yancha-hime		
Ikoku Irokoi Romantan		The Romantic Tale of a Foreign Love Affair
Ikoku Meiro no Croisée Picture Drama	La croisée dans un labyrinthe étranger Picture Drama	Ikoku Meiro no Croisée The Animation Picture Drama
Ikoku Meiro no Croisée The Animation	Croisée in a Foreign Labyrinth The Animation	Ikoku Meiro no Croisee The Animation
Ikoku Meiro no Croisée The Animation: Ongakkai Récital	La croisée dans un labyrinthe étranger Special	Ikoku Meiro no Croisée The Animation Special
Ikoku Meiro no Croisée: Yune & Alice	La croisée dans un labyrinthe étranger: Yune & Alice	Ikoku Meiro no Croisée The Animation: Yune & Alice
Ikoku na Retro		
Ikusa Otome Suvia		
Ikusa Otome Suvia Special		Ikusa Otome Suvia Bonus Video
Ikusa Otome Valkyrie	Ride of the Valkyrie	
Ikusa Otome Valkyrie 2		
Ikusa Otome Valkyrie G		
Ikusa Otome Valkyrie Shinshou		
Ikusa Otome Valkyrie Specials		
Ikuze! Gen-san		Ikuze Gensan
Ima	 Futari no Michi	今、ふたりの道
Ima	 Soko ni Iru Boku	 Here and There
Ima demo Senchou to Yobarete iru Senchou no Yoru		Minna no Uta
Ima no Watashi ni Dekiru Koto...		
Imakara Atashi......		
Imako System		
Imawa no Kuni no Alice		Alice in Borderland
Imawa no Kuni no Alice (OVA)		Alice in Borderland
Imbalance Girl		
Immoral		
Imokawa Mukuzo: Chuugaeri no Maki		Imokawa Mukuzo: Somersault
Imokawa Mukuzo: Genkanban no Maki		The Story of the Concierge Mukuzo Imokawa
Imouto	Sex Exchange (1)	
Imouto Bitch ni Shiboraretai		
Imouto Jiru	Younger Sister Juice	Imoutojiru
Imouto Paradise!		
Imouto Paradise! 2		
Imouto Paradise! 3 The Animation		
Imouto Twins	Sex Exchange (2)	
Imouto de Ikou!	Forbidden Love	Plenty of Pretty Sisters
Imouto sae Ireba Ii.	A Sister&#039;s All You Need	It&#039;d be Good if Only Little Sister Was Here
Imouto sae Ireba Ii. (ONA)		
Imouto sae Ireba Ii. (ONA) Specials		
Imouto to Sono Yuujin ga Ero Sugite Ore no Kokan ga Yabai		
Implicity		
In Search of Axis	In Search of Axis	In Search of New Axis
In no Houteishiki	Immorality	Equation of the Immoral
InaDan Movie x Mameshiba Collab CM		Gekijou-ban Inazuma Eleven Go and Danball Senki W X Mameshiba Collab CM
Inaba no Kuni no Usagi-san	The Hare in Inaba	
Inagawa Junji no Sugo: Ku Kowai Hanashi		Inagawa Junji&#039;s Very Scary Stories
Inaka Isha	Franz Kafka&#039;s A Country Doctor	Kafka Inaka Isha
Inaka Nezumi to Machi Nezumi		
Inakappe Taishou	General Inakappe	The Funny Judo Champion
Inamuranohi		
Inari	 Konkon	 Konkon
Inari	 Konkon	Inari Kon Kon
Inazma Delivery	Inazma Delivery	
Inazma Delivery: Dougyousha Attack-hen		
Inazuma Eleven		
Inazuma Eleven Go		
Inazuma Eleven Go vs. Danball Senki W Movie		Gekijouban Inazuma Eleven Go vs Danball Senki W
Inazuma Eleven Go: Chrono Stone		
Inazuma Eleven Go: Galaxy		
Inazuma Eleven Go: Kyuukyoku no Kizuna Gryphon		Gekijouban Inazuma Eleven GO: Kyuukyoku no Kizuna Gryphon
Inazuma Eleven Go: TCG CM NG-shuu		Inazuma Eleven Go: Trading Card Game CM NG-shuu
Inazuma Eleven Go: Tokubetsu-hen		Inazuma Eleven Go Special - Ideyo! Keshin Daizukan
Inazuma Eleven Reloaded: Reformation of Soccer		
Inazuma Eleven x Kaitou Gru no Tsuki Dorobou		Inazuma Eleven x Despicable Me CM&#039;s
Inazuma Eleven: Ares no Tenbin		
Inazuma Eleven: Chou Jigen Dream Match		
Inazuma Eleven: Outer Code		
Inazuma Eleven: Saikyou Gundan Ogre Shuurai		Gekijouban Inazuma Eleven: Saikyou Gundan Ogre Shuurai
Inbaku Gakuen	School of Bondage	School of Masochists
Inbo	The Sleazy Family (1)	
Inda no Himekishi Janne		Inda no Himekishi Janne The Animation
Indie Anibox: Selma Danbaekjil Coffee	Indie Anibox: Selma&#039;s Protein Coffee	Wanted
Inemuri Buu-chan		The Little Red Hen
Inferious Wakusei Senshi Gaiden Condition Green		Condition Green
Inferno Cop		
Inferno Cop 2nd Season		
Inferno Cop Specials		Inferno Cop Sequel
Inferno Cop: Fact Files	Inferno Cop: Fact Files	
Infini-T Force		
Infini-T Force Movie: Gatchaman - Saraba Tomo yo		Gekijouban Infini-T Force
Ingoku Byoutou	Rxxx: Prescription for Pain	Obscene Prison Ward
Ingress		
Inishie no Megami to Houseki no Ite		
Initial D Battle Stage		
Initial D Battle Stage 2		
Initial D Extra Stage		
Initial D Extra Stage 2	Initial D Extra Stage 2	Initial D: Extra Stage 2: Tabidachi no Green
Initial D Fifth Stage		
Initial D Final Stage		
Initial D First Stage	Initial D First Stage	ID
Initial D Fourth Stage		Initial D 4th Stage
Initial D Second Stage	Initial D Second Stage	
Initial D Third Stage		
Initial D: Project D to the Next Stage - Project D e Mukete		Initial D: Project D to the Next Stage - Speculations on Project D
Injoku no Heya	Lewd Room	
Injutsu no Yakata The Animation		
Injuu Alien	Alien from the Darkness	Inju Alien
Injuu Daikessen	Mission of Darkness	
Injuu Gakuen EX	Lady Blue	La Blue Girl EX
Injuu Gakuen La Blue Girl	La Blue Girl	
Injuu Gakuen La☆Blue Girl: Fukkatsu-hen	La Blue Girl Returns	
Injuu Kateikyoushi	Lesson of Darkness	
Injuu Kyoushi	Angel Of Darkness	
Injuu Nerawareta Hanayome	Bride of Darkness	Injuh
Injuu Nerawareta Idol	Idol of Darkness	
Injuu Onna Kyoushi		School of Darkness
Injuu Seisen XX	Twin Angels (2)	
Injuu Seisen: Twin Angels	Twin Angels (1)	Seisen Twin Angels
Injuu vs. Onna Spy	Spy of Darkness	
Inko	The Sleazy Family (2)	
Inma Daitoshi: Beast City	Beast City	Sex Demon Metropolis
Inma Youjo	The Erotic Temptress	Imma Youjo
Inmu 2	Inmu 2: Flesh Dreams	Inmu 2: Chijoku no Kaniku Matsuri
Inmu Gakuen: Inmu ni Torawareta Bijin Shimai		Dame... Konna ni Nacchau no wa Yume no Naka dake nano...!
Inmu: Ikenie no Utage	Inmu: Feast of Victims	
Innocent Blue		Innocent Blue Karte
Innocent Venus		
Innocent: Shoujo Memoria		Innocent: Memories of a Girl
Inochi		
Inochi Kagayaku Akari		
Inochi no Chikyuu: Dioxin no Natsu	The Summer of Dioxin	
Inori no Te		
Inou-Battle wa Nichijou-kei no Naka de	When Supernatural Battles Became Commonplace	InoBato
Inshitsu Otaku ni Ikareru Kanojo		
Insomniac		ALT - Insomniac
Install Pilot		
Instant History		
Instant Music	Instant Music	
Interior		Creator&#039;s World Project 3
Interlude		
Internal Medicine		Shuuchuu Chiryou Shitsu
Interstella5555: The 5tory of The 5ecret 5tar 5ystem		Interstellar 5555
Introspection		
Inu to Hasami wa Tsukaiyou	Dog & Scissors	InuHasa
Inu x Boku SS	Inu X Boku Secret Service	Youko x Boku SS
Inu x Boku SS Special	Inu X Boku Secret Service Special	Youko x Boku SS Special
InuYasha	InuYasha	Inu Yasha
InuYasha: Guren no Houraijima	InuYasha the Movie 4: Fire on the Mystic Island	Inu Yasha: Guren no Houraijima
InuYasha: Kagami no Naka no Mugenjo	InuYasha the Movie 2: The Castle Beyond the Looking Glass	Inu Yasha: Kagami no Naka no Mugenjo
InuYasha: Kanketsu-hen	InuYasha: The Final Act	Inu Yasha: Kanketsu-hen
InuYasha: Kuroi Tessaiga		Inu Yasha Special
InuYasha: Tenka Hadou no Ken	InuYasha the Movie 3: Swords of an Honorable Ruler	Inu Yasha: Tenka Hadou no Ken
InuYasha: Toki wo Koeru Omoi	InuYasha the Movie: Affections Touching Across Time	Inu Yasha: Toki wo Koeru Omoi
Inugami-san to Nekoyama-san	Inugami-san to Nekoyama-san	
Inugami-san to Nekoyama-san Special		Nekoyama-san to Onsen Ryokou
Inui-san!		
Inukami!		Dog Gods!
Inukami! The Movie: Tokumei Reiteki Sousakan Karina Shirou!		
Inuki Kanako Zekkyou Collection: Gakkou ga Kowai!		My Dread is School!
Inumarudashi		
Inuyama Kamiko no Kireigoto ja Owaranai!		REACH x Inuyama Kamiko
Inuyashiki	Inuyashiki: Last Hero	
Inyoku Tokkyuu Zetsurinou	Hentai Express	Inyoku Tokkyu Zetu-Rinoh
Inyouchuu Etsu		Kairaku Henka Taimaroku
Inyouchuu Etsu Special		Inyouchuu Etsu Bonus Video
Inyouchuu Shoku: Harami Ochiru Shoujo-tachi Anime Edition		
Inyouchuu Shoku: Ryoushokutou Taimaroku		Inyouchu Shoku
Inyouchuu Shoku: Ryoushokutou Taimaroku - Kanzenhan	Inyouchuu Shoku	Inyouchuu Shoku Special Edition
Inyouchuu The Animation		Inyouchuu ~Ryoushoku Gakuen Taimaroku~
Ippatsu Hicchuu!! Devander		
Ippatsu Kanta-kun		Homerun Kanta
Ippatsu Kiki Musume		Dangerous Girl
Ippon Bouchou Mantarou		Ippon Bochou Mantarou
Ippou Nippon Mukashibanashi		
Ippun de Wakaru Eiga Donten ni Warau Kaisetsu Yokoku		Eagle Talon
Iria: Zeiram The Animation	Iria: Zeiram The Animation	
Iriya no Sora	 UFO no Natsu	イリヤの空、UFOの夏
Iron Kid	Eon Kid	
Iron Man	Iron Man	Ironman
Iron Man: Rise of Technovore	Iron Man: Rise of Technovore	
Iron Virgin Jun	Iron Virgin Jun	Tetsu no Shojo Jun
Irotoridori	Irotoridori	Irotorodori
Irotoridori no Melody		Irodorimidori
Irozuku Sekai no Ashita kara		
Irregular Hunter X: The Day of Sigma	Megaman X - The Day of Sigma	Irregular Hunter X
Iruka to Shounen		Iruka to Shonen
Iryou Keiei Consultant		Corporate Strategy Research Institute
Isaku		
Isaku: Respect		
Isekai Cheat Magician		Isekai Cheat Majutsushi
Isekai Izakaya: Koto Aitheria no Izakaya Nobu		
Isekai Maou to Shoukan Shoujo no Dorei Majutsu		How Not to Summon a Demon Lord
Isekai Shokudou	Restaurant to Another World	
Isekai no Seikishi Monogatari	Tenchi Muyo! War on Geminar	ISM
Isekai wa Smartphone to Tomo ni.	In Another World With My Smartphone	In a Different World with a Smartphone.
Isewan Taifuu Monogatari		Isewan Taifu Monogatari
Ishida to Asakura	Ishida & Asakura	
Ishida to Asakura Special		
Ishii Hisaichi no Dai Seikai		Ishii Hisaichi no Daiseikai
Ishii Hisaichi no Nanda Kanda Gekijou		The Fabled Underground People
Ishikeri	Kicking Rocks	Hopscotch
Ishindenshin Shiyou	From Heart to Heart	Ishin-denshin Shiyou
Ishinomori Shoutarou no Rekishi Adventure		
Ishitsubutsu Toriatsukaijo		Ishitsubutsu Toriatsukaijyo
Ishiyama-dera Digital Engi Emaki		
Island		
Isobe Isobee Monogatari Jump Festa Special		
Isobe Isobee Monogatari: Ukiyo wa Tsurai yo		The Story of Isobe Isobee
Isobe Isobee Monogatari: Ukiyo wa Tsurai yo (2015)		
Isobe Isobee with Nakata Yasutaka de Sourou		
Isourou Tengoku	Isourou Tengoku	
Issho ni Ecchi		Isshoni Ecchi
Issho ni H Shiyo		Isshoni H Shiyo
Issho ni Sleeping: Sleeping with Hinako		Isshoni Training: Sleeping with Hinako
Issho ni Training Ofuro: Bathtime with Hinako & Hiyoko		Isshoni Training 026: Bathtime with Hinako & Hiyoko
Issho ni Training: Training with Hinako		Isshoni Training: Training with Hinako
Isshuukan Friends.	One Week Friends	
Isshuukan Friends. Specials		One Week Friends Specials
Isshuukan Friends.: Tomodachi to no Omoide		One Week Friends Recap
Issunboushi		
Issunboushi (OVA)	The Erotic Adventures Of Tom Thumb	
Issunboushi no Shusse	The Tiny One Makes It Big	Issun-boshi no Shusse
Issunboushi: Chibisuke Monogatari	Tiny Chibisuke&#039;s Big Adventure	Issun-boushi Chibisuke Monogatari
Isu	The Chair	
Isuca	Isuca	Isuka
Isuca: Gokuraku		Isuca OVA
It Girl		Pharrell Williams - It Girl
It Seems like a Frog	It seems like a frog	
It&#039;s My Life		
It&#039;s a Rumic World: 50th Anniversary Weekly★Shonen Sunday		Rumic World
Itadaki! Seieki♥		Vampire Vixen
Itadaki! Seieki♥ Special		
Itazura Majo to Nemuranai Machi	Sorcery in the Big City	The Mischievous Witch and the City That Never Sleeps
Itazura Post		Naughty Mailbox
Itazura Tenshi Chippo-chan		Chippo the Mischievous Angel
Itazura The Animation	G-Spot Express	
Itazura na Kiss	ItaKiss	Naughty Kiss
Ito Junji: Collection	The Junji Ito Collection	
Itoshi no Betty Mamonogatari		
Itoshi no Kotodama		
Itoshi no Muco	Lovely Muuuuuuuco!	Lovely Muco!
Itoshi no Muco OVA	Lovely Muuuuuuuco! OVA	Lovely Muco! OVA
Itsudatte Bokura no Koi wa 10 cm Datta.	Our love has always been 10 centimeters apart.	
Itsudatte My Santa!	Itsudatte My Santa!	Watashi no Santa
Itsuka Tenma no Kuro Usagi	A Dark Rabbit has Seven Lives	ItsuTen
Itsuka Tenma no Kuro Usagi OVA		Itsuka Tenma no Kuro Usagi OAD
Itsuka Tenma no Kuro Usagi Picture Drama	A Dark Rabbit has Seven Lives Picture Drama	Itsuka Tenma no Kuro-Usagi Picture Drama
Itsuka Tenma no Kuro Usagi Special		
Itsuka no Main: Kaminari Shounen - Tenta Sanjou!		Itsuka no Main: Kaminari Shounen Tenta Sanjou!
Itsumademo Tabibito		Minna no Uta
Itsumo Kokoro ni Ho		
Itsumo Kokoro ni Hohoemi wo		
Itsumo Kokoro ni Taiyou wo!		Always the Sun in My Soul
Ittekimasu		
Iwaki Meisei Daigaku		Hashiru Shiki-hen
Iwata Kunchi no Obaachan		Iwata Kunchi no Obaa-chan
Ixion Saga DT		Ixion Saga: Dimensional Transfer
Iya na Kao sare nagara Opantsu Misete Moraitai		I Want You To Make a Disgusted Face and Show Me Your Underwear
Iyashite Agerun Saiyuuki	Karma Saiyuki	Iyashite Agerun Saiyuki
Izakaya no Ichiya	Over a Drink	
Izumo		Izumo (1991)
Izumo (2003)		
Izumo: Takeki Tsurugi no Senki	Izumo: Flash of a Brave Sword	Izumo: Flash of a Brave Sword
I☆Can		I Can
