NG Knight Ramune & 40		Knight Lamune & 40
NG Knight Ramune & 40 DX: Wakuwaku Jikuu - Honoo no Daisousasen		NG Knight Lamune & 40 DX
NG Knight Ramune & 40 EX: Biku Biku Triangle Ai no Arashi Daisakusen		NG Knight Ramune & 40 EX
NHK ni Youkoso!	Welcome to the N.H.K.	Welcome to the NHK
Na Sa Er Ding		Nasaerdin
Na mo Nai Hana no Youni		Minna no Uta
Na mo Nai Mainichi		
Nabari no Ou	Nabari no Ou	Nabari no Oh
Naccio to Pomm	Naccio and Pomm	Naccio e Pomm
Nae Ireumeun Dokgotak	My name is Dokgo Tak	
Naeil-eun Pyeongbeomhae Jilgeoya	I Will Be Normal Tomorrow	
Naga Hamaraja		
Nagagutsu Sanjuushi	Return of Pero	Nagagutsu Sanjyuushi
Nagagutsu wo Haita Neko		Puss-in-Boots
Nagagutsu wo Haita Neko no Bouken		Nagagutsu o Haita Neko no Boken
Nagagutsu wo Haita Neko: 80 Nichikan Sekai Isshuu	Puss-in-Boots: Travels Around the World in 80 Days	
Nagareboshi Lens		Shooting Star Lens
Nagareboshi Lens Specials		Shooting Star Lens Specials
Nagareboshi no Okurimono		
Nagasaki 1945: Angelus no Kane	Nagasaki 1945 ~ The Angelus Bells	The Bells of Nagasaki
Nagasaki no Kouma		
Nagasarete Airantou		Drift off to Blue Orchid Island
Nagato Yuki-chan no Shoushitsu	The Disappearance of Nagato Yuki-chan	The Vanishing of Nagato Yuki-chan
Nagato Yuki-chan no Shoushitsu: Owarenai Natsuyasumi	The Disappearance of Nagato Yuki-chan: I Cannot Let Summer Break End	Nagato Yuki-chan no Shoushitsu OVA
Nageki no Kenkou Yuuryouji	F3: Frantic	嘆きの健康優良児
Nagi no Asukara	A Lull in the Sea	Nagi no Asu Kara
Nagisa		
Nagoya Tetsudou Special Movie		Nagoya Railway Special Movie
Naikaku Kenryoku Hanzai Kyousei Torishimarikan Zaizen Joutarou	Government Crime Investigation Agent Zaizen Jotaro	Naikaku Kenryoku Hanzai Kyosei Torishimarikan Zaizen Jotaro
Naisho no Hanashi		
Naisho no Tsubomi	Naisho no Tsubomi	Tsubomi&#039;s Secrets
Naisho no Wakana-san		
Naita Aka Oni		Red Oni
Naita Aka Oni (OVA)		
Naite Ita Onnanoko		Minna no Uta
Najica Dengeki Sakusen	Najica Blitz Tactics	
Nakanaori	Reconciliation	
Nakano Harada Kekkon Kyousoukyoku		Nakano Harada Marriage Concerto
Naked Wolves		Hadaka no Ookami
Nakedyouth	Naked Youth	
Naki no Ryuu: Hiryuu no Shou (1991)		Weeping Dragon 1991
Nakoruru: Ano Hito kara no Okurimono		
Nama Lo Re: Furachimono The Animation		
Nama Lo Re: Namakemono The Animation		
Namae no Nai hi	A Nameless Day	Kumorina
Namae... Sore wa Moeru Inochi		
Namaiki: Kissuisou e Youkoso! The Animation		
Namake Gitsune	The Lazy Fox	
Namakemono ga Miteta		Namakemono is Watching
Namakura Gatana	The Dull Sword	Namakura Katana
Namanaka Hyaku Percent!: Katamusubi no Shinpa		Namanaka 100%!: Katamusubi no Shinpa
Nameko-ke no Ichizoku	The Nameko Families	Mushroom Family
Nameko: Sekai no Tomodachi		
Nameless	Nameless	
Nameless Flipbook	Nameless Flipbook	
Nami		
Namida no Tsubomi		Minna no Uta
Namiuchigiwa no Muromi-san	Muromi-san	
Namiuchigiwa no Muromi-san OVA		Namiuchigiwa no Muromi-san OAD
Nana	Nana	
Nana Maru San Batsu	Fastest Finger First	7O3X
Nana Moon		
Nana Recaps		Nana Episode 11.5
Nana Toshi Monogatari: Hokkyokukai Sensen		Seven Cities Story: Arctic Front
Nana to Kaoru		Nana and Kaoru
Nana-iro Megane	nanairomegane	
Nanairo Kakumei		Nana&#039;s Revolution
Nanaka 6/17		Nanaka Juu-nanabun no Roku
Nanaka 6/17 Special	Nanaka the Distraction	
Nanako Kaitai Shinsho	Amazing Nurse Nanako	
Nanako SOS	Nanako SOS	Nana the Super Girl
Nanami-chan		
Nanami-chan 2nd Series		
Nanami-chan 3rd Series		
Nananin no Ayakashi: Chimi Chimi Mouryou!! Gendai Monogatari		
Nanase Ren		Night Shift Nurses: Ren Nanase
Nanatsu no Bitoku	The Seven Heavenly Virtues	
Nanatsu no Bitoku Specials		The Seven Heavenly Virtues Specials
Nanatsu no Hoshi		
Nanatsu no Taizai	The Seven Deadly Sins	Nanatsu no Taizai
Nanatsu no Taizai Movie: Tenkuu no Torawarebito		
Nanatsu no Taizai OVA		Nanatsu no Taizai: Ban no Bangai-hen
Nanatsu no Taizai: Imashime no Fukkatsu		The Seven Deadly Sins: Revival of the Commandments
Nanatsu no Taizai: Imashime no Fukkatsu Joshou		
Nanatsu no Taizai: Seisen no Shirushi	The Seven Deadly Sins: Signs of Holy War	
Nanatsu no Taizai: Tsumi no Kokuhaku Dennou Grimoire!		Nanatsu no Taizai: Audio Drama - Confession of Sin Dennou Grimoir!
Nanatsu no Umi		Minna no Uta
Nanatsu no Umi no Tico	Tico and Friends	Sekai Meisaku Gekijou
Nanatsu no Umi no Tico Specials		Sekai Meisaku Gekijou Kanketsu Ban: Nanatsu no Umi no Tico
Nanatsu-iro REALiZE		IDOLiSH7: Nanatsu-iro REALiZE
Nanatsu-iro★Drops		Seven-Colored Drops
Nanatsuko Nezumi Series		Nezumi no Densha
Nanbaka	Nanbaka	Nambaka
Nanbaka 2	Nanbaka: Season 2	
Nanbaka: Shusseki Bangou no Tsuita Baka-tachi!	Nanbaka: Idiots with Student Numbers!	Nanbaka Special
Nanbo no Monjai! 2: Yankee Gurentai		
Nanbo no Monjai! Yankee Gurentai		
Nanchatte!		
Nandaka Velonica		Nandaka Veronica
Nandaku Mou	Nandaku-mou	
Nandarou		What Is It?
Nangoku Shounen Papuwa-kun		Papuwa (1992)
Nani ga Dekiru ka na	What Can I Do	なにができるかな
Nani no Yaku ni Mo Tatanai Karappona Hanashi		An empty story that does not serve any purpose
Naniwa Kinyuu Den: Minami no Teiou		
Naniwa Yuukyouden		Osaka Tough Guys
Naniwa Yuukyouden: Chou Gokudou! Yoru no Bat wa Manrui-hen		
Naniwa Yuukyouden: Kanketsu-hen		
Naniwa Yuukyouden: Kyouretsu! Ana ga Attara Iretai-hen		
Naniwa Yuukyouden: Nekketsu!! Bakushou Mankai-hen		Osaka Tough Guys: Hot Blood!! A Blooming Hearty Laugh Chapter
Naniwabushi Daisuki		I Like the Naniwabushi
Nanja Monja Obake		
Nankyoku 28 Gou	Mail Order Maiden 28	Mail Order Maiden 28: The Dutch Wife
Nanmu Ichibyousokusai		Nanmu Ichibyou Sokusai
Nano Invaders		
Nanocore	NANOCORE	
Nanocore 2016 Xinnian Tebie Ban		Nanocore: 2016 New Year Special
Nanocore 2nd Season		Nanocore: Season 2
Nanocore 3rd Season	Nanocore 3rd Season	Nami Hexin 3rd Season
Nanocore SP Lianxi Pian 2015 Xinnian Tebie Ban		Nanocore: 2015 New Year Special
Nanocore: NG Scenes - Nano&#039;s Daily Life		
Nanoha		
Nantokashite Alguard		
Nanumu no Ie		
Naoko no Tropic Angel: Hyouryuu		Naoko no Tropic Angel Hyoryu
Nar Doma		Narudoma
Nar Doma Manner Movie		Narudoma Manner Movie
Nar Doma Special		Narudoma Special
Nara Shika Monogatari	Nara Deer Story	
Nara-shi x Inoue Ryou		Nara-shi Kankou PR
Narara Superboard	The Flying Superboard	
Narara Wondeogongju		Fly
Nareuneun Dwaeji - Haejeok Mateo		Flying Pig - Pirate Mateo
Nariyuki: Papakatsu Girls!! The Animation		
Narue no Sekai	The World of Narue	Narue&#039;s world
Narutaru: Mukuro Naru Hoshi Tama Taru Ko	Shadow Star Narutaru	
Naruto	Naruto	NARUTO
Naruto Movie 1: Dai Katsugeki!! Yuki Hime Shinobu Houjou Dattebayo!	Naruto the Movie: Ninja Clash in the Land of Snow	Naruto: Daikatsugeki! Yukihime Ninpocho Dattebayo!
Naruto Movie 2: Dai Gekitotsu! Maboroshi no Chiteiiseki Dattebayo!	Naruto the Movie 2: Legend of the Stone of Gelel	Naruto THE Movie vol.2
Naruto Movie 3: Dai Koufun! Mikazuki Jima no Animaru Panikku Dattebayo!	Naruto the Movie 3: Guardians of the Crescent Moon Kingdom	Naruto Movie Volume 3
Naruto Narutimate Hero 3: Tsuini Gekitotsu! Jounin vs. Genin!! Musabetsu Dairansen taikai Kaisai!!		Naruto Narutimate Hero 3 OVA
Naruto SD: Rock Lee no Seishun Full-Power Ninden	NARUTO Spin-Off: Rock Lee & His Ninja Pals	
Naruto Shippuuden: Shippuu! Konoha Gakuen Den	Naruto Shippuden: Konoha Gakuen - Special	NARUTO Shippu Konoha Gakuen Den Special
Naruto Shippuuden: Sunny Side Battle		Naruto: Shippuuden - Jump Festa 2013 Special
Naruto Soyokazeden Movie: Naruto to Mashin to Mitsu no Onegai Dattebayo!!		Gekijouban Naruto Soyokazeden: Naruto to Mashin to Mitsu no Onegai Dattebayo!!
Naruto x UT		
Naruto: Akaki Yotsuba no Clover wo Sagase	Naruto: Find the Crimson Four-leaf Clover!	Naruto: Find the Crimson Four Leaf Clover!
Naruto: Dai Katsugeki!! Yuki Hime Shinobu Houjou Dattebayo! Special: Konoha Annual Sports Festival	Hidden Leaf Village Grand Sports Festival	Gekijouban Naruto: Dai Katsugeki! Yuki Hime Ninpouchou Datte ba yo! - S1 Konoha Annual Sports Festival
Naruto: Honoo no Chuunin Shiken! Naruto vs. Konohamaru!!	Chunin Exam on Fire! and Naruto vs. Konohamaru!	
Naruto: Shippuuden	Naruto: Shippuden	Naruto Hurricane Chronicles
Naruto: Shippuuden Movie 1	Naruto: Shippuden the Movie	Naruto Shippuuden Movie
Naruto: Shippuuden Movie 2 - Kizuna	Naruto: Shippuden the Movie 2 -Bonds-	Naruto Movie 5
Naruto: Shippuuden Movie 3 - Hi no Ishi wo Tsugu Mono		Naruto Shippuuden: Gekijouban Naruto Shippuuden: Hi no Ishi o Tsugu Mono
Naruto: Shippuuden Movie 4 - The Lost Tower		Naruto Movie 7
Naruto: Shippuuden Movie 5 - Blood Prison		Naruto Movie 8
Naruto: Shippuuden Movie 6 - Road to Ninja	Road to Ninja: Naruto the Movie	Naruto Movie 9
Naruto: Takigakure no Shitou - Ore ga Eiyuu Dattebayo!	Naruto: The Lost Story - Mission: Protect the Waterfall Village	Battle at Hidden Falls. I am the Hero!
Naruto: The Cross Roads		Naruto&#039;s 10th Anniversary
Nasu: Andalusia no Natsu	Nasu: Summer in Andalusia	
Nasu: Suitcase no Wataridori	Nasu: A Migratory Bird with Suitcase	Nasu 2
Nat-chan no Akai Tebukuro		
Natsu e no Tobira		The Door Into Summer
Natsu no Arashi!		Summer Storm!
Natsu no Arashi! Akinaichuu	Summer Storm! Open for Business	Natsu no Arashi! 2
Natsu no Gero wa Fuyu no Sakana	Summer&#039;s Puke is Winter&#039;s Delight	
Natsu no Ginkei		Natsuno Ginkei
Natsu no Shisen 1942	A Gaze in Summer 1942	
Natsu-iro Egao de 1	 2	
Natsu-iro Kiseki		Natsuiro Kiseki
Natsu-iro Kiseki: 15-kaime no Natsuyasumi		Natsuiro Kiseki OVA
Natsu-iro no Sunadokei	Sandglass of Summer Colors	Hourglass of Summer Colours
Natsufuku no Shoujo-tachi		Girls in Summer Dresses
Natsuki Crisis		
Natsume Yuujinchou	Natsume&#039;s Book of Friends	Natsume Yujincho
Natsume Yuujinchou Go	Natsume&#039;s Book of Friends Season 5	Natsume Yuujinchou Season 5
Natsume Yuujinchou Go Specials		Natsume Yuujinchou Go: Hitoyo Sakazuki
Natsume Yuujinchou Movie: Utsusemi ni Musubu		Gekijouban Natsume Yuujinchou
Natsume Yuujinchou Roku	Natsume&#039;s Book of Friends Season 6	Natsume Yuujinchou Season 6
Natsume Yuujinchou Roku Specials		
Natsume Yuujinchou San	Natsume&#039;s Book of Friends Season 3	Natsume Yuujinchou Three
Natsume Yuujinchou Shi	Natsume&#039;s Book of Friends Season 4	Natsume Yuujinchou Four
Natsume Yuujinchou: Itsuka Yuki no Hi ni		Natsume Yuujinchou OVA
Natsume Yuujinchou: Nyanko-sensei to Hajimete no Otsukai		Natsume Yuujinchou LaLa Special
Natsumi Step!		
Natsumushi The Animation		
Natsuyasumi.		Summer Vacation
Natsuyuki Rendezvous	Natsuyuki Rendezvous	A Summer Snow Rendezvous
Natural		Teacher&#039;s Pet
Natural 2: Duo		Natural Obsessions 2
Natural: Another	Teacher&#039;s Pet	Teacher&#039;s Pet (2)
Navia Dratp		
Nayuta	Nayuta	
Naze		Minna no Uta
Naze Ikiru: Rennyo Shounin to Yoshizaki Enjou		
Nazo no Kanojo X	Mysterious Girlfriend X	MGX
Nazo no Kanojo X: Nazo no Natsu Matsuri		
Nazotoki-hime wa Meitantei♥		Nazotokihime ha Meitantei
Nazotokine	Nazotokine	
Nebula feat. Hatsune Miku		
Nee	 ...Shiyo♥	ねぇ、…しよ♥
Nee	 Chanto Shiyou Yo!	姉、ちゃんとしようよっ！
Nee Summer!		
Needless	Needless	
Needless Specials		Needless+
Neeko ga Vtuber Shite Mita		Neeko wa Tsurai yo
Negaigoto no Mochigusare		Minna no Uta
Negibouzu no Asatarou		
Negima!?	Negima!? Magister Negi Magi	Negima Remake
Negima!? Haru Special!?		Mahou Sensei Negima! OVA Haru
Negima!? Natsu Special!?		Mahou Sensei Negima! OVA Natsu
Nejimaki Seirei Senki: Tenkyou no Alderamin	Alderamin on the Sky	
Nekketsu Jinmen Inu: Life Is Movie		Passionate Human Face Dog: Life Is Movie
Nekketsu Saikyou Go-Saurer		Nekketsu Saikyou Gosaurer
Nekketsu Tantei Jimusho		Passionate Detective Agency
Nekketsu Uchuujin	Hot-blooded Alien	
Nekko-kun		Minna no Uta
Neko Enikki		Picture Diary of Cat Lover
Neko Funjatta		Flea Waltz
Neko Hiki no Ororane		Orurorane the Cat Player
Neko Kikaku		Cat Project
Neko Konogoro		
Neko Machi	Cat City	Nekomachi
Neko Matsuri		Irodorimidori
Neko Neko Fantasia	Kitty-Cat Fantasia	
Neko Neko Gong Show	Cat Cat Gong Show	Nekoneko Gong Show
Neko Neko Nihonshi	Meow Meow Japanese History	
Neko Neko Nihonshi 2nd Season		
Neko Neko Nihonshi 3rd Season		
Neko Pitcher		
Neko Ramen	Neko Rahmen	Neko Raamen
Neko Ramen: Ore no Shouyu Aji		Neko Rahmen 2
Neko ga Kureta Marui Shiawase		
Neko mo	 Onda-ke	猫も、オンダケ
Neko nanka Yondemo Konai.		NekoYon
Neko no Dayan		Dayan the Cat
Neko no Dayan (2017)		Dayan the Cat (2017)
Neko no Dayan: Fushigi Gekijou		Dayan the Cat: Wonder Theater
Neko no Dayan: Nihon e Iku		Dayan the Cat Goes to Japan
Neko no Kuni no Kenpou		
Neko no Ongaeshi	The Cat Returns	The Cat&#039;s Repayment
Neko no Robu		Neko no Rob
Neko no Sumu Shima		
Neko to Mata		
Neko to Nezumi		Cat and Mice
Neko wa Ikite Iru		
Nekogami Yaoyorozu	The Everyday Tales of a Cat God	Cat God
Nekogami Yaoyorozu Specials		
Nekogami Yaoyorozu: Ohanami Ghostbusters	Cat God: Ohanami Ghostbusters	Nekogami Yaoyorozu OVA
Nekojiru Gekijou Jirujiru Original		Cat Soup Theater
Nekojiru-sou	Cat Soup	
Nekomonogatari: Kuro	Nekomonogatari Black	Nekomonogatari Black: Tsubasa Family
Nekopara		Neko Para OVA
Nekoronde ID		
Nekoronde Mite ne.		
Nekoronde TV.		
Nekota no Koto ga Kininatte Shikatanai.		Ribon Festa 2015
Nekota no Koto ga Kininatte Shikatanai. (ONA)		Ribon x Oha Suta Specials
Nemuranu Machi no Cinderella: Hirose Ryouichi - Memorial Date		Seduced in the Sleepless City: Hirose Ryouichi - Memorial Date
Nemure Omoigo	 Sora no Shitone ni	 cradled in the sky
Nemurenu Yoru no Chiisana Ohanashi		Nemurenu no Chiisana Ohanashi
Nemuri Hime	Sleeping Beauty	The Sleeping Princess
Nenbutsu Monogatari		
Nendjuugyouji Animation Series		
Nendo no Tatakai		Battle of Clay
Nendo no Tatakai 2		Battle of Clay 2
Nenga no Kizuna		New Year&#039;s Card Bonds
Neo Angelique Abyss		
Neo Angelique Abyss: Second Age		
Neo Faust		
Neo Ranga		Nankai Kio Neoranga
Neo Satomi Hakkenden: Satomi-chanchi no Hachi Danshi		Neo Satomi Hakkenden: Satomi-chanchi no 8 Danshi
Neon Genesis Evangelion	Neon Genesis Evangelion	Shinseiki Evangelion
Neon Genesis Evangelion: Death & Rebirth	Neon Genesis Evangelion: Death & Rebirth	Shinseiki Evangelion Gekijouban: Shi to Shinsei
Neon Genesis Evangelion: The End of Evangelion	Neon Genesis Evangelion: The End of Evangelion	Shinseiki Evangelion Gekijouban: The End of Evangelion
Neon The Animation		
Nepos Napos	Nepos Napos	
Neppuu Kairiku Bushi Road		Burning Wind Ocean Earth Samurai Lord
Nerawareta Gakuen	Psychic School Wars	
Nerawareta Megami Tenshi Angeltia: Mamotta Ningentachi ni Uragirarete		
Nerenai!!!		PSG
Nerima Daikon Brothers	Nerima Daikon Brothers	Oroshitate Musical Nerima Daikon Brothers
Nessa no Haou Gandalla	Gandalla: The King of Burning Desert	The King of Burning Desert Gandalla
Nessa no Wakusei	Bondage Queen Kate	Boiled Sand Planet
Net Ghost Pipopa	Web Ghosts PiPoPa	
Net-juu no Susume	Recovery of an MMO Junkie	Netojuu no Susume
Net-juu no Susume Special	Recovery of an MMO Junkie Special	Net-juu no Susume Episode 11
Netoge no Yome wa Onnanoko ja Nai to Omotta?	And you thought there is never a girl online?	Net Game no Yome wa Onna no Ko ja Nai to Omotta?
Netorare Fighter Yaricchingu!		
Netorare Zuma		
Netorare: Tanabe Yuuka no Dokuhaku		
Netoraserare		
Netrun-mon the Movie		Netrunmon The Movie
Netsuzou TRap	Netsuzou Trap -NTR-	
Never Shined	Never Shined	Back Drop Bomb
New Dominion Tank Police		Tokusou Sensha-tai Dominion
New Dream Hunter Rem: Setsuriku no Mudenmekyu		New Dream Hunter Rem: Massacre in the Phantasmic Labyrinth
New Dream Hunter Rem: Yume no Kishitachi		New Dream Hunter Rem: Dream Knights
New Game!	New Game!	
New Game!!	New Game!!	
New Game!: Watashi	 Shain Ryokou tte Hajimete nano de...	NEW GAME! 私、社員旅行って初めてなので…
New Hal & Bons		New Hal and Bons
New Initial D Movie: Legend 1 - Kakusei	Initial D Legend 1 Awakening	Shin Gekijouban Initial D: Legend 1 - Kakusei
New Initial D Movie: Legend 2 - Tousou	Initial D Legend 2 Racer	Shin Gekijouban Initial D: Legend 2 - Tousou
New Initial D Movie: Legend 3 - Mugen		Shin Gekijouban Initial D: Legend 3 - Mugen
New Mobile Report Gundam Wing: Frozen Teardrop Picture Drama - Aratanaru Tatakai		Mobile Suit Gundam Wing: Frozen Teardrop Picture Drama - Aratanaru Tatakai
New My Tear CL Series		Uchiage Hanabi
New Tokyo Ondo		
New York Trip		
Newmanoid Cam: Cam Castin		
Next A-Class		
Next Senki Ehrgeiz	Next War Chronicle Ehrgeiz	
Nexus		ClariS - Nexus
Nezha Nao Hai	Prince Nezha&#039;s Triumph Against Dragon King	Nezha Conquers the Dragon King
Nezumi Monogatari: George to Gerald no Bouken		Mouse Story: The Adventures of George and Gerald
Nezumi no Rusuban	Home Alone Mice	
Nezumi no Yomeiri		Marriage of a Mouse
Nezumi-kun no Chokki		
Nezumi-kun no Kimochi		
Ni ga Mushi Ojisan		Minna no Uta
Ni wa no Kotori		
Ni-hiki no Sanma		Two Pikes
Ni-hiki no Sanma (1968)		Two Pikes (1968)
Nibiki no Neko to Genkina Kazoku		Ni-biki no Neko to Genkina Kazoku
Nice to See You		
Nichijou	Nichijou - My Ordinary Life	Everyday
Nichijou: Nichijou no 0-wa	My Ordinary Life Episode 0	Nichijou Episode 0
Nichijou: Original Jikai Yokoku	My Ordinary Life Specials	Nichijou Specials
Nido to Mezamenu Komori Uta	The Death Lullaby	Nidoto Mezamenu Komori Uta
Nidoto Touranai Tabibito		
NieA Under 7		NieA_7
Niedola		
Night Head Genesis		
Night Walker: Mayonaka no Tantei	Nightwalker: The Midnight Detective	NightWalker: Eternal Darkness
Night Wizard		Night Wizard The Animation
Nihon Animator Mihonichi	Japan Anima(tor)&#039;s Exhibition	Japan Animator Expo
Nihon Meisaku Douwa Series: Akai Tori no Kokoro		Heart of the Red Bird
Nihon Mukashibanashi: Saru Kani		Nippon Mukashibanashi: Sarukani
Nihon Mukashibanashi: Warashibe Chouja		The Straw Millionaire
Nihon Omoshiro Mukashibanashi		Nippon Omoshiro Mukashi Banashi
Nihon no Obake-banashi		
Nihon no Otogibanashi		Yoi Ko no Anime-kan
Nihon-ichi no Otoko no Tamashii		Nippon-ichi no Otoko no Tamashii
Nihon-ichi no Otoko no Tamashii 2		Nippon-ichi no Otoko no Tamashii 2
Nihonbashi Koukashita R Keikaku		
Nihonichi Momotarou	Momotaro the Undefeated	Nihon-ichi Momotarou
Niizuma Koyomi The Animation		
Niji ni Mukatte		Towards the Rainbow
Niji no Kakehashi		
Niji no Kanata e! Shoujo Diana Monogatari		Over the Rainbow: Story of Girl Diana
Niji no Kizuna		
Nijiiro Days	Rainbow Days	Nijiiro Days
Nijiiro Days OVA	Rainbow Days OVA	
Nijiiro Days: Houkago Special		Rainbow Days: After School Special
Nijiiro Hotaru: Eien no Natsuyasumi		Niji-iro Hotaru: Eien no Natsuyasumi
Nijiiro no Fushigina Ishi		
Nijiiro☆Prism Girl		
Nijuu Mensou no Musume	The Daughter of 20 Faces	The Daughter of Twenty Faces
Nijuushi no Hitomi		Twelve Sets of Eyes
Nijuusou: Wana ni Ochita Onna-tachi		Double Play
Nikoniko	 Pun	にこにこ、ぷん
Nikoniko♪Connie-chan		
Niku Mesu R30: Nikuyoku ni Ochita Mesu-tachi The Animation		
Nikuiyo! Galbi-kun: Kemuri ga Me ni Shimiru		
Nikukyuu no Uta		29Q no Uta
Nikutai Ten&#039;i	Body Transfer	
Nikuyoku Gangu Takuhainin		Living Sex Toy Delivery
Nikuyome: Takayanagi Ke no Hitobito		Mistreated Bride
Nil Admirari no Tenbin	The Scales of Nil Admirari ~The Mysterious Story of Teito~	Libra of Nil Admirari
Nils no Fushigi na Tabi	Wonderful Adventures of Nils	Nils Holgersson
Nils no Fushigi na Tabi (Movie)	The Wonderful Adventures of Nils Movie	Nils no Fushigi na Tabi
Nimrod		
Nine		
Nine 2: Koibito Sengen		Nine 2: Sweetheart Declaration
Nine 3: Kanketsu-hen		Nine 3: Final
Nine: Original Han		
Nineko Gelée	Runnin&#039; Away Gelée	Gelee
Nineteen 19		
Ningen Doubutsuen	Clap Vocalism	Human Zoo
Ningen Kakumei		The Human Revolution
Ningen Shikkaku: Director&#039;s Cut-ban		Aoi Bungaku Movie
Ningen no Uta		
Ningyo	Mermaid	
Ningyo no Hanashi		Tale of the Mermaid
Ningyohime	The Little Mermaid	Ningyo Hime
Ningyohime Marina no Bouken	Saban&#039;s Adventures of the Little Mermaid	Ningyo-hime Marina no Bouken
Ningyou Tsukai	Sexorcist	Ningyo Tsukai
Ningyou no Yakata		Dollhouse
Ninin ga Shinobuden	Ninja Nonsense	2x2=Shinobuden
Ninja & Soldier		
Ninja Batman	Batman Ninja	
Ninja Batman x Poputepipikku Kindan no Collab CM		Ninja Batman x Pop Team Epic Kindan no Collab CM Eizou Kaikin!
Ninja Bear		
Ninja Bugei-chou	Manual of Ninja Martial Arts	Ninja Bugeicho
Ninja Hattori-kun	Ninja Hattori-kun	Hattori the Ninja
Ninja Hattori-kun (2012)		
Ninja Hattori-kun (2012) Special		
Ninja Hattori-kun Plus Perman: Chounouryoku Wars		Ninja Hattori-kun + Perman: Chounouryoku Wars
Ninja Hattori-kun Plus Perman: Ninja Kaijuu Jippou tai Miracle Tamago		Ninja Hattori-kun Plus Paaman: Ninja Kaijuu Jippou Tai Miracle Tamago
Ninja Hattori-kun: Nin Nin Furusato Daisakusen no Maki		Hattori and the War of the Little Ninja Villages
Ninja Hattori-kun: Nin Nin Ninpo Enikki no Maki		
Ninja Mono	Ninja Cadets	
Ninja Negizou		Ninja Negi Zou
Ninja Ryuukenden		Ninja Gaiden
Ninja Senshi Tobikage	Ninja Robots	
Ninja Slayer From Animation	Ninja Slayer From Animation	
Ninja Tamamaru		
Ninja Tamamaru: Rule wo Mamotte Koutsuu Anzen! no Maki		
Ninja Tamamaru: Toukaidou Gojuusan-ji		The Fifty-Three Stations of the Toukaidou
Ninja-tai Gatchaman ZIP!		Ohayou Ninjatai Gatchaman
Ninjaman Ippei		The Ninja Boy
Ninjutsu Hinotama Kozou: Edo no Maki	Ninja Fireball in Edo	Ninjutsu Hinotama Kozo: Edo no Maki
Ninkuu		Ninku
Ninkuu (Movie)		Ninku The Movie
Ninkuu: Knife no Bohyou		Ninku: Knife no Bohyou
Ninpen Manmaru		Manmaru the Ninja Penguin
Ninpou Midare Karakuri	Karakuri Ninja Girl	
Ninpuu Kamui Gaiden		Kamui the Ninja: Stories Other Than the Legend
Ninpuu Kamui Gaiden: Tsukihigai no Maki		Kamui the Ninja
Nintama Rantarou		Ninja Boy Rantaro
Nintama Rantarou Movie		Eiga Nintama Rantarou
Nintama Rantarou Movie: Ninjutsu Gakuen Zenin Shutsudou! no Dan		Gekijouban Anime Nintama Rantarou Ninjutsu Gakuen Zenin Shutsudou! no Dan
Nintama Rantarou no Jishin Youjin Hi no Youjin		
Nintama Rantarou no Shouboutai		
Nintama Rantarou no Uchuu Daibouken with Cosmic Front☆Next		
Nintama Rantarou: Dokutake Onsen no Dan		
Nintama Rantarou: Ninjutsu Gakuen to Nazo no Onna - Kore wa Jiken Da yo! no Dan		
Nintama Rantarou: Saraba Ninjutsu Gakuen no Dan		
Nippen no Miko-chan		
Nippon Mukashibanashi: Sannen Netarou		
Nippon Tanjou		Birth of Japan
Nirvana		Nirubana
Nisekoi	Nisekoi: False Love	Nisekoi
Nisekoi OVA		Nisekoi OVA
Nisekoi:	Nisekoi: False Love	Nisekoi 2nd Season
Nisekoi: OVA		
Nisekoimonogatari		
Nisemonogatari	Nisemonogatari	Impostory
Nishi no Yoki Majo: Astraea Testament	The Good Witch Of The West	Nishi no Yoki Majo
Nishio no Yatsuzou		
Nishitesu CMs		Nishitetsu Group Bus Unten-shi Boshuu
Nisoku Hokou		Two - Breath Walking
Nisou no Kuzu	Dialogue Between Two	Thinking and Drawing: Nihon no Shinseiki Art Animation
Nissan Serena x One Piece 3D: Mugiwara Chase - Sennyuu!! Sauzando Sanii-gou		Serena x One Piece
Nisshin Seifun Group CM		Konyara no Uta
Nissin Cup Noodles China x Gintama		
Nissin no Donbei x Kemono Friends		Fukkura
Nitaboh		Nitaboh: Tsugaru Shamisen Shiso Gaibun
Niuniu Elise PV	Elise in Wonder Cooking	Elise no Wonder Cooking
No Doubt		IDOLiSH7: NO DOUBT/Re:Vale
No Game No Life	No Game	ノーゲーム・ノーライフ
No Game No Life Specials		NGNL Specials
No Game No Life: Zero		NGNL Zero
No Game No Life: Zero - Manner Movie		
No Littering	No Littering	
No Shiba no Shiba	No Silver Bullets	
No.6	No. 6	Number Six
Nobara		
Nobara (OVA)		Doutoku Meisaku Series
Nobara no Julie	Julie the Wild Rose	Roman Gekijou: Nobara no Julie
Nobiro Nobiro Daisuki na Ki		Minna no Uta
Noblesse: Awakening		
Noblesse: Pamyeol-ui Sijak		Noblesse: The Beginning of Destruction
Nobunaga Concerto		Nobunaga Concierto
Nobunaga no Shinobi	Ninja Girl & Samurai Master	
Nobunaga no Shinobi: Anegawa Ishiyama-hen	Ninja Girl & Samurai Master: Anegawa and Ishiyama Arc	Ninja Girl & Samurai Master 3rd
Nobunaga no Shinobi: Ise Kanegasaki-hen	Ninja Girl & Samurai Master 2nd	
Nobunaga no Shinobi: Nobunaga to Minarai Shinobi	Ninja Girl & Samurai Master: Episode 0	Nobunaga no Shinobi Episode 0
Nobunaga the Fool	Nobunaga the Fool	
Nobunaga-kun no Jitensha no Rule wo Mamoru no Ja		
Nobunaga-kun no Minna de Yakusoku Hi no Youjin		
Nobunagun	Nobunagun	Nobunagan
Nodame Cantabile	Nodame Cantabile	
Nodame Cantabile Finale		Nodame Cantabile Third Season
Nodame Cantabile Finale Special		Nodame Cantabile Third Season Special
Nodame Cantabile OVA		Nodame Cantabile OAD
Nodame Cantabile OVA 2		Nodame Cantabile Finale: Episode 12
Nodame Cantabile Special		Nodame and Chiaki Summer Tales
Nodame Cantabile: Paris-hen		Nodame Cantabile Paris Chapter
Nodoka Mori no Doubutsu Daisakusen	Peter of Placid Forest	Back to the Forest
Noein: Mou Hitori no Kimi e	Noein: to your other self	Noein: Toward Another You
Noel no Fushigi na Bouken	Noel&#039;s Fantastic Trip	The Marvelous Adventures of Noel
Nogiku no Haka		
Nogizaka Haruka no Himitsu	Haruka Nogizaka&#039;s Secret	Nogizaka Haruka no Himitsu
Nogizaka Haruka no Himitsu: Finale	Haruka Nogizaka&#039;s Secret: Finale	Nogizaka Haruka no Himitsu 3
Nogizaka Haruka no Himitsu: Purezza		Nogizaka Haruka no Himitsu 2
Nogsaegjeoncha Haemosu	Hamos: The Green Chariot	Niji no Senki Irisu
Noir	Noir	
Noisy Birth		
NoisyCell x Ponkotsu Quest		
Non Non Biyori	Non Non Biyori	
Non Non Biyori Movie: Vacation		
Non Non Biyori Repeat	Non Non Biyori Repeat	Non Non Biyori 2nd Season
Non Non Biyori Repeat: Hotaru ga Tanoshinda		Non Non Biyori Repeat OVA
Non Non Biyori: Okinawa e Ikukoto ni Natta		Non Non Biyori OVA
Non-tan to Issho		Nontan to Issho
Nonki na Tou-san Ryuuguu Mairi		Dreamy Urashima
Nono-chan		Nonoko
Nono-chan Theater		
Nonomura Byouin no Hitobito	Mystery of Nonomura Hospital	People of the Nonomura Hospital
Nonsense Monogatari Dai Ippen: Sarugashima	Nonsense Story	難船ス物語　第一篇　猿ケ島
Noobow		
Noobow: Kieta Medal		
Noobow: Na Kokoro		Noobow: Mini Theater
Nora		
Nora to Oujo to Noraneko Heart	Nora	 and Stray Cat
Norabbits&#039; Minutes	Norabbits&#039; Minutes	Norabittsuminittsu
Noragami	Noragami: Stray God	
Noragami Aragoto	Noragami Aragoto	
Noragami Aragoto OVA		Noragami Aragoto OAD
Noragami OVA		Noragami OAD
Norageki!	Five Numbers!	
Norakuro		
Norakuro Compilation OVA		
Norakuro Gochou	Corporal Norakuro	Norakuro Gocho
Norakuro Ittouhei		
Norakuro Nitouhei		
Norakuro Nitouhei: Enshuu no Maki	Private 2nd Class Norakuro: The Drill	Private 2nd Class Norakuro: The Training
Norakuro Nitouhei: Kyouren no Maki	Private 2nd Class Norakuro: The Training	Private 2nd Class Norakuro: The Drill
Norakuro Shoui: Nichiyoubi no Kaijiken	2nd Lieutenant Norakuro: Sunday Magic	Norakuro Shoi: Nichiyobi no Kaijiken
Norakuro-kun		Little Norakuro
Noramimi		Nora Mimi
Noramimi 2		
Noraneko		Noragami: Noraneko
Norasco		Nora Suko
Norasco (Movie)		Norasco Baba Nuki-hen
Norasco (TV)		Nora Suko (TV)
Norasco Specials		Nora Suko Specials
Norasco: Cinema Point Card-hen		Nora Suko
Nori P-chan		Nori Pi-chan
Norimono Atsumare: Hit Song-shuu		Yahoo! Shinkansen
Norimono Oukoku BuBu ChaCha		BuBu ChaCha
Norman the Snowman: Kita no Kuni no Aurora (Kari)		
Norn9: Norn+Nonet	Norn9	Norn 9 Norun+Nonet
Norn9: Norn+Nonet Recap		Norn9: Norn+Nonet Special
Noroma na Jiji	An Old Fool	
Nosewasure: Onna Kyoushi Chuuzenji Ayano no Inutsu na Kore kara		Nosewasure The Animation: Female Teacher Chuuzenji Ayano&#039;s Upcoming Sexual Frustrations
Nosferatu	Nosferatu	Kindan no Tasuketsu
Notari Matsutarou		
Nothing&#039;s Gonna Change		Denki Groove
Notteke Explet&#039;s		
Nougyou Musume!		Nougyou Musume!: Episode 0
Nourin	No-Rin	Agriculture and Forestry
Nouryou Anime: Denkyuu Ika Matsuri	Squid Festival	Ikamaturi
Nowhereland	Nowhereland	The Hotpantz
Nowisee		
Nozo x Kimi		Nozomi x Kimio
Nozoki Ana		A Peephole
Nozomi Witches		Bewitching Nozomi
Nude Batter Tetsuo		
Nudist Beach ni Shuugaku Ryokou de!! The Animation	In school trip to the nudist beach!!	
Nudl Nude		Nudlnude
Nudl Nude 2		Nudlnude 2
Nui Nui Hinobori San Kyoudai	The Three Nui Nui Hinobori Brothers	
Nuki Doki! Tenshi to Akuma no Sakusei Battle		
Nuki Doki! Tenshi to Akuma no Sakusei Battle - Revolution		
Nukko.		
Nulu-chan to Boku	Nulu-chan and Me	
Numa no Taishou	General of the Swamp	
Nunbori	Noonbory and the Super Seven	Noonbory
Nurarihyon no Mago	Nura: Rise of the Yokai Clan	The Grandson of Nurarihyon
Nurarihyon no Mago OVA		
Nurarihyon no Mago Recaps		Nurarihyon no Mago Episode 12.5 and Episode 24.5
Nurarihyon no Mago: Jump Super Anime Tour Special		Nurarihyon no Mago: Gekitou Dai Futtosaru Taikai! Nuragumi W Cup!!
Nurarihyon no Mago: Sennen Makyou	Nura: Rise of the Yokai Clan - Demon Capital	Nurarihyon no Mago 2
Nurarihyon no Mago: Sennen Makyou Recaps	Nura: Rise of the Yokai Clan - Demon Capital	Nurarihyon no Mago 2
Nurse Angel Ririka SOS		
Nurse Witch Komugi-chan Magikarte		Nurse Witch Komugi
Nurse Witch Komugi-chan Magikarte Special		Nurse Witch Komugi-chan Episode 2.5
Nurse Witch Komugi-chan Magikarte Z		
Nurse Witch Komugi-chan Magikarte Z Special		Nurse Witch Komugi-chan Magikarte Z: An Anime is Made
Nurse Witch Komugi-chan R		
Nuwa Chengzhang Riji		Nuwa Chengchang Riji
Nyago Dance	The Cat Purr Dance	
Nyamen		
Nyamen: Tenkai Daiichi Joshi Koukou Bunka Matsuri Tokubetsu Eizou		
Nyan Koi!	Nyan Koi!	Nyankoi
Nyanbo!	Nyanbo!	
Nyancos: Hello! Our Brilliant Future		Nyankosu
Nyancos: Hello! Our Brilliant Future Digest		Nyankosu Recap
Nyanfuru		Nyanfu
Nyani ga Nyandaa Nyandaa Kamen		Mighty Cat Masked Niyander
Nyani ga Nyandaa Nyandaa Kamen no Koutsuu Anzen		
Nyani ga Nyandaa Nyandaa Kamen no Yuukai Boushi: Miiko-chan Chanto Check!!		
Nyanko Days	Nyanko Days	
Nyanpara no Nakama-tachi		
Nyanpire The Animation		
Nyanpuku Nyaruma		
Nyanta no wo Tanjoubi wa Kaji Sawagi!		
Nyoro-n Churuya-san	Nyoron! Churuya-san	Nyoron Churuya-san
Nyuru Nyuru!! Kakusen-kun		
Nyuru Nyuru!! Kakusen-kun 2nd Season		Nyuru Nyuru!! Kakusen-kun 2-ki
Nyuuin Bokki Monogatari: Odaijini!		
