A Kite	Kite	
A Piece of Phantasmagoria		
A Play		
A Smart Experiment		
A Tang Qi Yu	Tea Pets	Atang Qiyu
A-Channel	A-Channel	A-Channel: The Animation
A-Channel+smile		A-Channel OVA
A-Channel: +A-Channel	A-Channel: +A-Channel	A-Channel Specials
A-Channel: Nabe wo Tabeyou	A-Channel: Let&#039;s Eat Hot Pot	A Channel +Smile Extra OVA
A-Girl	A-Girl	
A-Ko The Versus	Project A-ko: Uncivil Wars	Project A-Ko: Vs
A-Size Classmate		
A-jang.com		Ahjangdatkeom
A.D. Police (TV)	A.D. Police: To Protect and Serve	A.D. Police
A.F		Archetypes Forces
A.I.C.O.: Incarnation		AICO
A.LI.CE	A.LI.CE	alice
AAA de Ikou!!: Yuuna & Akiko		Yuuna & Akiko: Let&#039;s Go AAA!
ACCA: 13-ku Kansatsu-ka	ACCA: 13-Territory Inspection Dept.	ACCA: 13th Territory Inspection Department
ACCA: 13-ku Kansatsu-ka Specials		ACCA: 13-Territory Inspection Dept.
AD Police	AD Police Files	A.D. Police
AIKa	Agent AIKa	
AIKa R-16: Virgin Mission	AIKa R-16: Virgin Mission	
AIKa Zero		AIKa: ZERO
AIKa Zero Picture Drama		
AIKa: Special Trial		Agent Aika Special
AIUEO Anime Sekai no Douwa: Aesop Monogatari Anime Series		ABC-Anime: The World&#039;s Children&#039;s Stories - Aesop&#039;s Fables Anime Series
AKB0048	AKB0048	AKB0048: First Stage
AKB0048: Next Stage	AKB0048: Next Stage	AKB0048 2nd Season
AKB48 Stage Fighter		
AOTU Shijie		AOTU World
AOTU Shijie 2		AOTU World 2
AWOL		AWOL: Absent Without Leave
Aa Harimanada		Ah Harima-nada
Aa! Megami-sama!	Oh! My Goddess	Ah! My Goddess (OVA)
Aa! Megami-sama! (2011)		Ah! My Goddess (2011)
Aa! Megami-sama! (TV)	Ah! My Goddess	Ah! My Goddess! (TV)
Aa! Megami-sama! (TV) Specials		Ah! My Goddess! Specials
Aa! Megami-sama! Movie	Ah! My Goddess: The Movie	Gekijouban Aa! Megamisama
Aa! Megami-sama!: Chichaitte Koto wa Benri da ne	Oh! My Goddess: The Adventures of Mini-Goddess	Oh! My Goddess: Being Small is Convenient
Aa! Megami-sama!: Sorezore no Tsubasa	Ah! My Goddess: Flights of Fancy	Ah! My Goddess: Sorezore no Tsubasa
Aa! Megami-sama!: Sorezore no Tsubasa Specials	Ah! My Goddess: Flights of Fancy Specials	Ah! My Goddess: Sorezore no Tsubasa Specials
Aa! Megami-sama!: Tatakau Tsubasa		Ah! My Goddess: Tatakau Tsubasa
Aachi wa Ssipak	Aachi and Ssipak	Aachi & Ssipak
Abarenbou Rikishi!! Matsutarou	Rowdy Sumo Wrestler Matsutaro!!	Roughneck Sumo Wrestler!! Matsutarou
Abashiri Ikka		The Abashiri Family
Abe George Kattobi Seishun Ki: Shibuya Honky Tonk		
Abenobashi Mahou☆Shoutengai	Magical☆Shopping Arcade Abenobashi	Abenobashi Magic Shopping District
Absolute Duo	Absolute Duo	
Abstract feat. Alkama	Abstract feat. Alkama	
Abunai Sisters: Koko & Mika		
Accel World	Accel World	Accelerated World
Accel World EX		Accel World OVA
Accel World: Acchel World.		Accel World Specials
Accel World: Infinite∞Burst		
Accelerando: Datenshi-tachi no Sasayaki		
Acchi Kocchi		Atchi Kotchi
Acchi Kocchi (TV)	Place to Place	Acchi Kocchi
Acchi Kocchi (TV): Place=Princess		Acchi Kocchi Special
Ace wo Nerae!		Ace o Nerae
Ace wo Nerae! (1979)	Aim for the Ace! (1979)	Ace o Nerae: Theatrical Version
Ace wo Nerae! 2		Ace wo Nerae! OVA 1
Ace wo Nerae!: Final Stage		Ace O Nerae! OVA 2
Acerola-chan		
Action Heroine Cheer Fruits	Action Heroine Cheer Fruits	
Active Raid: Kidou Kyoushuushitsu Dai Hachi Gakari	Active Raid	Active Raid: Special Public Security Fifth Division Third Mobile Assault Eighth Unit
Active Raid: Kidou Kyoushuushitsu Dai Hachi Gakari 2nd	Active Raid Second	Active Raid: Special Public Security Fifth Division Third Mobile Assault Eighth Unit 2nd
Ad Lib Anime Kenkyuujo		Ad Lib Anime Laboratory
Adachi-ga Hara		Adachigahara
Adauchi Karasu		
Adesugata Mahou no Sannin Musume		Mami
Advancer Tina	Best of Kitty #1	
Adventures in Beauty Wonderland		
Aesop Douwa		イソップ童話
Aesop no Ohanashi yori: Ushi to Kaeru	 Yokubatta Inu	いそっぷのおはなしより 牛とかえる
Aesop&#039;s World		
Afghanistan Paghman-mura no Monogatari: Boku no Mura ni Circus ga Kita		Story of Afghanistan Paghman Village
Afghanistan Paghman-mura no Monogatari: Sekaiichi Utsukushii Boku no Mura		Story of Afghanistan Paghman Village
Africa no Salaryman	African Office Worker	Businessman in Africa
Afro Samurai	Afro Samurai	
Afro Samurai Movie	Afro Samurai the Movie	
Afro Samurai Pilot		
Afro Samurai: Resurrection	Afro Samurai: Resurrection	
Afro-Ken		
After School		
After... The Animation		
Aftermath	Aftermath	Muse: Aftermath
Afureko! AR		
Against	Against	
Agatha Christie no Meitantei Poirot to Marple	Agatha Christie&#039;s Great Detectives Poirot and Marple	
Age Man to Fuku Chin		Ageman to Fuku-chan
Age of Obscure: Boubaku Jidai		
Aggressive Retsuko	Aggretsuko	
Aggressive Retsuko (ONA)	Aggretsuko	
Agigongryong Doolie	Little Dino Dooly	Baby Dinosaur Dooly
Agigongryong Doolie (1988)	Little Dino Dooly (1988)	Baby Dinosaur Dooly (1988)
Agigongryong Doolie (2009)	Little Dino Dooly (2009)	
Agigongryong Doolie (Movie)	Baby Titanosaur Dooly: Adventure in the Ice Star	Little Dino Dooly Movie (Movie)
Agitated Screams of Maggots		Dir en grey: Agitated Screams of Maggots
Agukaru	Agriculture Angel BARAKI	
Agukaru: Play with Ibaraki-hen	Agriculture Angel BARAKI: Play with Ibaraki	
Agukaru: Play with Ibaraki-hen Episode 0	Agriculture Angel BARAKI: Play with Ibaraki Episode 0	Agriculture Angel Baraki Prologue
Aguu: Tensai Ningyou	Aguu: Genius Dolls	
Ahiru Rikusentai	Duck Brigade	Ahiru Riku Sentai
Ahiru no Ko	The Ugly Duckling	
Ahiru no Otegara	The Duckling Saves the Day	
Ahiru no Pekkle no Ahiru no Drakestail	Pekkle in Drakestail	Hello Kitty&#039;s Animation Theater 9b
Ahiru no Pekkle no Aladdin to Mahou no Lamp	Pekkle in Aladdin and His Magic Lamp	Hello Kitty and Friends: Aladdin and His Magic Lamp
Ahiru no Pekkle no Hihou wo Sagase	Pekkle in Find the Secret Treasure	Hello Kitty and Friends: Find the Secret Treasure
Ahiru no Pekkle no Minikui Ahiru no Ko	Pekkle in the Ugly Duckling	Hello Kitty&#039;s Animation Theater 11b
Ahiru no Pekkle no Sindbad no Bouken	Pekkle in the Adventures of Sinbad	Hello Kitty and Friends: The Adventures of Sinbad
Ahiru no Pekkle no Suieitaikai wa Oosawagi	Pekkle in the Great Swimming Race	Hello Kitty and Friends: The Great Swimming Race
Ahiru no Sora		
Aho Girl	AHO-GIRL	Ahogaru: Clueless Girl
Ai	Love	
Ai (ONA)		Love
Ai City	Love City	
Ai Doll	Love Doll	
Ai Mai! Moe Can Change!		
Ai Monogatari: 9 Love Stories		Kawaguchi Kaiji&#039;s 9 Love Stories
Ai Shimai 2: Futari no Kajitsu	Immoral Sisters 2	
Ai Shimai Tsubomi... Kegashite Kudasai	Immoral Sisters: Blossoming	Ai Shimai ~Tsubomi~
Ai Shimai: Futari no Kajitsu	Immoral Sisters	
Ai Shoujo Pollyanna Story		Sekai Meisaku Gekijou
Ai Shoujo Pollyanna Story Specials		Sekai Meisaku Gekijou Kanketsu Ban: Ai Shoujo Pollyanna Monogatari
Ai Sky Tree 21		Love Sky Tree 21
Ai Tenchi Muyou!		Tenchi Muyo! Love
Ai Tenchi Muyou! Recaps		Ai Tenchi Muyou! Furukaeri
Ai Tenshi Densetsu Wedding Peach	Wedding Peach	Legend of the Angel of Love - Wedding Peach
Ai Tenshi Densetsu Wedding Peach DX	Wedding Peach DX	Wedding Peach Deluxe
Ai Tenshi Densetsu Wedding Peach Specials		Wedding Peach Specials
Ai Uta: Since 2007		whiteeeen
Ai Yori Aoshi	Ai Yori Aoshi	Bluer Than Indigo
Ai Yori Aoshi: Enishi	Ai Yori Aoshi: Enishi	Bluer Than Indigo: Fate
Ai Yori Aoshi: Enishi - Miyuki		
Ai Yori Aoshi: Yumegatari	Ai Yori Aoshi: Speaking of Dreams	Ai Yori Aoshi: Dream Story
Ai no Gakkou Cuore Monogatari		School of Love: Heart&#039;s Story
Ai no Katachi: Ecchi na Onnanoko wa Kirai... Desu ka?		
Ai no Kiseki: Doctor Norman Monogatari		Miracle of Love: Doctor Norman&#039;s Story
Ai no Kusabi	Ai no Kusabi	Love Wedge
Ai no Kusabi (2012)		
Ai no Senshi Rainbowman		Warrior of Love Rainbowman
Ai no Wakakusa Monogatari	Tales of Little Women	Sekai Meisaku Gekijou
Ai no Wakakusa Monogatari Specials		Sekai Meisaku Gekijou Kanketsu Ban: Ai no Wakakusa Monogatari
Ai no Wakakusa Yama Monogatari		Little Women in Love
Ai think so		愛 think so
Ai to Ken no Camelot: Mangaka Marina Time Slip Jiken	Camelot	Marina the Manga Artist Goes to Camelot
Ai to Shi		
Ai to Yuuki no Pig Girl Tonde Buurin	Super Pig	Ai to Yuki no Piggu Garu Tonde Burin
Ai wa KAT-TUN		
Ai wa Kagi no Kazu dake... Fuuzoku Mansion	Love is the Number of Keys	Ai ha Kagi no Kazu dake... Fuuzoku Mansion
Aikatsu Friends!		
Aikatsu Stars!		
Aikatsu Stars! Movie		Gekijouban Aikatsu Stars!
Aikatsu!		Aikatsu! Idol Katsudou! Idol ga Tsudou!
Aikatsu! Movie		Gekijouban Aikatsu! Idol Katsudou!
Aikatsu! Music Award: Minna de Shou wo MoracchaimaShow!		
Aikatsu!: Dai Starmiya Ichigo Matsuri Zenyasai!!		
Aikatsu!: Nerawareta Mahou no Aikatsu! Card		Aikatsu! Aiming for the Magical Aikatsu Card
Aikodesho		Minna no Uta
Ail Maniax: Inma Seifukugari & Majogari no Yoru ni		
Aimai Elegy		Love-lost Elegy
Ainone		Yen Town Band - Ai no Ne
Aioi Ai oi	Aioiaioiaioi	
Air	Air	
Air Gear	Air Gear	
Air Gear Special	Air Gear: Special Trick	Air Gear Episode 21.5
Air Gear: Kuro no Hane to Nemuri no Mori - Break on the Sky		Air Gear OVA
Air Master	Air Master	Airmaster
Air Movie	Air: The Motion Picture	Gekijouban Air
Air Soushuuhen	Air: Memories	Air Episode 13
Air in Summer	Air in Summer	Air in Summer Special
Airy Me		
Aisai Nikki		
Aiseki Mogol Girl		
Aishen Qiaokeli-ing...		Cupid&#039;s Chocolates
Aishen Qiaokeli-ing... 2nd Season		Cupid&#039;s Chocolates 2nd Season
Aishite Knight	Rock&#039;n Roll Kids	Kiss Me
Aishiteruze Baby★★		Aishiteru ze Baby
Aisubeki Mirai e		Dear the Lovable Future
Aitata Bocchi	Ouch	あいたたぼっち
Aitsu to Lullaby: Suiyobi no Cinderella		Lullaby for Wednesday&#039;s Cinderella
Aiura	Aiura	
Ajimu: Kaigan Monogatari		Ajimu: Beach Story
Ajin	Ajin: Demi-Human	Ajin
Ajin 2nd Season		Ajin: Demi-Human 2nd Season
Ajin OVA		
Ajin Part 1: Shoudou	Ajin: Demi-Human Movie 1: Compel	
Ajin Part 2: Shoutotsu	Ajin: Demi-Human Movie 2: Confront	
Ajin Part 3: Shougeki	Ajin: Demi-Human Movie 3: Collide	
Ajin Senshi		
Ajisai no Uta		Song of Hydrangea
Ajjishin da Tsunami wa? Jibun no Inochi wa Jibun de Mamoru		Ajishin da Tsunami wa? Jibun no Inochi Waji Bun de Mamoru
Akachan to Boku	Baby and Me	Aka-chan to Boku
Akadou Suzunosuke		Redbreast Suzunosuke
Akagaki Genzou: Tokuri no Wakare		Genzo Performs a Ceremony with a Parting Cup
Akagami no Shirayuki-hime	Snow White with the Red Hair	Akagami no Shirayukihime
Akagami no Shirayuki-hime 2nd Season	Snow White with the Red Hair 2	Akagami no Shirayukihime 2nd Season
Akagami no Shirayuki-hime: Nandemonai Takaramono	 Kono Page	赤髪の白雪姫 ～なんでもない宝物、この頁～
Akage no Anne	Anne of Green Gables	Sekai Meisaku Gekijou
Akage no Anne Specials		Sekai Meisaku Gekijou Kanketsu Ban: Akage no Anne
Akage no Anne: Green Gables e no Michi		Anne of Green Gables: Road to Green Gables
Akahori Gedou Hour Rabuge	Akahori&#039;s Heretical Hour Love Game	Akahori Gedou Hour Love Game
Akai Boushi		Red Hat
Akai Hayate	Akai Hayate	
Akai Ito		Red Thread
Akai Jitensha		Minna no Uta
Akai Kiba: Blue Sonnet	Blue Sonnet	Akai Kiba
Akai Koudan Zillion	Zillion	Red Photon Zillion
Akai Koudan Zillion Specials	Zillion Specials	Red Photon Zillion Specials
Akai Koudan Zillion: Utahime Yakyoku	Zillion: Burning Night	Red Photon Zillion: Burning Night
Akai Kutsu! Onnanoko!	Red Shoes	
Akai Shouzou: Char	 Soshite Frontal e	赤い肖像　～シャア、そしてフロンタルへ～
Akakichi no Eleven		The Dark Red Eleven
Akame ga Kill!	Akame ga Kill!	Akame ga Kiru!
Akame ga Kill! Recap		Akame ga Kill! Digest Recap
Akame ga Kill! Theater	AkaKill! Theater	Akame ga Kill! Gekijou
Akane Maniax		Kimi ga Nozomu Eien Gaiden
Akane-chan	Little Miss Akane	
Akane-chan no Wasuremono		
Akaneiro ni Somaru Saka	Akane Iro ni Somaru Saka	Akasaka
Akaneiro ni Somaru Saka: Hardcore	Akane Iro ni Somaru Saka Hardcore OVA	Akane-iro ni Somaru Saka OVA
Akanesasu Shoujo		
Akaoni to Aooni no Tango		Red Devil and Blue Devil&#039;s Tango
Akashic Re:cords	Akashic Re:cords	
Akatsuki no Yona	Yona of the Dawn	Yona: The girl standing in the blush of dawn
Akatsuki no Yona OVA		Yona: The girl standing in the blush of dawn
Akazukin Chacha	Red Riding Hood Chacha	
Akazukin Chacha OVA		
Akazukin Chanto Manabou! Koutsuu Rule		
Akazukin to Kenkou	Little Red Riding Hood and Health	
Akebi no Hana: Maho		Yama Hime no Hana
Aki no Kanade		Wakate Animator Ikusei Project
Aki no Puzzle	Puzzle of Autumn	
Aki-Sora	Aki Sora	Akisora
Aki-Sora: Yume no Naka		Akisora: Yume no Naka
Akiba&#039;s Trip The Animation	Akiba&#039;s Trip The Animation	
Akiba-chan	Akiba-chan	
Akibakei Kanojo	Akiba Girls	
Akichi Asobi: Playground		
Akihabara Dennou-gumi		Cyberteam in Akihabara
Akihabara Dennou-gumi: 2011-nen no Natsuyasumi		Cyberteam in Akihabara: 2011 Summer Vacations
Akikan!	Akikan!	Empty Can!
Akikan!: Kan Ippatsu!? Onsen Panic	Akikan! OVA	
Akiko		
Akina to Onsen de H Shiyo!		
Akindo Sei no Little Peso		
Akira	AKIRA	
Akisutozeneko		Minna no Uta
Akita Kenritsu Iburi Gakkou Chuutou-bu		
Akita Kenritsu Iburi Gakkou Chuutou-bu: Web-ban Omake		
Akkun to Kanojo	My Sweet Tyrant	Akkun and His Girlfriend
Aku no Hana	Flowers of Evil	Aku no Hana
Aku no Onna Kanbu	Evil Woman Executive	
Aku no Onna Kanbu: Full Moon Night	Evil Woman Executive: Full Moon Night	
Akubi Girl		
Akuei to Gacchinpo		A-kuei & Gatchinpo
Akuei to Gacchinpo Tenkomori: Maboroshi no Omake Episode		
Akuei to Gacchinpo The Movie: Chelsea no Gyakushuu/Akuei to Mahou no Hammer		A-Kuei and His Magic Hammer
Akuei to Gacchinpo: Tenkomori		A-kuei & Gatchinpo: Tenkomori
Akuemon		
Akuma Tou no Prince: Mitsume ga Tooru		
Akuma no Kairozu	Devil&#039;s Circuit	
Akuma no Kimuraa-hen		Cup Noodles
Akuma no Memumemu-chan		
Akuma no Riddle	Riddle Story of Devil	Akuma no Riddle
Akuma no Riddle: Shousha wa Dare? Nukiuchi Test		Akuma no Riddle Special
Akuma to Himegimi		The Devil and the Princess
Akuma-kun		Devil Boy
Akuma-kun (Movie)		Devil Boy
Akuma-kun: Youkoso Akuma Land e!!		Akuma-kun: Youkoso Akuma Land he!!
Akuu Daisakusen Srungle	Macron One	Mission Outer Space Srungle
Al Caral no Isan	Legacy of Aru Kararu	Archa Lyra
Aladdin to Mahou no Lamp no Koutsuu Anzen		
Alan-kun no Koutsuu Rule wo Mamorou ne!		
Aldnoah.Zero	Aldnoah.Zero	AZ
Aldnoah.Zero 2nd Season	Aldnoah.Zero	
Aldnoah.Zero Extra Archives		Aldnoah.Zero Soushuuhen
Alexander Senki	Reign: The Conqueror	Alexander&#039;s Campaign
Alexander Senki Movie	Reign: The Conqueror Movie	Alexander Senki Gekijouban
Alexandros no Ketsudan	Alexander&#039;s Decision	
Ali Baba to 40-hiki no Touzoku		Ali Baba to Yonju-hiki no Touzoku
Alice SOS		
Alice Tantei Kyoku		Alice Tanteikyoku
Alice in Cyberland		
Alice in Deadly School		
Alice in Dreamland		Alice in Dream Land
Alice or Alice: Siscon Niisan to Futago no Imouto		
Alice to Zouroku	Alice & Zoroku	
Alien 9		Alien Nine
All Alone With You		
All Out!!	All Out!!	
All That Gundam	All That Gundam	
All-Free kono Natsu Ichioshi Monogatari Campaign Kokuchi Douga		SUNTORY x Osomatsu-san
Allargando The Animation		
Allison to Lillia	Allison & Lillia	Alison and Lilia
Alluptoyou	Alluptoyou	Body Wash
Aloha! Youkai Watch: Rakuen Hawaii de Geragerapou!!		Aloha! Youkai Watch: Rakuen Hawaii de Geragerapo~!!
Alphard x Taka no Tsume		Ibaraki Toyopet
Alps Monogatari: Watashi no Annette		Sekai Meisaku Gekijou
Alps Monogatari: Watashi no Annette Specials		Sekai Meisaku Gekijou Kanketsu Ban: Alps Monogatari Watashi no Annette
Alps no Shoujo Heidi		Heidi: Girl of the Alps
Alps no Shoujo Heidi (1979)	The Story of Heidi	
Alps no Shoujo Heidi Pilot		Heidi: Girl of the Alps Pilot
Alps no Shoujo Heidi: Alm no Yama-hen		
Alps no Shoujo Heidi: Heidi to Clara-hen		
Ama Gli Animali	Love the Animals	
Amaama to Inazuma	Sweetness & Lightning	
Amada Anime Series: Super Mario Brothers		Mario OVA
Amaenaide yo!!	Ah My Buddha	Amaenaideyo!!
Amaenaide yo!! Katsu!!	Ah My Buddha Katsu	Amaenaideyo!! 2
Amaenaide yo!! Katsu!!: Damasarenaide yo!!	Ah My Buddha Katsu Special	Amaenaide yo!! Katsu!!: Don&#039;t be Fooled!!
Amaenaide yo!!: Yasumanaide yo!!	Ah! My Buddha Special	Amaenaide yo!! Special
Amagami SS	Amagami SS	
Amagami SS OVA	Amagami SS	Amagami SS Short Animations
Amagami SS+ Plus	Amagami SS+ plus	Amagami SS Dai Ni Ki
Amagami SS+ Plus Picture Drama		Amagami SS+ Plus Picture Drama - Valentine For You
Amagami SS+ Plus Specials		Amagami SS Dai Ni Ki Specials
Amagami SS: Tachibana Miya-hen - Imouto	Amagami SS: Little Sister	Amagami SS: Imouto
Amagi Brilliant Park	Amagi Brilliant Park	Amaburi
Amagi Brilliant Park: Nonbirishiteiru Hima ga Nai!		Amagi Brilliant Park Episode 14
Amagi Brilliant Park: Wakuwaku Mini Theater - Rakugaki Backstage		Amagi Brilliant Park Specials
Amai Choubatsu: Watashi wa Kanshu Senyou Pet		Amai Choubatsu: Watashi wa Kanshu Sen&#039;you Pet
Amakage	Amakage	Amakage music clip
Amakano		
Amanatsu		
Amanchu!		
Amanchu! Advance		Amanchu! 2
Amanchu!: Yakusoku no Natsu to Atarashii Omoide no Koto		Amanchu! OVA
Amanee!: Tomodachinchi de Konna Koto ni Naru Nante!		
Amaryllis		Minna no Uta
Amatsuki	Amatsuki	
Amazing Nuts!		Global Astroliner Gou
Ame no Bus Stop-hen		
Ame no Ten Ten		Minna no Uta
Ame to Shoujo to Watashi no Tegami		Rain
Ame-iro Cocoa	Rainy Cocoa	Ameiro Cocoa
Ame-iro Cocoa 5th Season		Ameiro Cocoa
Ame-iro Cocoa Series: Ame-con!!	Ame-Con!!	Ameiro Cocoa Series: Amecon!!
Ame-iro Cocoa in Hawaii	Rainy Cocoa in Hawaii	Ame-iro Cocoa 3
Ame-iro Cocoa: Rainy Color e Youkoso!	Rainy Cocoa	雨色ココア Rainy colorへようこそ！
Amefuri Kozou		Rain Boy
Ameya Tanuki	The Candy Man&#039;s Raccoon Dog Dance	
Amigo Tomodachi		
Amnesia	Amnesia	
Amnesia OVA		
Amon Saga		
Amon: Devilman Mokushiroku		Amon: The Apocalypse of Devilman
An Expression	An Expression	Hyougen
An Ling Yu Shi Di Qi	Stitch & Ai	An Ling and Stitch
Ana no Oku no Ii Tokoro		
Anata dake Konbanwa	Tonight	貴方だけこんばんわ
Anata ga Furikaeru Toki		
Anata mo Robot ni Nareru feat. Kamome Jidou Gasshoudan	You Can Be A Robot	あなたもロボットになれる feat. かもめ児童合唱団
Anata no Katagoshi Chotto Ue		
Anata no Shiranai Kangofu: Seiteki Byoutou 24 Ji		Anatano Shira Nai Kangofu
Anata wa Watashi no Mono		
Anata wo Zutto Aishiteru		Gonyeoseog Masnagessda 2: Hamkkelaseo Haengboghae
Ancien to Mahou no Tablet: Mou Hitotsu no Hirune Hime	Ancien and the Magic Tablet: Another Story	
And And		
Andersen Douwa: Ningyohime	Hans Christian Anderson&#039;s The Little Mermaid	The Little Mermaid
Andersen Monogatari	The World of Hans Christian Andersen	
Andersen Monogatari (TV)		Hans Christian Andersen Stories
Andes Shounen Pepero no Bouken	Adventures of Pepero the Andes Boy	Andes Shonen Pepero no Boken
Android Ana Maico 2010	Android Announcer Maico 2010	
Andromeda Stories		Gemini Prophecies
Ane Jiru 2 The Animation: Shirakawa Sanshimai ni Omakase		Anejiru 2 The Animation
Ane Jiru The Animation: Shirakawa Sanshimai ni Omakase		Anejiru The Animation
Ane Koi: Suki Kirai Daisuki.		
Ane Kyun!: Joshi ga Ie ni Kita!		A Woman Has Come to the House!
Ane Log: Moyako Neesan no Honpen wo Tobidashite Tomaranai Monologue		Ane Log Flash OVA
Ane Log: Moyako Neesan no Honpen wo Tobidashite Tomaranai Monologue Specials		Ane Log Flash OVA Specials
Ane Log: Moyako Neesan no Tomaranai Monologue		Sister&#039;s Log: Moyako&#039;s Never-ending Monologue
Ane Yome Quartet		
Ane to Boin	It&#039;s a Family Affair	
Aneimo	Square Sisters	
Aneki no Kounai Kaikinbi		
Aneki... My Sweet Elder Sister The Animation	Aneki... My Sweet Elder Sister: The Animation	
Anemone		
Ane☆Haramix		
Ange Vierge		
Angel		
Angel (Special)		
Angel Beats!	Angel Beats!	
Angel Beats! Specials		Angel Beats!: Stairway to Heaven
Angel Beats!: Another Epilogue		
Angel Blade		The Destroyer of Darkness
Angel Blade Punish!		
Angel Blade: Ultimate Edition - Tokuteneizou		Angel Blade Special
Angel Cop		
Angel Core: Tenshi-tachi no Sumika	Angel Core	
Angel Densetsu		Angel Legend
Angel Heart		
Angel ga Tonda Hi		
Angel&#039;s Feather	Angel&#039;s Feather	
Angelique		Angelique OVA 4
Angelique: Seichi yori Ai wo Komete		Angelique: From the Sanctuary with Love
Angelique: Shiroi Tsubasa no Memoire		Angelique: White Wing Memoirs
Angelique: Twin Collection		Angelique OVA 3
Angelium		
Angolmois: Genkou Kassenki		
Ani ni Tsukeru Kusuri wa Nai!		Please Take My Brother Away
Ani x Para	Animation x Paralympic	Anime x Parasport
Ani*Kuri15		Ani*Cre15
Aniki no Yome-san nara	 Ore ni Hamerarete Hiihii Itteru Tokoro Da yo	兄貴の嫁さんなら、俺にハメられてヒイヒイ言ってるところだよ
Anima		
Anima Yell!		
Animal 1		Animal One
Animal Dance		
Animal Yokochou	Animal Lane	
Animation Kikou: Marco Polo no Bouken	Marco Polo&#039;s Adventures	Animation Kikou Marco Polo
Animation Seisaku Shinkou Kuromi-chan	Animation Runner Kuromi	
Animation Seisaku Shinkou Kuromi-chan 2	Animation Runner Kuromi 2	
Animation de Tsutaeru: Hibakusha kara no Tegami		My Balsam Grandpa～Letters from Hibakusha～
Animation!		Animation! Tomoyoshi Joko & Hiroco Ichinose Film Works 2009
Animax Taisou		Animax Gymnastics
Anime 80-nichikan Sekai Isshuu	Around the World with Willy Fog	Anime Hachijuunichikan Sekai Isshuu
Anime Document: München e no Michi		Road to Munich
Anime Douyou		Anime Douyou Zenshuu
Anime Hachiko Monogatari		
Anime Himitsu no Hanazono	The Secret Garden	The Animated Secret Garden
Anime Koten Bungaku Kan		
Anime Koukyoushi: Jungle Taitei		
Anime Mitai na		the dresscodes - Anime Mitai na
Anime Oyako Gekijou	Superbook	
Anime Rakugo Kan		
Anime Roukyoku Kikou Shimizu no Jirochouden		Anime Roukyoku Kikou Shimizunojirochou Den
Anime Sanjuushi	The Three Musketeers	Anime Sanjushi: Aramis no Daiboken
Anime Sanjuushi: Aramis no Bouken	The Three Musketeers: Aramis the Adventure	Anime San Juushi: Aramis no Dai Boken
Anime TV de Hakken! Tamagotchi	Animated Tamagotchi Found on Television!	Tamagotchi
Anime Tenchou	Animation Store Manager	
Anime Tenchou Movie		Anime Tenchou Gekijouban
Anime Tenchou x Touhou Project		
Anime Tengu no Kakuresato		
Anime Yasei no Sakebi	Call of the wild	Anime Shout of the Wilderness
Anime de Wakaru Shinryounaika	Comical Psychosomatic Medicine	Anime de Wakaru Shinryou Naika
Anime-ban Little★Nicky: Henachoko Akuma Nicky no NY Taikenki		Anime Version Little Nicky
Anime-ban Toukaidou Yotsuya Kaidan		
Animegatari		Anime-gatari
Animegatari x Ghost in the Shell Collab Eizou		Animegatari x Koukaku Kidoutai: Shin Gekijouban Collaboration Eizou
Animegataris	Anime-Gataris	
Animentary: Ketsudan		Animentary: The Decision
Anisama		Ani Summer
Anisava		
Anison Nippon		Anison Japan
Anitore! EX	Anime de Training! Ex	Ani Tore! EX
Anitore! EX: Jigoku no Training		Anitore! EX Specials
Anitore! XX: Hitotsu Yane no Shita de	Anime de Training! Xx	Ani Tore! XX
Aniyome		Elder Brother&#039;s Wife
Aniyome wa Ijippari	Lover-in-Law	Elder Brother&#039;s Wife Ijippari
Anju to Zushioumaru		Anju to Zushiou Maru
Ankoku Cat		Dark Side Cat
Ankoku Cat VS		Dark Side Cat Versus
Ankoku Shindenshou Takegami	Guardian of Darkness	Takegami: Guardian of Darkness
Ankoku Shinwa		The Dark Myth
Anmitsu Hime	Princess Anmitsu	Sugar Princess
Anne Happy♪	Anne-Happy	Unhappy Go Lucky!
Anne no Nikki	The Diary of Anne Frank	
Anne no Nikki: Anne Frank Monogatari		Anne Frank Monogatari: Anne no Nikki to Douwa Yori
Annyeong	 Jeonwoochi! Dosoolrobotdaegyeoljeon	안녕
Annyeong Totobi		Hi Totobi
Ano Hi	 Bokura wa Senjou de: Shounenhei no Kokuhaku	あの日
Ano Hi Mita Hana no Namae wo Bokutachi wa Mada Shiranai.	anohana: The Flower We Saw That Day	AnoHana
Ano Hi Mita Hana no Namae wo Bokutachi wa Mada Shiranai. Movie	anohana: The Flower We Saw That Day The Movie	AnoHana Movie
Ano Hi no Kanojo-tachi		22/7
Ano Ko ni 1000%	That Girl is 1000%	Anoko ni 1000%
Ano Ko to Ii Koto		Anoko to Iikoto
Ano Natsu de Matteru	Waiting in the Summer	
Ano Natsu de Matteru: Bokutachi wa Koukou Saigo no Natsu wo Sugoshinagara	 Ano Natsu de Matteiru.	あの夏で待ってる 特別編「僕達は高校最後の夏を過ごしながら、 あの夏を待っている。」
Ano Yama ni Noborou yo	Rainbow Mountain	
Anokoro no Namida wa		Minna no Uta
Anomalies		
Another	Another	
Another: Misaki Mei - Shizukani	Another Special	Another: Flash Animation
Another: The Other - Inga	Another: The Other	Another 00
Anpanman to Hajime yo! Iro	 Kazu	 Katachi
Ansatsu Kyoushitsu	Assassination Classroom	Ansatsu Kyoushitsu
Ansatsu Kyoushitsu 2nd Season	Assassination Classroom Second Season	Ansatsu Kyoushitsu Season 2
Ansatsu Kyoushitsu 2nd Season: Kagaijugyou-hen		Assassination Classroom: Extracurricular Lesson
Ansatsu Kyoushitsu: 365-nichi no Jikan		Assassination Classroom The Movie: 365 Days
Ansatsu Kyoushitsu: Deai no Jikan	Assassination Classroom: Meeting Time	Assassination Classroom
Ansatsu Kyoushitsu: Jump Festa 2013 Special		Ansatsu Kyoushitsu Jump Super Anime Tour Special
Answer		
Answer (2016)		3-gatsu no Lion: Answer
Antinotice		
Antique Heart		
Anyamal Tantei Kiruminzoo		Anymal Tantei Kiruminzoo
Anygedybudybombom		
Anzen Kakunin: Kenta to Nyanta no Koutsuu Anzen		
Anzen no Shiteiseki Child Seat		
Ao Haru Ride	Blue Spring Ride	Aoharaido
Ao Haru Ride OVA		Ao Haru Ride: Unwritten
Ao Oni The Animation	Aooni The Blue Monster	
Ao Oni The Animation (Movie)	Aooni the Movie	
Ao no 6-gou	Blue Submarine No. 6	Ao no 6-go
Ao no Doumon		
Ao no Exorcist	Blue Exorcist	Ao no Futsumashi
Ao no Exorcist Movie	Blue Exorcist The Movie	Ao no Exorcist Gekijouban
Ao no Exorcist Movie Special		Ao no Exorcist Gekijou Special
Ao no Exorcist: Kuro no Iede	Blue Exorcist: Runaway Kuro	Ao no Exorcist Special
Ao no Exorcist: Kyoto Fujouou-hen	Blue Exorcist: Kyoto Saga	Blue Exorcist: Kyoto Impure King Arc
Ao no Exorcist: Kyoto Fujouou-hen OVA		Blue Exorcist: Kyoto Saga OVA
Ao no Exorcist: Ura Ex		Ao no Exorcist Specials
Ao no Kanata no Four Rhythm	Aokana: Four Rhythm Across the Blue	Aokana
Ao no Strada		Strada with Blu-ray
Aoharu x Kikanjuu	Aoharu x Machinegun	Aoharu x Machine Gun
Aoharu x Kikanjuu: Kemono-tachi no Senjou da na!		Aoharu x Machinegun Special
Aoi Blink	Blue Blink	
Aoi Bungaku Series		Blue Literature
Aoi Chou		Aoi Cho
Aoi Hana	Sweet Blue Flowers	Aoihana
Aoi Heya	Blue Room	Blue Room
Aoi Hitomi no Onnanoko no Ohanashi		The Story of the Blue-Eyed Girl
Aoi Kioku: Manmou Kaitaku to Shounen-tachi		
Aoi Kokuhaku		
Aoi Meno Ningyou Monogatari		
Aoi Sekai no Chuushin de	World War Blue	Aoi Sekai no Chushin de
Aoi Taiken		
Aoi Triton		Umi no Triton Pilot
Aoi Umi no Tristia		Tristia of the Deep Blue Sea
Aoi Umi to Shounen	The Boy and the Blue Sea	
Aoi Yousei		
Aoki Densetsu Shoot!	Blue Legend Shoot!	
Aoki Densetsu Shoot! (Movie)	Blue Legend Shoot!	Aoki Densetsu Shoot! (1994)
Aoki Hagane no Arpeggio: Ars Nova	Arpeggio of Blue Steel -Ars Nova-	Aoki Hagane no Arpeggio: Ars Nova
Aoki Hagane no Arpeggio: Ars Nova - Kirikumas		Arpeggio of the Blue Steel: Ars Nova - Kirikumas
Aoki Hagane no Arpeggio: Ars Nova Cadenza		Aoki Hagane no Arpeggio: Ars Nova Movie 2
Aoki Hagane no Arpeggio: Ars Nova DC		Aoki Hagane no Arpeggio: Ars Nova Movie 1
Aoki Honoo		Blue Flames
Aoki Ryuusei SPT Layzner	Blue Comet SPT Layzner	Blue Meteor SPT Layzner
Aoki Ryuusei SPT Layzner OVA	Blue Comet SPT Layzner	
Aoki Seimei Hoken		
Aoki Uru		Blue Uru
Aoki Uru: Overture		
Aos		Aosu
Aoshima Megu	Aoshima Megu	Ise-Shima Mie Japan
Aotenjou no Clown		Minna no Uta
Aozora		Minna no Uta
Aozora Shoujo-tai	801 T.T.S. Airbats	Blue Sky Girl Squadron
Aozora Under Girls!	Aozora Under Girls	
Apache Yakyuugun	Apache Baseball Team	
Apartment!		
Ape		Fact
Apfelland Monogatari	Appleland Story	Appleland Monogatari
Apo Apo World: Giant Baba 90-bun 1-hon Shoubu		
Appaga Piryohae		Wolf Daddy
Appare! Momotarou no Koutsuu Anzen		
Appleseed		
Appleseed (Movie)		Appleseed (2004)
Appleseed Alpha		Project Alpha
Appleseed Saga Ex Machina	Appleseed: Ex Machina	Appleseed 2
Appleseed XIII		Appleseed (2011)
Appleseed XIII Remix Movie 1: Yuigon		Gekijou Remix Han Appleseed XIII 1
Appleseed XIII Remix Movie 2: Yogen		Gekijou Remix Han Appleseed XIII 2
Apron Hero		Minna no Uta
Aqua Kids	Aqua Kids	
Aquarian Age: Saga II - Don&#039;t Forget Me...	Aquarian Age: The Movie	Aquarian Age: Saga 2
Aquarian Age: Sign for Evolution	Aquarian Age: Sign for Evolution	
Aquarion Evol	Aquarion Evol	
Aquarion Logos		
Aquarion Movie: Ippatsu Gyakuten-hen		Gekijouban Aquarion: Ippatsu Gyakuten Hen
Ar Tonelico: Sekai no Owari de Utai Tsuzukeru Shoujo		Ar Tonelico: The Girl Who Sings at the End of the World
Ar:pieL - 6-seosgaeui Unmyeong		Ar:pieL - 6 Fates
Arabian Nights: Sindbad no Bouken	Arabian Nights: Sinbad&#039;s Adventures	
Arabian Nights: Sindbad no Bouken (TV)		Sindbad the Sailor
Arad Senki: Slap Up Party		Slap Up Party Arad Senki
Aragne no Mushikago		
Arai Men to YuYu The Animation		Alignment You! You! The Animation
Araiguma Rascal	Raccoon Rascal	Sekai Meisaku Gekijou
Araiguma Rascal Specials		Sekai Meisaku Gekijou Kanketsu Ban: Araiguma Rascal
Arakawa Under the Bridge	Arakawa Under the Bridge	
Arakawa Under the Bridge x Bridge	Arakawa Under the Bridge x Bridge	Arakawa Under the Bridge*2
Arakure Junichi no Namida		
Arano no Sakebi Koe: Hoero	 Buck	荒野の呼び声 吠えろバック
Arara	Oh Dear	
Arashi no Yoru ni		In the Night of the Storm
Arashi no Yoru ni: Himitsu no Tomodachi		On a Stormy Night: Secret Friends
Arata Kangatari	Arata: The Legend	
Arata Kangatari Picture Drama		Arata Kangatari Specials
Arata naru Sekai: World&#039;s/Start/Load/End	World&#039;s End	Arata naru Sekai: Mirai-hen
Arbeit Shiyo!!	Let&#039;s Arbeit!	
Arc the Lad		Arc
Arcade Gamer Fubuki		
Arcade Gamer Fubuki Extra		Arcade Gamer Fubuki Special Story
Arcana Famiglia	La storia della Arcana Famiglia	Arcana Famiglia: La Storia Della Arcana Famiglia
Arcana Famiglia: Capriccio - stile Arcana Famiglia		La Storia Della Arcana Famiglia
Are wa Dare?	Who&#039;s That?	
Area 88		Area 88 OVA
Area 88 (TV)		Area 88 (2004)
Area 88 Movie		Area 88 Gekijouban
Area no Kishi	The Knight in the Area	
Arei no Kagami: Way to the Virgin Space	Arei&#039;s Mirror ~ Way to the Virgin Space	
Arete Hime	Princess Arete	Arite Hime
Argento Soma		AΠHENTO ΣOMA
Argento Soma Special		Argento Soma OVA
Ari Ningen Monogatari	Future Man	
Ari no Seikatsu		The Life Of Ants
Ari to Hato		The Ant and the Pigeon
Ari to Hato (1953)		The ant and the pigeon (1953)
Ari to Hato (1959)		The Ant and the Pigeon (1959)
Ari to Kaeru		
Ari to Kirigirisu		The Ant and the Grasshopper
Ari-chan	Arichan the Ant	
AriKiri	The Ant and the Grasshopper	Cybozu Work Style Anime
Aria The Animation	Aria The Animation	
Aria The Avvenire		
Aria The Natural	Aria The Natural	Aria 2
Aria The Natural: Sono Futatabi Deaeru Kiseki ni...		Aria The Natural Special
Aria The OVA: Arietta	Aria The OVA: Arietta	
Aria The Origination	Aria The Origination	Aria Season 3
Aria The Origination Picture Drama	Aria The Origination Picture Drama	
Aria The Origination: Sono Choppiri Himitsu no Basho ni...		Aria The Origination Special
Ariel Deluxe		Deluxe Ariel
Ariel Visual		
Aries: Shinwa no Seizakyuu		
Arifureta Shokugyou de Sekai Saikyou	Arifureta: From Commonplace to World&#039;s Strongest	From Common Job Class to the Strongest in the World
Arigatou		Minna no Uta
Arigatou (2010)		Minna no Uta
Arigatou Gomennasai	Thank You and Sorry	
Arigatou Kumanofu		Thank You Kumanofu
Arigatou Thank You		Minna no Uta
Arion	Arion	Neo Heroic Fantasia Arion
Arisa☆Good Luck		
Arisubyeon-ui Kkumnamu	The Olympic Challenge	a ri su byun ui ggoom na moo
Ark		
Ark IX	Ark Nine	
Armageddon	Armageddon	
Armed Blue Gunvolt		Azure Striker Gunvolt
Armitage III	Armitage III	
Armitage III: Dual-Matrix		Armitage: Dual-Matrix
Armitage III: Poly-Matrix		Armitage III Poly-Matrix
Armored Core: Fort Tower Song		
Around		
Arrow Emblem Grand Prix no Taka	Super Grand Prix	Arrow Emblem: Hawk of the Grand Prix
Arslan Senki	The Heroic Legend of Arslan	
Arslan Senki (TV)	The Heroic Legend of Arslan	
Arslan Senki (TV) OVA		The Heroic Legend of Arslan
Arslan Senki (TV) Specials		
Arslan Senki (TV): Dakkan no Yaiba	The Heroic Legend of Arslan	Arslan Senki Episode 13.5
Arslan Senki (TV): Fuujin Ranbu	The Heroic Legend of Arslan: Dust Storm Dance	
Arslan Senki (TV): Fuujin Ranbu - 4-koma Gekijou		Arslan Senki (TV): Fuujin Ranbu Specials
Aru Hi Inu no Kuni kara Tegami ga Kite		One Day A Letter Arrives from the Dog Kingdom
Aru Machi Kado no Monogatari	Tales of the Street Corner	Aru Machikado no Monogatari
Aru Mori no wo Hanashi: Rururu no Rule		
Aru Tabibito no Nikki		The Diary of Tortov Roddle
Aru Tabibito no Nikki Specials		The Diary of Tortov Roddle Specials
Aru Zombie Shoujo no Sainan		The Misfortune of a Certain Zombie Girl
Aru Zombie Shoujo no Sainan (ONA)	Calamity of the Zombie Girl	The Misfortune of a Certain Zombie Girl
Aruhi no Clamp Gakuen Tanteidan	CLAMP School Detectives Shorts	Aru Hibi no CLAMP Gakuen Tantei
Aruite Mikka!		Minna no Uta
Arve Rezzle: Kikaijikake no Yousei-tachi		Wakate Animator Ikusei Project
Asa da yo! Kaishain		Clamployee
Asa ga Kuru mae ni: Sasurai Version		Tsuru to Sasurai Afro Tanaka: Asa ga Kuru mae ni - Sasurai Version
Asa kara Zusshiri Milk Pot		
Asa made Jugyou Chu!		
Asagao to Kase-san.		Morning Glory and Kase-san
Asagiri no Miko	Shrine of the Morning Mist	Maidens of Morning Mist
Asako Get You!!		Chitose Get You!! OVA (2013)
Asari-chan		Little Asari
Asari-chan: Ai no Marchen Shoujo	Super Gal Asari: The Dreaming Girl in Fairy World	
Asatte Dance	Dance Till Tomorrow	
Asatte no Houkou.	Living for the Day After Tomorrow	A Direction of the Day After Tomorrow
Asgaldh: The Distortion Testament	F-Force	
Ashiaraiyashiki no Juunin-tachi.		Ashiaraiyashiki no Junin-tachi
Ashinaga Ojisan	Daddy Long-Legs	
Ashita Aou ne		Let&#039;s Meet Tomorrow
Ashita Genki ni Nare!: Hanbun no Satsumaimo	Tomorrow Will Become Better!: Half a Sweet Potato	
Ashita Kirarin		
Ashita Tenki ni Naare	A Great Super Shot Boy	There&#039;s Good Weather Tomorrow
Ashita Tenki ni Naare Omake		Ashita Tenki ni Nare Omake
Ashita e Attack!	Attack on Tomorrow	Smash
Ashita e Free Kick		Free Kick Toward Tomorrow
Ashita e Mukau Hito	The One that Heads to Tomorrow	People Toward Tomorrow
Ashita no Eleventachi		Ashita no Eleven-tachi
Ashita no Joe	Tomorrow&#039;s Joe	Rocky Joe
Ashita no Joe (Movie)		
Ashita no Joe 2	Rocky Joe 2	Tomorrow&#039;s Joe 2
Ashita no Joe 2 (Movie)		
Ashita no Joe Pilots		Ashita no Joe: Aoyama & Rikiishi Pilot Episodes
Ashita no Kibou: Kanashimi yo Arigatou - Takae Tsuneo Monogatari		Tomorrow&#039;s Hope -Thank You
Ashita no Nadja	Tomorrow&#039;s Nadja	
Ashita no Yukinojou	Tomorrow&#039;s Yukinojou	Ashita no Yukinojou I
Asience: Kami wa Onna no Inochi		Asience Hairy Tale
Asobi Asobase		
Asobi ni Iku yo!	Cat Planet Cuties	Asobi ni Ikuyo!
Asobi ni Iku yo!: Asobi ni Oide	Cat Planet Cuties: Come Drop By	Asobi ni Ikuyo! OVA
Asobi ni Iku yo!: Asobi ni Oide - Owari		Asobi ni Iku yo! Owari
Asobo Toy-chan		
Asobot Senki Gokuu	Monkey Typhoon	Asobotto Senki Goku
Asobou! Hello Kitty		Hello Kitty: Let&#039;s Play
Asonde Oboeru Gakushuu DVD		
Assemble Insert	Assemble Insert	
Astareul Hyanghae Chaguchagu		
Astarotte no Omocha!	Astarotte&#039;s Toy	Lotte no Omocha!
Astarotte no Omocha! EX	Astarotte&#039;s Toy EX	Astarotte no Omocha! OVA
Astro Boy: Tetsuwan Atom	Astro Boy (2003)	Astroboy
Astroganger		Astro Ganga
Asu no Yoichi!	Samurai Harem	Ashita no Yoichi!
Asu wo Tsukutta Otoko: Tanabe Sakurou to Biwako Sosui	The Man Who Has Changed the History: A Drannage of Lake Biwa	The Man Who Has Changed the History: A Drainage of Lake Biwa
Asuka: Nihon no Rekishi		
Asunal Kanayama	Asunal Kanayama	
Asura		Ashura
Asura Cryin&#039;		Asura Kurain
Asura Cryin&#039; 2		
Asylum Session	The Asylum Session	
Atagoal wa Neko no Mori	Atagoal - Cat&#039;s Magical Forest	
Atama Yama	Mt. Head	Atama-yama
Atama wa Tsukaiyou. Card mo Tsukaiyou.		Use Head Like So. Also
Atarashii Sekai	New World	
Atashi Tenshi Anata Akuma		
Atashin&#039;chi	My Family	Atashinchi
Atashin&#039;chi 3D Movie: Jounetsu no Chou Chounouryoku Haha Dai Bousou		Gekijouban 3D Atashin&#039;chi Jounetsu no Chou Chounouryoku Haha Dai Bousou
Atashin&#039;chi Movie		Eiga Atashin&#039;chi
Atelier Petros Joukuu Gekijou: Sentaku Shima no Sentaku Tori	Atelier Petros the Theater in the Sky: The Wash Bird of the Wash Island	
Aterui		
Atom: The Beginning		
Attack No.1		Mila Superstar
Attack No.1 (1970)		Attack No.1 Movie 1
Attack No.1: Namida no Fushichou		Attack No.1 Movie 4
Attack No.1: Namida no Kaiten Receive		Attack No.1 Movie 2
Attack No.1: Namida no Sekai Senshuken		Attack No.1 Movie 3
Attacker You!	Attacker You!	
Attakai	 Fuyu Canada	あったかい、冬カナダ
Attraction		
Auction: Bijo Dorei		Yami Ichiba: Bijo Dorei
Audition		O-di-syeon
Aura: Maryuuin Kouga Saigo no Tatakai	Aura: Koga Maryuin&#039;s Last War	Aura: Maryuinkoga Saigo no Tatakai
Aurora wo Mita Kyouryuu-tachi	Dinosaurs Under Auroras	
Auto Mommy	Auto Mommy	
Avenger		
Avengers Confidential: Black Widow to Punisher	Marvel Avengers Confidential: Black Widow & Punisher	
Avignon no Hashi de		The Bridge of Avignon
Awake		
Aware! Meisaku-kun	Aware! Meisaku-kun	Ahare! Meisaku-kun
Aware! Meisaku-kun: DVD Hatsubai Kettei!		Ahare! Meisaku-kun
Aware! Meisaku-kun: Human Academy Robot Kyoushitsu		
Aware! Meisaku-kun: Meiji Saite Oishii Mozzarella		Meiji CM
Aware! Meisaku-kun: Oronamin C		Aware! Meisaku-kun: Oronamin C Commercial
Aware! Meisaku-kun: Short Douga		
Awate Tokoya		The Confused Barber: Minna no Uta
Aya Hito Shiki to Iu na no Ishi Hata		
Ayakashi		
Ayakashi: Japanese Classic Horror		Ayakashi - Samurai Horror Tales
Ayane-chan High Kick!	Ayane&#039;s High Kick	
Ayashi no Ceres	Ceres	妖しのセレス
Ayatsuri Haramase DreamNote		Ayatsuri Haramase Dream Note
Ayatsuri Ningyou		
Azarashi Tama-chan no Hi no Youjin		
Azuki-chan		
Azuki-chan the Movie		
Azumanga Daioh	Azumanga Daioh: The Animation	Azumanga Daiou
Azumanga Daioh: Gekijou Tanpen		Azumanga Daiou: The Very Short Movie
Azumanga Web Daioh	Azumanga Web Daioh	Azumanga Web Diaoh
Azumi Mamma★Mia		Azumi Mama Mia
Azure Nihon Data Center		Cloud Girl Azure Nihon Data Center Kinen CM
Azusa	 Otetsudai Shimasu!	アズサ、お手伝いします！
