Q Transformers: Kaette Kita Convoy no Nazo		
Q Transformers: Saranaru Ninki Mono e no Michi		Q Transformers 2nd Season
Qi Cai Lao Fu Zi	Color Old Master Q	Old Master Cute
Qin Shi Ming Yue 3D: Dianying Longteng Wanli	The Legend of Qin	Qin Shi Ming Yue 3D Dianying Longteng Wanli
Qin Shi Ming Yue Tebie Pian: Di Zi Jiang Xi	Qin&#039;s Moon: Lady Xiang Descends	
Qin Shi Ming Yue Zhi: Luosheng Tangxia		Under Luosheng Tang
Qin Shi Ming Yue: Bai Bu Fei Jian	Qin&#039;s Moon: Hundred Steps Flying Sword	Qín Shí Míng Yuè
Qin Shi Ming Yue: Guoqing Tebie Pian		China National Day Special Edition
Qin Shi Ming Yue: Junlin Tianxia	Qin&#039;s Moon: The Emperor Under Heaven	Qín Shí Míng Yuè 5
Qin Shi Ming Yue: Kong Shan Niao Yu		Qin&#039;s Moon Special: Birdsong in Hollow Valley
Qin Shi Ming Yue: Tian Xing Jiu Ge		Qin&#039;s Moon: Nine Songs of the Moving Heavens
Qin Shi Ming Yue: Wanli Changcheng	Qin&#039;s Moon: The Great Wall	Qin&#039;s Moon 4
Qin Shi Ming Yue: Ye Jin Tianming	Qin&#039;s Moon: Night Ends - Daylight	Qín Shí Míng Yuè 2
Qin Shi Ming Yue: Yi Zhe Ru Shi		Entrance of the Doctor
Qin Shi Ming Yue: Zhu Zi Bai Jia	Qin&#039;s Moon: Hundred Schools of Thought	Qín Shí Míng Yuè 3
Qingwa Wangguo	Frog Kingdom	The Frog Kingdom
Qingwa Wangguo: Zhi Bingdong Da Maoxian	Arctic Adventure: On Frozen Pond	Frog Kingdom: Sub Zero
Qualidea Code		
Quantum Leap		m-flo - Quantum Leap
Quanzhi Fashi	QUANZHIFASHI	Quan Zhi Fa Shi
Quanzhi Fashi 2nd Season		Quan Zhi Fa Shi 2
Quanzhi Gaoshou	The King&#039;s Avatar	Quan Zhi Gao Shou
Quanzhi Gaoshou (2018)	The King&#039;s Avatar (2018)	Quan Zhi Gao Shou
Queen Emeraldas		
Queen&#039;s Blade OVA		Queen&#039;s Blade OVA
Queen&#039;s Blade OVA Specials		Queen&#039;s Blade OVA Specials
Queen&#039;s Blade Rebellion vs. Hagure Yuusha no Aesthetica		
Queen&#039;s Blade: Grimoire		
Queen&#039;s Blade: Gyokuza wo Tsugu Mono	Queen&#039;s Blade: Inheritor of the Throne	Queen&#039;s Blade 2
Queen&#039;s Blade: Gyokuza wo Tsugu Mono Specials	Queen&#039;s Blade: Inheritor of the Throne Specials	Queen&#039;s Blade 2 Specials
Queen&#039;s Blade: Rebellion		
Queen&#039;s Blade: Rebellion Specials		Queen&#039;s Blade Rebellion: Genkai Toppa de Miechau no!?
Queen&#039;s Blade: Rurou no Senshi	Queen&#039;s Blade: The Exiled Virgin	Queen&#039;s Blade
Queen&#039;s Blade: Rurou no Senshi Specials	Queen&#039;s Blade: The Exiled Virgin	Queen&#039;s Blade Specials
Queen&#039;s Blade: Unlimited		
Queen&#039;s Blade: Utsukushiki Toushitachi	Queen&#039;s Blade: Beautiful Warriors	Queen&#039;s Blade OVA
Qui Shui Yi Yun		
Quiz Magic Academy: The Original Animation		QMA
Quiz Magic Academy: The Original Animation 2		QMA
Quiz Tokiko-san		
Quiz de Manabu Pinocchio no Koutsuu Ansen		
Quote	Quote	Red
