V.G.Neo The Animation	Variable Geo Neo	Variable Geo Neo: The Animation
VS Knight Lamune & 40 Fire		Knights of Ramune & 40 Fire
VS Knight Lamune & 40 Fresh		Knights of Ramune
Valkyrie Choukyou Semen Tank no Ikusa Otome 10-nin Shimai		
Valkyrie Drive: Mermaid	Valkyrie Drive: Mermaid	
Valkyrie Drive: Mermaid Specials		
Vampire		
Vampire Holmes		
Vampire Hunter	Night Warriors: Darkstalkers&#039; Revenge	Vampire Hunter: The Animated Series
Vampire Hunter D	Vampire Hunter D	
Vampire Hunter D (2000)	Vampire Hunter D: Bloodlust	Vampire Hunter D (2001)
Vampire Knight	Vampire Knight	Vampire Kishi
Vampire Knight: Gekiai no Portrait		Vampire Knight Special
Vampire Knight: Guilty	Vampire Knight: Guilty	Vampire Kishi 2
Vampire Sensou	Vampire Wars	Vampire Senso
Vampiyan Kids	Vampiyan Kids	Nanchatte VAMPIYAN
Vampiyan Kids Promotion		Vampiyan Kids Extra
Vampiyan Kids Specials	Vampiyan Kids	Vampiyan Kids Episodes 22
Vampiyan Kids: Pilot		Nanchatte Vampiyan Pilot
Vandread	Vandread	Vandread Stage One
Vandread: Gekitou-hen		Vandread Intense Fighting Volume
Vandread: Taidou-hen		Vandread Integral
Vandread: The Second Stage		
Vanquished Queens		Queen&#039;s Blade
Vanquished Queens Specials		Queen&#039;s Blade
Variable Geo		
Vassalord.		
Vatican Kiseki Chousakan	Vatican Miracle Examiner	
Vatican Kiseki Chousakan OVA		Vatican Miracle Examiner Special
Velvet Underworld: Alternative		
Velvet Underworld: Fragment Person		
Venus		
Venus Blood: Brave		
Venus Project: Climax	Venus Project: Climax	
Venus Senki	Venus Wars	
Venus Versus Virus	Venus Versus Virus	Venus vs. Virus
Versailles no Bara	The Rose of Versailles	Berusaiyu no Bara
Versailles no Bara to Onna-tachi	Lady Oscar Special	Versailles no Bara Special
Versailles no Bara: Seimei Aru Kagiri Aishite		The Rose of Versailles: I&#039;ll Love You As Long As I Live
Very! Merry!! Session!!!		Irodorimidori
Vexille: 2077 Nihon Sakoku	Vexille	Vexille: 2077 Nippon Sakoku
ViVid Strike!		
ViVid Strike! Specials		ViVid Strike! OVA
Vicious	Vicious	
Victorian Maid Maria no Houshi		
Video Ehonkan Sekai Meisaku Douwa	Funky Fables	Video Anime Picture-Book Theater: World Masterpiece Children&#039;s Stories
Video Girl Ai		Den&#039;ei Shoujo Video Girl AI
Video Ranger 007		
Video Senshi Lezarion	Video Warrior Laserion	Video Senshi Laserion
Vie Durant		
Viewtiful Joe		Beautiful Joe
Vinland Saga		
Violence Gekiga David no Hoshi	Beautiful Girl Hunter	Star of David: Beauty Hunting
Violence Gekiga Shin David no Hoshi: Inma Densetsu		
Violence Jack: Harlem Bomber-hen	Violence Jack: Slumking	Violence Jack: Harlem Bomber
Violence Jack: Hell&#039;s Wind-hen	Violence Jack: Hell&#039;s Wind	Violence Jack 3
Violence Jack: Jigoku Gai-hen	Violence Jack: Evil Town	Violence Jack: Evil Town
Violet Evergarden	Violet Evergarden	
Violet Evergarden Special		Violet Evergarden Extra Episode
Viper GTS	Viper GTS	
Viper&#039;s Creed	Viper&#039;s Creed	
Virgin Night		Shoya -Virgin Night-
Virtua Fighter		
Virtua Fighter: Costomize Clip	Virtua Fighter Costomize Clip	
Virtuacall 2	Virtuacall	Virtual Call
Virtual Star 2000		Virtually Real - Virtual Stars
Virus: Virus Buster Serge		
Visionary	Vixens	
Visions of Frank: Short Films by Japan&#039;s Most Audacious Animators	Visions of Frank	
Visitor		
VitaminX Addiction		Vitamin X OVA
Viva Namida		Yasuyuki Okamura: Viva Namida
Vividred Operation	Vividred Operation	
Vocaloid China Project Senden Animation		Vocaloid China Project Anime PV
Votoms Finder	Votoms Finder Armored Trooperoid	
