M Ogui: Last Order		M-ogui: Last Order
M.E.M.: Yogosareta Junketsu	M.E.M.: Lost Virginity	
M3: Sono Kuroki Hagane		M3: Sono Kuroki Tetsu
M3: Sono Kuroki Hagane Recap		
MAFF x Chobitto Zukan		
MAPS: Densetsu no Samayoeru Seijin-tachi		Maps: Legendary Space Wanderers
MD Geist II: Death Force		MD Geist 2
MEMORiES MELODiES		IDOLiSH7: Memories Melodies
MILPOM★		
MILPOM★ Pilot		
MM!	MM!	MM! Group
MM! Specials	MM! Hidden Camera Shorts	MM! Hidden Cam
MONSTER GENERATiON		IDOLiSH7: Monster Generation
MTV Ident: Horny		
MTV Japan Station ID		MTV Japan Station ID 1
Ma Shen	Mahjong King	Mahjong God
Ma ga Ochiru Yoru	The Night When Evil Falls	
MaMa		Mama Mia!
Maabou no Daikyousou	Mabo&#039;s Big Race	Mabo no Daikyoso
Maabou no Kinoshita Toukichirou	Mabo as Tokichiro Kinoshita	Mabo no Kinoshita Tokichiro
Maabou no Shounen Koukuu Tsuwamono		
Mabeob Chunjamun: Daemawangui Buhwaleul Magala		Magic Chunjamun
Mabeobsaui Adeul Koli		Wizard
Maboroshi Mabo-chan		Phantom Mabo-chan
Maburaho	Maburaho	
Mac the Movie		
Macademi Wasshoi!		The Magician&#039;s Academy
Mach Girl		
Mach GoGoGo	Speed Racer	Mach Go Go Go
Mach GoGoGo (1997)	Speed Racer X	Mach Go Go Go
Machi Gurumi no Wana: Hakudaku ni Mamireta Shitai		
Machi Ichiban no Kechinbou	The Stingiest Man in Town	A Christmas Carol
Machibouke		Minna no Uta
Machibouke (2017)		Waiting in the Rain
Machikado no Märchen		Machikado no Meruhen
Machine Hayabusa		Dash Machine Hayabusa
Machine Robo: Butchigiri Battle Hackers		Machine Robo: The Running Battlehackers
Machine Robo: Cronos no Dai Gyakushuu	Machine Robo: Revenge of Cronos	Machine Robo: Revenge of Chronos
Machine Robo: Leina	 The Legend of Wolf Blade	レイナ剣狼伝説
Machine-Doll wa Kizutsukanai	Unbreakable Machine-Doll	Machine Girl wa Kizutsukanai
Machine-Doll wa Kizutsukanai Specials	Unbreakable Machine-Doll Special	Machine Girl wa Kizutsukanai Special
Macross	Macross	Choujikuu Yousai Macross
Macross (2018)		
Macross 25th Anniversary: All That VF Macross F Version		Macross 25th Anniversary Special Eizou: All That VF Macross F Version
Macross 25th Anniversary: All That VF Macross Zero Version		Macross 25th Anniversary Special Eizou: All That VF Macross Zero Version
Macross 7		M7
Macross 7 Encore		
Macross 7 Movie: Ginga ga Ore wo Yondeiru!	Macross 7: The Galaxy is Calling Me	Macross 7: The Movie
Macross 7 Plus		Macross 7 Special
Macross Dynamite 7		Macross 7 Dynamite
Macross F	Macross Frontier	Macross F
Macross F Movie 1: Itsuwari no Utahime	Macross Frontier: The False Songstress	Macross Frontier the Movie
Macross F Movie 2: Sayonara no Tsubasa		Macross Frontier the Movie 2
Macross F Music Clip Shuu: Nyankuri		Macross Frontier Music Clip Shuu: Nyankuri
Macross F: Choujikuu Gekijou		Macross Frontier: Choujikuu Gekijou
Macross F: Close Encounter - Deculture Edition		Macross Frontier: Close Encounter - Deculture Edition
Macross FB7: Ore no Uta wo Kike!		Macross FB7: Ginga Rukon
Macross Flash Back 2012		Choujikuu Yousai Macross - Flash Back 2012
Macross Fufonfia		
Macross Fufonfia Specials		
Macross II: Lovers Again		Choujikuu Yousai Macross II - Lovers Again
Macross Plus		
Macross Plus Movie Edition		
Macross XX		
Macross Zero	Macross Zero	
Macross Δ	Macross Delta	
Macross Δ Movie: Gekijou no Walküre		
Macross Δ: Delta Shougekijou		
Macross: Do You Remember Love?		Clash of the Bionoids
Madan no Ou to Vanadis	Lord Marksman and Vanadis	Madan no Ou to Senki
Madan no Ou to Vanadis: Tigre-kun to Vanadi-chu		
Madang-Eul Naon Amtalg	Daisy: A Hen into the Wild	Leafie
Made in Abyss	Made in Abyss	
Made in Abyss 2nd Season		
Made in Abyss Movie 1: Tabidachi no Yoake		Made in Abyss Movie 1: Journey&#039;s Dawn
Made in Abyss Movie 2: Hourou suru Tasogare		Made in Abyss Movie 2: Wandering Twilight
Made in Japan	Made in Japan	
Madlax		
Mado		The Window
Mado (Music)		Minna no Uta
Madobe Nanami no Windows 7 de PC Jisaku Ouen Commercial!!		Madobe Nanami&#039;s Homemade Windows 7 PC Cheerleading Commercial!!
Madonna		
Madonna (Movie)		
Madonna: Kanjuku Body Collection		
Madou King Granzort	Mado King Granzort	Magic King
Madou King Granzort: Bouken-hen		Madouou Grandzort OVA 2
Madou King Granzort: Nonstop Rabi		Madou King Granzort Special
Madou King Granzort: Saigo no Magical Taisen		Madouou Grandzort OVA
Mad★Bull 34	Mad Bull 34	
Maegami Tarou		
Maemilggot	 Unsu Joeun Nal	The Road Called Life
Maetel Legend		
Maeterlinck no Aoi Tori: Tyltyl Mytyl no Bouken Ryokou		Maeterlinck&#039;s Blue Bird
Mafukiden: Pandarian	Pandalian	Madou Kiden Pandalian
Magatsu Wahrheit		
Magi: Sinbad no Bouken		Magi: Adventure of Sinbad OVA
Magi: Sinbad no Bouken (TV)	Magi: Adventure of Sinbad	
Magi: The Kingdom of Magic	Magi: The Kingdom of Magic	Magi: The Labyrinth of Magic 2
Magi: The Labyrinth of Magic	Magi: The Labyrinth of Magic	Magi Season 1
Magia Record: Mahou Shoujo Madoka☆Magica Gaiden	Puella Magi Madoka Magica Side Story: Magia Record	
Magic Kaito		Kaito Kid
Magic Kaito 1412		Magic Kaito 2014
Magic Knight Rayearth	Magic Knight Rayearth	Mahou Kishi Rayearth
Magic Knight Rayearth II	Magic Knight Rayearth II	Mahou Kishi Rayearth II
Magic Tree House		
Magic-Kyun! Renaissance	Magic-Kyun! Renaissance	Maji-Kyun! Renaissance
Magical Canan	Magical Kanan	Mahou Canan
Magical Hat		
Magical Maho		
Magical Moe	Magical Moe	マジカルもえ
Magical Music Train		
Magical Nyan Nyan Taruto	Magical Meow Meow Taruto	Mahou Shoujo Neko Taruto
Magical Puuta no Hi Asobi wa Abunai yo		
Magical Suite Prism Nana		
Magical Twilight	Magical Twilight	Majikaru
Magical Witch Academy: Boku to Sensei no Magical Lesson The Animation		
Magical★Taruruuto-kun		Magical Taruruto-kun
Magical★Taruruuto-kun Movie		Magical Taruruuto-kun Gekijouban
Magical★Taruruuto-kun: Moeru! Yuujou no Mahou Taisen		Magical Taluluto 2 Magic Battle of the Friendship
Magical★Taruruuto-kun: Sukisuki Takoyaki!		Magical Taruruto-kun - Good-Good Hot Grilled Octopus
Magical☆Star Kanon 100%	Magical Star Kanon 100%!	Kami nomi zo Shiru Sekai: Kanon OVA
Magikano		
Magma Taishi	Ambassador Magma	Maguma Taishi
Magnerobo Ga-Keen		Magne Robo Gakeen
Magnerobo Ga-Keen Recap		
Mahjong Hishouden: Naki no Ryuu		Weeping Dragon
MahoYome		The Ancient Magus&#039; Bride
MahoYome Episode 0		The Ancient Magus&#039; Bride
Mahoraba: Heartful days		
Mahoromatic 2	Mahoromatic ~Something More Beautiful~	Mahoromatic: Motto Utsukushii Mono
Mahoromatic 2 End Year Special		Mahoromatic: Motto Utsukushii Mono - Year End
Mahoromatic End Year Special		Mahoromatic Episode 10.5
Mahoromatic Summer Special		Mahoromatic Summer 2003 TV Special
Mahoromatic: Automatic Maiden	Mahoromatic: Automatic Maiden	
Mahoromatic: I&#039;m Home!	Mahoromatic: I&#039;m Home!	Mahoromatic: Tadaima◇Okaeri
Mahou Gakuen Lunar! Aoi Ryuu no Himitsu		Magic School Lunar: Secret of the Blue Dragon
Mahou Sensei Negima!	Negima!	Magister Negi Magi
Mahou Sensei Negima! Anime Final		Gekijouban Negima
Mahou Sensei Negima! Introduction Film		Negima!: Magister Negi Magi Introductin Film
Mahou Sensei Negima! Mou Hitotsu no Sekai		Mahou Sensei Negima! OVA Mahou Sekai
Mahou Sensei Negima! Mou Hitotsu no Sekai Extra: Mahou Shoujo Yue		Mahou Sensei Negima! OVA Mahou Sekai Extra: Mahou Shoujo Yue
Mahou Sensei Negima! Shiroki Tsubasa Ala Alba		Magister Negi Magi: Ala Alba
Mahou Sensei Negima! Tokubetsu Eizou		Mahou Sensei Negima! Music Videos
Mahou Senshi Louie	Rune Soldier	Magical Soldier Louie
Mahou Senshi Sweet Knights: Heroine Ryoujoku Shirei		
Mahou Sensou	Magical Warfare	Mahosen
Mahou Shoujo Ai		Sexy Magical Girl Ai
Mahou Shoujo Ai San: The Anime		
Mahou Shoujo Elena		Mahou Shoujo Erena
Mahou Shoujo Ikusei Keikaku	Magical Girl Raising Project	MahouIku
Mahou Shoujo Isuka		Magical Girl Isuka
Mahou Shoujo Lalabel		Lalabel the Magic Girl
Mahou Shoujo Lalabel: Umi ga Yobu Natsuyasumi		Magical Girl Lalabel: the Sea Calls for a Summer Vacation
Mahou Shoujo Lyrical Nanoha	Magical Girl Lyrical Nanoha	Mahou Shoujo Lyrical Nanoha
Mahou Shoujo Lyrical Nanoha A&#039;s	Magical Girl Lyrical Nanoha A&#039;s	Mahou Shoujo Lyrical Nanoha A&#039;s
Mahou Shoujo Lyrical Nanoha StrikerS	Magical Girl Lyrical Nanoha StrikerS	Nanoha Season 3
Mahou Shoujo Lyrical Nanoha ViVid		Magical Girl Lyrical Nanoha ViVid
Mahou Shoujo Lyrical Nanoha ViVid: Special Program		Mahou Shoujo Lyrical Nanoha ViVid Recap
Mahou Shoujo Lyrical Nanoha: Detonation		Magical Girl Lyrical NANOHA Detonation
Mahou Shoujo Lyrical Nanoha: Lyrical Toy Box		Ririkaru Omochiya Hako
Mahou Shoujo Lyrical Nanoha: Reflection	Magical Girl Lyrical Nanoha Reflection	
Mahou Shoujo Lyrical Nanoha: The Movie 1st	Magical Girl Lyrical Nanoha: The Movie 1st	
Mahou Shoujo Lyrical Nanoha: The Movie 2nd A&#039;s	Magical Girl Lyrical Nanoha: The Movie 2nd A&#039;s	
Mahou Shoujo Lyrical Nanoha: The Movie 2nd A&#039;s Mini Picture Drama		
Mahou Shoujo Madoka★Magica	Puella Magi Madoka Magica	Mahou Shoujo Madoka Magika
Mahou Shoujo Madoka★Magica Movie 1: Hajimari no Monogatari	Puella Magi Madoka Magica the Movie Part 1: Beginnings	Mahou Shoujo Madoka Magika Movie 1
Mahou Shoujo Madoka★Magica Movie 2: Eien no Monogatari	Puella Magi Madoka Magica the Movie Part 2: Eternal	Mahou Shoujo Madoka Magika Movie 2
Mahou Shoujo Madoka★Magica Movie 3: Hangyaku no Monogatari	Puella Magi Madoka Magica the Movie: Rebellion	Mahou Shoujo Madoka Magika Movie 3
Mahou Shoujo Madoka★Magica Movie 3: Hangyaku no Monogatari - Magica Quartet x Nisioisin		
Mahou Shoujo Madoka★Magica: Concept Movie	Puella Magi Madoka Magica Concept Movie	
Mahou Shoujo Meruru	Magic Woman M	Magical Girl Meruru
Mahou Shoujo Nante Mou Ii Desukara.	Mahou Shoujo Nante Mouiidesukara	I&#039;ve Had Enough of Being a Magical Girl
Mahou Shoujo Nante Mou Ii Desukara. Second Season	Mahou Shoujo Nante Mouiidesukara Second Season	Mahou Shoujo Nante Mouiidesukara.
Mahou Shoujo Ore		Magical Girl Ore
Mahou Shoujo Pretty Sammy	Magical Girl Pretty Sammy	Tenchi Muyo: Magical Girl Pretty Samy
Mahou Shoujo Pretty Sammy (1996)	Magical Project S	Mahou Shoujo Pretty Sammy (TV)
Mahou Shoujo Pretty Sammy Specials	Magical Project S Specials	
Mahou Shoujo Sae		
Mahou Shoujo Site		Magical Girl Site
Mahou Shoujo Sonico★Magica	Puella Magi Sonico Magica	Mahou Shoujo Sonico Magika
Mahou Shoujo Taisen	Magica Wars	
Mahou Shoujo wa Kiss Shite Kawaru		
Mahou Shoujo-tai Arusu	Tweeny Witches	Mahou Shoujo-tai Alice
Mahou Shoujo-tai Arusu the Adventure	Tweeny Witches: Alice Adventures	Mahou Shoujo-tai: Alice Adventure
Mahou Shoujo? Naria☆Girls	Mahou Shoujo? Naria Girls	
Mahou Shoujo? Naria☆Girls Nama de Anime wo Tsukuru Sama		
Mahou Yuugi 2D	Magical Play	Magical Witchland
Mahou Yuugi 3D		Magical Witchland
Mahou no Angel Sweet Mint		Magical Angel Sweet Mint
Mahou no Chocolate		Magical Chocolate
Mahou no Hiroba		
Mahou no Idol Pastel Yumi	Magical Idol Pastel Yumi	
Mahou no Mako-chan		Mako the Mermaid
Mahou no Pen		The Magic Pen
Mahou no Princess Minky Momo	Magical Princess Minky Momo	Magical Princess Princess Minky Momo
Mahou no Princess Minky Momo vs. Mahou no Tenshi Creamy Mami		
Mahou no Princess Minky Momo: Hitomi no Seiza - Minky Momo Song Special		
Mahou no Princess Minky Momo: Yume no Naka no Rondo	Magical Princess Minky Momo: La Ronde in my Dream	Gigi and the Fountain of Youth
Mahou no Princess Minky Momo: Yume wo Dakishimete	Magical Princess Minky Momo: Hold on to Your Dreams	
Mahou no Princess Minky Momo: Yume wo Dakishimete Specials		Mahou no Princess Minky Momo: Yume wo Dakishimete Episode 53.5
Mahou no Rouge Lipstick		
Mahou no Shiho-chan		
Mahou no Stage Fancy Lala	Magical Stage Fancy Lala	
Mahou no Star Magical Emi		Star Magician Magical Emi
Mahou no Star Magical Emi: Finale! Finale!		
Mahou no Star Magical Emi: Kumo Hikaru		
Mahou no Star Magical Emi: Semishigure		
Mahou no Tenshi Creamy Mami	Magical Angel Creamy Mami	Incantevole Creamy
Mahou no Tenshi Creamy Mami no Otogibanashi		Mahou no Tenshi Creamy Mami Picture Drama
Mahou no Tenshi Creamy Mami: Curtain Call	Mahou no Tenshi Creamy Mami: Curtain Call	MTCM: Curtain Call
Mahou no Tenshi Creamy Mami: Eien no Once More		Magical Angel Creamy Mami OVA
Mahou no Tenshi Creamy Mami: Long Goodbye		
Mahou no Tenshi Creamy Mami: Lovely Serenade	Mahou no Tenshi Creamy Mami: Lovely Serenade	MTCM: Lovely Serenade
Mahou no Tenshi Creamy Mami: Perfect Memory		
Mahou no Tenshi Creamy Mami: Zutto Kitto Motto		
Mahou no Yousei Persia		Magical Fairy Persia
Mahou no Yousei Persia Pilot		Magical Fairy Persia: Hodge Podge Dream World
Mahou no Yousei Persia: Escape!		
Mahou no Yousei Persia: Kaiten Mokuba		Magical Fairy Persia Recap
Mahoujin Guru Guru Movie	Magical Circle Guru Guru Movie	The Pickle of Happiness
Mahoujin Guruguru	Magical Circle Guru Guru	
Mahoujin Guruguru (2017)	Magical Circle	
Mahouka Koukou no Rettousei	The Irregular at Magic High School	
Mahouka Koukou no Rettousei Movie: Hoshi wo Yobu Shoujo	The Irregular at Magic High School The Movie - The Girl Who Summons The Stars	Gekijouban Mahouka Koukou no Rettousei
Mahouka Koukou no Rettousei: Yoku Wakaru Mahouka!	The irregular at magic high school: Get to Know Magic Studies!	Mahouka for Dummies
Mahouka Koukou no Rettousei: Yoku Wakaru Mahouka! Special		Mahouka Koukou no Rettousei: Yoku Wakaru Mahouka! Episode 7
Mahouka x Mameshiba		The irregular at magic high school
Mahoutsukai Chappy		Chappy
Mahoutsukai Haley no Speed Story		
Mahoutsukai Jiji		
Mahoutsukai Nara Miso wo Kue!		Mahoutsukai nara Miso wo Kue!
Mahoutsukai Precure!	Maho Girls Precure!	
Mahoutsukai Precure! Movie: Kiseki no Henshin! Cure Mofurun!		Maho Girls PreCure! the Movie: The Miraculous Transformation! Cure Mofurun!
Mahoutsukai Sally	Sally the Witch	Magical Witch Sally
Mahoutsukai Sally (Movie)		
Mahoutsukai Sally 2		Mahoutsukai Sally
Mahoutsukai Sally: Haha no Ai wa Towa ni! Aurora no Tani ni Kodamasuru Kanashimi no Majo no Sakebi!		
Mahoutsukai Sally: Majo ni Natta Yoshiko-chan		Mahou Tsukai Sally 2 Special
Mahoutsukai Tai!	Magic User&#039;s Club	
Mahoutsukai Tai! OVA	Magic User&#039;s Club OVA	
Mahoutsukai Tai! vs. Shamanic Princess		Magic User&#039;s Club! vs. Shamanic Princess
Mahoutsukai ni Taisetsu na Koto	Someday&#039;s Dreamers	
Mahoutsukai ni Taisetsu na Koto: Natsu no Sora	Someday&#039;s Dreamers II: Sora	Someday&#039;s Dreamers: Summer Skies
Mahoutsukai no Yome	The Ancient Magus&#039; Bride	The Magician&#039;s Bride
Mahoutsukai no Yome Recap		Mahoutsukai no Yome Special Digest
Mahoutsukai no Yome: Hoshi Matsu Hito	The Ancient Magus&#039; Bride: Those Awaiting a Star	The Magician&#039;s Bride
Mai Mai Shinko to Sennen no Mahou	Mai-Mai Miracle	Mai Mai Shinko and the Millennium-Old Magic
Mai Zhu	Pig Sale	
Mai no Mahou to Katei no Hi		
Mai-HiME	My-Hime	My Princess
Mai-HiME Specials	My-Hime Specials	My-HiME
Mai-HiME: Kuro no Mai/Saigo no Bansan		Mai-HiME Bluray Special
Mai-Otome	My-Otome	Mai Oto-Hime
Mai-Otome 0: S.ifr	My-Otome 0: S.ifr	Mai-Otome Zero
Mai-Otome Special: Otome no Inori		Mai-Otome Picture Drama
Mai-Otome Specials		
Mai-Otome Zwei	My-Otome Zwei	My Otome Zwei
Mai-Otome Zwei Special		Mai-Otome Zwei Extended Ending
Maicching Machiko-sensei	Miss Machiko	Shame of Teacher Machiko
Maid Ane		Maid-Ane
Maid Meshimase		Mahya the Servant
Maid in Heaven SuperS	Maid in Heaven	
Maid no Yakata: Zetsubou-hen		Maid Service
Maid of the Dead		
Maid-san to Boin Damashii		
Maido! Urayasu Tekkin Kazoku		Always! Reinforced Urayasu Family
Maids in Dream	Maids in Dream	
Maihime		The Dancing Girl
Mainichi JK Kikaku		
Mainichi JK Kikaku Episode 0		
Mainichi Kaasan	Kaasan: Mom&#039;s Life	Mainichi Kaa-san
Mainichi ga Nichiyoubi		Everyday seems Sunday
Maison Ikkoku	Maison Ikkoku	Ikkoku House
Maison Ikkoku: Ikkokujima Nanpa Shimatsuki		Maison Ikkoku: Deserted Island
Maison Ikkoku: Kanketsu-hen		Maison Ikkoku: Kanketsuhen
Maison Ikkoku: Prelude - Meguru Haru no Sakura no you ni...	Maison Ikkoku: Prelude	プレリュードめぞん一刻 プレリュード めぐる春の桜のように...
Maison Ikkoku: Utsuriyuku Kisetsu no Naka de		Maison Ikkoku: Four Seasons Through the Passing Seasons
Maji		Hon-maji-Ki
Maji de Otaku na English! Ribbon-chan: Eigo de Tatakau Mahou Shoujo		
Maji de Otaku na English! Ribbon-chan: Eigo de Tatakau Mahou Shoujo - The TV		
Maji de Watashi ni Koi Shinasai!	Majikoi: Oh! Samurai Girls	Love Me
Majime ni Fumajime Kaiketsu Zorori		
Majime ni Fumajime Kaiketsu Zorori: Nazo no Otakara Daisakusen		Kaiketsu Zorori (Movie)
Majimoji Rurumo	Magimoji Rurumo	
Majin Bone		
Majin Sentai Death Ranger: Ubawareta Pudding!		YouTube Space Tokyo
Majin Tantei Nougami Neuro	Neuro: Supernatural Detective	Private Evil-Eye Nougami Neuro
Majo Demo Steady		
Majo no Takkyuubin	Kiki&#039;s Delivery Service	Witch&#039;s Express Delivery
Majokko Club Yoningumi: A Kuukan kara no Alien X		Alien X from A Zone
Majokko Megu-chan		Witch Girl Meg
Majokko Shimai no Yoyo to Nene	Magical Sisters Yoyo & Nene	Majocco Shimai no Yoyo to Nene
Majokko Shimai no Yoyo to Nene Movie Extra: Hatsukoi - Mikako Komatsu		
Majokko Tickle		Magical Girl Tickle
Majokko Tsukune-chan		
Major 2nd		Major 2nd Commercial Movie
Major 2nd (TV)		
Major Movie: Yuujou no Winning Shot		Major: Yuujou no Ikkyuu
Major S1		
Major S2		
Major S3		Major 3rd Season
Major S4		Major 4th Season
Major S5		Major 5th Season
Major S6		Major 6th Season
Major: Message		Major OVA
Major: World Series		
Majutsushi Orphen	Orphen	Sorcerer Stabber Orphen
Majutsushi Orphen Hagure Tabi		Sorcerous Stabber Orphen
Majutsushi Orphen: Revenge	Orphen 2: Revenge	Sorcerous Stabber Orphen Revenge
Majuu Jouka Shoujo Utea		
Majuu Sensen		Demon Beast Phalanx
Majuu Sensen: The Apocalypse	Beast Fighter: The Apocalypse	Maju Sensen The Apocalypse
Majuu Senshi Luna Varga		Demon Warrior Luna Varga
Makai Kishi Ingrid		The Dark Knight Ingrid
Makai Ouji: Devils and Realist	Devils and Realist	Makai Ouji: Devils and Realist
Makai Senki Disgaea	Disgaea	Netherworld Battle Chronicle: Disgaea
Makai Senki Disgaea: Welcome to Netherworld		Makai Senki Disgaea: Makai e no Shoutaijou
Makai Tenshi Djibril	Jiburiru: The Devil Angel	Hell Angel Gabriel
Makai Tenshi Djibril 3		Jiburiru: The Devil Angel 3
Makai Tenshi Djibril: Episode 2	Jiburiru: Second Coming	Makai Tenshi Jibril 2
Makai Tenshou	Ninja Resurrection	Ninja Resurrection: The Revenge of Jubei
Makai Toshi Shinjuku	Demon City Shinjuku	Monster City Shinjuku
Makaryuudo Demon Hunter		Demon Hunter Makaryuudo
Makasete Iruka!		Grrl Power!
Makehen de! Roku-nen San-kumi no Hanshin Daishinsai		Makehen de! 3-nen 6-kumi no Hanshin Daishinsai
Maken Liner 0011 Henshin Seyo!		Hellhound Liner 0011 Transform!
Maken-Ki!		Maken-Ki! Battling Venus
Maken-Ki! OVA		Natsu Da! Mizugi Da! Gasshuku Da!
Maken-Ki! Specials	Maken-ki! Secret Training	Maken-ki!: Doki Doki! Maken-ki! Himitsu no Kunren
Maken-Ki! Two	Maken-Ki! Two	Maken-Ki! Dai 2-ki
Maken-Ki! Two Specials		
Makeruna! Makendou		Don&#039;t Lose
Makeruna! Senta: Sayonara Ijime Mushi		
Makeruna!! Aku no Gundan!		Makeru na!! Aku no Gundan!
Maki to Kanta to Jiijii to.	Firewood	薪とカンタとじいじいと。
Maki-chan to Now.		
Makiba no Shoujo Katri	Katri	牧場の少女カトリ
Makiba no Shoujo Katri Specials		Sekai Meisaku Gekijou Kanketsu Ban: Makiba no Shoujo Katri
Makkuramori no Uta		Taniyama Hiroko - Makkuramori no Uta
Makkuro na Obentou		Makkuro na Obento
Mako-chan no Koutsuu Anzen		
Makoto-chan		
Maku	Maku	
Makura no Danshi	makuranodanshi	Pillow Boys
Makura no Danshi: Sono Ato no Makura no Danshi		Makura no Danshi Special
Makyou Densetsu Acrobunch		Acrobunch
Makyou Gaiden Le Deus	Ladius	Makyo Gaiden Le Deus
Makyuu Senjou	Dark Warrior	Makyu Senjo
Malay Oki Kaisen	The Battle of the Malay Sea	Maree Oki Kaisen
Malice@Doll		Malice Doll
Malta no Bouken		Malta&#039;s Adventure
Mama Gomennasai		Minna no Uta
Mama Ohanashi Kikasete		Mama Ohanashi wo Shikikasete
Mama Puri!?	Like A Mom	Mama Puritsu
Mama no Earring		Minna no Uta
Mama no Kekkon		Minna no Uta
Mama wa Poyopoyo Saurus ga Osuki	Mama Loves the Poyopoyo-Saurus	MamaPoyo
Mama wa Shougaku 4 Nensei	Mama is Just a Fourth Grade Pupil	Mama is a 4th Grader
Mamahaha	The Duchess of Busty Mounds	
Mame-Mofu Collab Animation		Mameshiba Mofu☆Mofu Collaboration Animation
Mameneko		
Mameshi-Pamyu-Pamyu		Mameshiba x Kyary Pamyu Pamyu
Mameshiba		
Mameshiba Bangai-hen		Mamerry Christmas-hen
Mameshiba Gakuen		
Mameshiba the DVD Green Pea-shiba no Kutsujoku		
Mameshiba x Gaist Crusher Collab CM		Mameshiba Crusher
Mametarou Ganbare		Doutoku Meisaku Series
Mameushi-kun		
Mameushi-kun no Koutsuu Anzen		
Mamimume★Mogacho		
Mamono Hunter Youko	Devil Hunter Yohko	Demon Hunter Youko
Mamoru-kun ni Megami no Shukufuku wo!	Venus to Mamoru!	Mamoru-kun was Blessed by a Goddess!
Mamotte Shugogetten!	Protect Me	まもって守護月天！
Mamotte! Lollipop	Save Me! Lollipop	
Man Tou Riji		
Manabu no Natsuyasumi		
Mandalaya no Ryouta: Kukidani Onsen Enshou Soudou Tan		Ryouta&#039;s Mandala Shop
Mang Huang Ji	The Legend of Jade Sword	The Desolate Era
Manga		
Manga Aesop Monogatari		Aesop&#039;s Fables Movie
Manga Aesop Monogatari (TV)		Animated Aesop&#039;s Fables
Manga Doushite Monogatari		Manga Doshite Monogatari
Manga Doushite Monogatari OVA		
Manga Edo Erobanashi		Glorious Manga Tale of Old Edo
Manga Hajimete Monogatari		
Manga Hajimete Monogatari OVA		
Manga Hajimete Omoshiro Juku		
Manga Hajimete Omoshiro Juku OVA		
Manga Hana no Kakarichou		
Manga Ijin Monogatari		Manga Stories of Great Men
Manga Jinbutsushi		Illustrated Stories of Great Individuals
Manga Kodomo Bunko		Manga Children&#039;s Library
Manga Kotowaja Jiten		
Manga Mitokoumon		Manga Mitokomon
Manga Naruhodo Monogatari		Animated Stories to Understand Things
Manga Naruhodo Monogatari OVA		
Manga Nihon Emaki		
Manga Nihon Keizai Nyuumon		
Manga Nihonshi		Manga History of Japan
Manga Nihonshi (NHK Han)		Manga Nihonshi NHK
Manga Nippon Mukashibanashi		Japanese Folklore Tales
Manga Nippon Mukashibanashi (1976)		Japanese Folklore Tales 2
Manga Nippon Mukashibanashi (Movie)		Manga Nippon Mukashibanashi (1982)
Manga Revue Haru	Animated Revue Spring	
Manga Sarutobi Sasuke	Ninja the Wonder Boy	Sasuke TV
Manga Sekai Mukashibanashi	Manga Fairy Tales of the World	Tales of Magic
Mangaka-san to Assistant-san to The Animation	The Comic Artist and His Assistants	Mangaka-san to Assistant-san to
Mangaka-san to Assistant-san to The Animation Specials		The Comic Artist and Assistants Specials
Mangchi	Hammerboy	
Mangirl!		
Mangirl!: Asobu Henshuu Girl		Mangirl! Special
Manichi ga Tsurai Kimochi Wakarimasu ka: Yurusenai! Net Ijime		
Manie-Manie: Meikyuu Monogatari	Neo Tokyo	Manie Manie The Labyrinth Tales
Manin Densha		Manin Bus
Mankitsu Happening		
Mannaka no Rikkun		Rikkun in the Middle
Many Mary		
Many Things SD Gundam		SD Encyclopedia
Manyuu Hikenchou		
Manyuu Hikenchou Picture Drama		Manyuu Hikenchou: Kaede no Chifusa-sama Oppai Seichou Kiroku
Manyuu Hikenchou Specials		Manyuu Hikenchou: Binyuu Tanren Hou - Chichi Togi
Manzai Taikouki		
Mao Yu Tao Hua Yuan	Cats and Peachtopia	Mao Yu Taohua Yuan
Maou Dante	Demon Lord Dante	Dante the Satan
Maoyuu Maou Yuusha	Maoyu ~ Archenemy & Hero	Maoyu Maou Yusha
Maoyuu Maou Yuusha: Kono Monogatari wa	 Daniku dake Dewanai no ja!	まおゆう魔王勇者 この物語は、駄肉だけではないのじゃ！
Maple Colors		
Maple Town Monogatari	Maple Town	Maple Town Stories
Maple Town Monogatari (Movie)		Maple Town Stories Movie
MapleStory		Maple Story
MapleStory Special		Maple Story Special
Maps		MAPS (1994)
Marco: Haha wo Tazunete Sanzenri		Marco ~Haha wo Tazunete Sanzen Ri~
Mardock Scramble: The First Compression	Mardock Scramble: The First Compression	Mardock Scramble: Asshuku
Mardock Scramble: The Second Combustion	Mardock Scramble: The Second Combustion	
Mardock Scramble: The Third Exhaust	Mardock Scramble: The Third Exhaust	
Marginal Prince: Gekkeiju no Ouji-tachi		Marginal Prince: Gekkeijyu no Oujitachi
Marginal Prince: Gekkeiju no Ouji-tachi - Tokyo Merry-Go-Round		Marginal Prince: Gekkeijyu no Oujitachi Episode 14
Marginal#4: Kiss kara Tsukuru Big Bang	MARGINAL #4 the Animation	
Mari Iyagi		My Beautiful Girl Mari
Maria-sama ga Miteru	Maria Watches Over Us	MariMite
Maria-sama ga Miteru 3rd	Maria Watches Over Us 3rd	MariMite OVA
Maria-sama ga Miteru 3rd Specials	Keep it a Secret from Maria-sama	Maria-sama ni wa Naisho
Maria-sama ga Miteru 4th	Maria Watches Over Us Season 4	MariMite 4
Maria-sama ga Miteru 4th Specials	Keep it a Secret from Maria-sama	Don&#039;t tell the Virgin Mary
Maria-sama ga Miteru Specials	Maria Watches Over Us	MariMite
Maria-sama ga Miteru: Haru	Maria Watches Over Us: Printemps	The Virgin Mary is Watching You: Spring
Maria-sama ga Miteru: Haru Specials	Maria Watches Over Us: Printemps	The Virgin Mary is Watching You: Spring
Maria†Holic	Maria†Holic	Maria+Holic
Maria†Holic Alive	Maria†Holic Alive	Maria+Holic 2
Maria†Holic Alive Special		Maria+Holic 2 Special
Maria†Holic: Run Run Riru Ran Ran Rara		Maria†Holic: Children&#039;s Day Parody PV
Marie & Gali		Marie to Gali
Marie & Gali Episode Zero		Marie and Gali Episode Zero
Marie & Gali Special		Marie & Gali Episode 9.5
Marie & Gali ver. 2.0		Marie to Gali ver.2.0
Marimo no Hana: Saikyou Butouha Shougakusei Densetsu		Marimo&#039;s blossom: The Legend of the Strongest Elementary School Fighter Student
Marin X		
Marin to Yamato: Fushigi na Nichiyoubi		Marin and Yamato: Mysterious Sunday
Marine Bloomin&#039;		iMarine
Marine Dreamin&#039;		iMarine
Marine Snow no Densetsu	The Legend of Marine Snow	
Marmalade Boy	Marmalade Boy	
Marmalade Boy Movie		
Maro no Kanja wa Gatenkei		The Patients of Dr. Maro
Maroko		Gosenzosama Banbanzai! the Movie
Marriage Blue: Konyakusha ga Iru no ni	 Doushite Konna Otoko ni......	マリッジブルー 「婚約者がいるのに
Marriage: Kekkon	Marriage	
Mars		
Marshmallow★Imouto★Succubus★		Marshmallow
Marude Dameo		
Marude Sekai		Maru de Sekai
Marumofubiyori	Marumofubiyori	
Marvel Disk Wars: The Avengers		
Marvel Future Avengers		
Mary to Majo no Hana	Mary and the Witch&#039;s Flower	
Maryuu Senki		Evil Dragon War Chronicles
Masamune Datenicle		
Masamune-kun no Revenge	Masamune-kun&#039;s Revenge	
Masamune-kun no Revenge OVA	Masamune-kun&#039;s Revenge OVA	
Masaru Ashita no Yukinojou 2		Masaru 2
Mashin Eiyuuden Wataru		Mashin Eiyuden Wataru
Mashin Eiyuuden Wataru 2	Spirit Hero Wataru 2	Mashin Eiyuden Wataru 2
Mashin Eiyuuden Wataru: Owarinaki Toki no Monogatari		Mashin Eiyuuden Wataru: The Never-Ending Tale of Time
Mashin Eiyuuden Wataru: Soukaizan Eiyuu Densetsu		
Mashiro Witch	Mashiro Witch - Midnight Marchen	
Mashiro-iro Symphony: Airi ga Anata no Kanojo ni!?		Mashiroiro Symphony: Airi ga Anata no Kanojo ni!?
Mashiro-iro Symphony: The Color of Lovers	Mashiroiro Symphony: The Color of Lovers	Mashiro-iro Symphony: Love Is Pure White
Mashiro-iro Symphony: The Color of Lovers Picture Drama	Mashiroiro Symphony Picture Drama	Mashiro-iro Symphony: The Color of Lovers Special
Mashou no Kao	The Two Facials of Eve	
Mashou no Nie 3		
Mask Masters		
Masou Gakuen HxH	Hybrid x Heart Magias Academy Ataraxia	Masou Gakuen Hybrid x Heart
Masou Gakuen HxH Specials		Masou Gakuen Hybrid x Heart Specials
Masou Kishin Cybuster	Cybuster	Masou Kishin Psybuster
Mass Effect: Paragon Lost	Mass Effect: Paragon Lost	Mass Effect Animation
Massugu ni Ikou.		Go forward
Massugu ni Ikou. 2nd Season		Massugu ni Ikou. (2004)
Master Blaster		
Master Keaton		Master Keaton: Blood and Bullets
Master Keaton OVA		
Master Mosquiton	Master of Mosquiton	
Master Mosquiton &#039;99	Master of Mosquiton &#039;99	
Master of Epic: The Animation Age		Master of Epic ~The Animation Age~
Master of Torque		
Master of Torque 2		Master of Torque 2nd Season
Master of Torque 3		Master of Torque 3rd Season
Master of Torque: Epilogue	Master of Torque: Epilogue	
Masuda Kousuke Gekijou Gag Manga Biyori		Gyagu Manga Biyori
Masuda Kousuke Gekijou Gag Manga Biyori +		Gyagu Manga Biyori +
Masuda Kousuke Gekijou Gag Manga Biyori 2		Gyagu Manga Biyori 2
Masuda Kousuke Gekijou Gag Manga Biyori 3		Gyagu Manga Biyori 3
Matantei Loki Ragnarok	Mythical Detective Loki Ragnarok	
Match Shoujo	The Little Match Girl	Macchi Shoujo
Match Uri no Shoujo	The Little Match Girl	Hans Christian Andersen&#039;s Little Match Girl
Matou Kitan Zankan!		Mato Kitan Zankan
Matsubara-kun		
Matsubara-kun: Mackie E no Ouen Message		
Matsue Kankou Taishi Sanri ga Iku! Matsue Ghost Tour		Eagle Talon
Matsumotokiyoshi x Osomatsu-san		Matsumoto Kiyoshi x Osomatsu-san Campaign
Mattsu to Yanma to Moburi-san 2: Suigun Otakara to Nazotoki no Shimajima	Mattsu	マッツとヤンマとモブリさん2 ―水軍お宝と謎解きの島々―
Mattsu to Yanma to Moburi-san: Nanatsu no Hihou to Soratobu Oshiro	Mattsu	マッツとヤンマとモブリさん ―七つの秘宝と空飛ぶお城―
Maware Toro-Ika		Minna no Uta
Mawaru Penguindrum	Penguindrum	
MaxValu Kyushu		MaxValu Kyuushuu
Maya no Isshou		The Life of The Little Dog
Mayo Chiki!	Mayo Chiki!	
Mayo Elle Otoko no Ko		Mayo elle Otokonoko
Mayoi Neko Overrun!		Stray Cats Overrun!
Mayoi Neko Overrun! Specials		Mayoi Neko Neko Neko Gekijou
Mayoiga	The Lost Village	
Mayoiga no Oneesan The Animation		Mayohiga no Oneesan
Mayonaka wa Junketsu	Chastity at Midnight	
Mayuge Dance		Eyebrow Dance
Mayutoro The Toons		
Maze		
Maze Maze Wien	Vienna Mix	Wiener Wuast
Maze☆Bakunetsu Jikuu	Maze: The Mega-Burst Space OVA	Maze☆Bakunetsu Jikuu OVA
Maze☆Bakunetsu Jikuu (TV)	Maze: The Mega-Burst Space	
Maze☆Bakunetsu Jikuu: Hot Springs	Maze: The Mega-Burst Space - Hot Springs	Maze☆Bakunetsu Jikuu Special
Maze☆Bakunetsu Jikuu: Tenpen Kyoui no Giant		Maze Bakunetsu Jikuu Movie
Mazinger Z	Mazinger Z	TranZor Z
Mazinger Z Movie: Infinity		Gekijouban Mazinger Z: Infinity
Mazinger Z tai Ankoku Daishougun		Mazinger Z vs. Ankoku Daishogun
Mazinger Z tai Devilman	Mazinger Z vs. Devilman	Mazinger Z vs. Devilman
Mazinger ZIP!		
Mazinkaiser	Mazinkaiser	
Mazinkaiser SKL		Mazinkaizer SKL
Mazinkaiser: Shitou! Ankoku Dai Shogun	Mazinkaiser: Deathmatch! General Dark	Mazinkaiser: OVA 8
McDull	 the Alumni	 The Alumni
McDull: Boluo You Wang Zi	McDull	麥兜菠蘿油王子
McDull: Fan Bao Qibing	McDull: Rise of the Rice Cooker	Mak Dau
McDull: Gushi	My Life as McDull	McDull Movie 1
McDull: Wo He Wo Mama	McDull: Me & My Mum	McDull Movie 5
McDull: Xiang Dang Dang	McDull	麥兜響噹噹
McDull: Xiang Dang Dang Ban Wo Xin	McDull: The Pork of Music	McDull Movie 4
Me gumi no Daigo: Kajiba no Baka Yarou	Daigo of Fire Company	Megumi no Daigo
Me wo Samase Toragorou		Wake Up TIGGER!
Meat or Die		YANS! GANS!
Mebae no Ashita		Mebae no Asa
Mebuki		
Mecha Robot Corps 3		Roboteugundangwa Meka3
Mecha-ude	Mechanical Arms	
Mechakko Dotakon	Mechanical Boy Dotakon	Robot boy Dotakon
Mechano: Scientific Attack Force	Meccano	メカノ
Mecha☆Afro-kun	Mecha Afro-kun	
Mechiku	Office Affairs	Metiku
Medaka Box	Medaka Box	
Medaka Box Abnormal	Medaka Box Abnormal	Medaka Box 2
Medaka no Gakkou		Killifish School
Medaka no Gakkou (Music)		
Medama Oyaji no April Fools&#039;		
Medamayaki no Kimi Itsu Tsubusu?		
Medarot	Medabots	
Medarot Damashii	Medabots Spirits	Medabots Damashii
Megachu!	Oh My Sex Goddess	Megamisama Chuuihou
Megalo Box		
Megalo Box Specials		
Megami Kouhosei		Candidate for Goddess
Megami Kouhosei Special Curriculum		Candidate for Goddess OVA
Megami Kyouju	Legend of the Wolf Woman	Woman Wolf Mania
Megami Tantei Vinus File	Detective Goddess	
Megami Tengoku		Megami Paradise
Megane na Kanojo		Gankyou na Kanojo
Meganebu!	Meganebu!	
Megaton-kyuu Musashi		
Megazone 23	Megazone 23	Megazone 23 Part II
Megumi	Megumi	
Megumi to Taiyou II: Kajuu Gummi Tweet Mystery - Kieta Sapphire Roman no Nazo		Tweet Mystery Megumi & Taiyou II: The Missing Sapphire Roman
Megumi to Taiyou III: Kajuu Gummi Tweet Fantasy - Timeline World		Tweet Fantasy
Megumi to Taiyou: Kajuu Gummi Tweet Love Story		Megumi to Taiyou
Mei King		MeiKing
Mei to Koneko Bus	Mei and the Baby Cat Bus	Mei to Konekobasu
Meiji Ishin wo Tsukuriageta Hitobito		
Meiji Tokyo Renka		
Meiji Tokyo Renka Movie: Hanakagami no Fantasia		
Meiji Tokyo Renka Movie: Yumihari no Serenade		Meiji Tokyo Renka: Gengetsu no Sayokyoku
Meiji x Kokosake & anohana Receipt Oubo Campaign		Meiji x Kokosake & anohana Receipt Drawing Campaign
Meiken Jolie	Belle and Sebastian	Jolie the Great Dog
Meiken Lassie		Sekai Meisaku Gekijou
Meiken Lassie Specials		Sekai Meisaku Gekijou Kanketsu Ban: Meiken Lassie
Meiken Lassie: Yume ni Mukatte Hashire!		Sekai Meisaku Gekijou
Meikoku Gakuen: Jutai-hen		
Meikyoku to Dai Sakkyokka Monogatari		
Meimon! Daisan Yakyuubu	Meimon! The Third Baseball Club	
Meiou Project Zeorymer	Hades Project Zeorymer	Meioh Project Zeorymer
Meisaku World		Hirake! Ponkikki: Meisaku World/Mukashibanashi
Meisou! Underworld		
Meisou-Ou Border		
Meitantei Conan: Kodai Kyouryuu no Nazo ni Semare!		Detective Conan: Approaching the Mystery of the Ancient Dinosaurs!
Meitantei Gordon	Meitantei Gordon	Detective Gordon
Meitantei Hangyodon: Kaitou Ruzu Arawaruno-kan		
Meitantei Holmes	Sherlock Hound	Famous Detective Holmes
Meitantei Holmes: Aoi Ruby no Maki / Kaitei no Zaihou no Maki	Sherlock Hound: The Adventure of the Blue Carbuncle / Treasure Under the Sea	Sherlock Hound Movie 01
Meitantei Holmes: Mrs. Hudson Hitojichi Jiken no Maki / Dover Kaikyou no Daikuuchuusen no Maki		Sherlock Hound Movie 02
Meitantei Rascal		
Meiwaku Danchi		Minna no Uta
Mejoku	Sextra Credit	
Mekakucity Actors	MEKAKUCITY ACTORS	Mekaku City Actors
Mekakucity Days	Mekakucity Days	Heat Haze Project
Mekakucity Records	Mekakucity Records	Heat Haze Project
Mekakucity Reload		
Mekakucity V&#039;s	Mekakucity V&#039;s	Heat Haze Project
Mellow		
Melody		
Melty Lancer		Melty Lancer: The Animation
Meme Iroiro Yume no Tabi	The Many Dream Journeys of Meme	The Traveller of Many Dreams
Memories		Magnetic Rose
Memories Off		
Memories Off #5 Togireta Film The Animation		Memories Off #5
Memories Off 2nd		
Memories Off 3.5		MOFF3.5
Memories: Younenki no Joukei	Scenes of My Childhood	
Memory		
Memory (ONA)		
Memory of Red		
Meng Qi Shi Shen		Mengqi Shishen
Menghuan Xiyou		Garena
Menghuan Xiyou 2		Garena 2
Menhera Ayuri no Yamanai Onedari: Headphone wa Hazusenai		
Menkui!		
Mentori		
Meoteoldosa		Magic Boy Muttul
Meoteoldosawa 108 Yogoe		Taoist Mutul and 108 Specters
Meoteoldosawa Ttomae		Taoist Mutul and DoMae
Merc Storia		
Mermaid Forest	Mermaid Forest	Takahashi Rumiko Gekijou Ningyo no Mori TV
Mermaid Forest OVA		Ningyo no Mori
Mermaid Melody Pichi Pichi Pitch	Mermaid Melody: Pichi Pichi Pitch	
Mermaid Melody Pichi Pichi Pitch Pure		
Mermaid&#039;s Scar	Mermaid&#039;s Scar	Ningyo no Kizu
Meshimase Lodoss-tou Senki: Sorette Oishii no?		Enjoy Record of Lodoss War: Is it Delicious?
Meshinuma.		
Message Song		Minna no Uta
Mesu Kyoushi 4: Kegasareta Kyoudan		
Mesu Kyoushi: Injoku no Kyoushitsu		Mesu Kyoshi Injoku no Kyoshitu
Mesu Nochi Torare		
Mesu Saga: Persona		
Metal Fight Beyblade	Metal Fight Beyblade	Beyblade: Metal Fusion
Metal Fight Beyblade 4D	Beyblade: Metal Fury	Metal Fight Beyblade 3
Metal Fight Beyblade Zero G	Beyblade: Shogun Steel	
Metal Fight Beyblade Zero G Specials		Metal Fight Beyblade Zero G OAD
Metal Fight Beyblade vs. Taiyou: Shakunetsu no Shinryakusha Sol Blaze		Metal Fight Beyblade Movie
Metal Fight Beyblade: Baku	Beyblade: Metal Masters	Metal Fight Beyblade: Explosion
Metal Fighter Miku	Metal Fighter Miku	Metal Fighters
Metal Skin Panic MADOX-01		
Metamorphose		
Metamorphosis	Metamorphosis	Caricature
Metroid Short Animation	Metroid Short Animation	
Metronome		Metoronoomu
Metropolis		Osamu Tezuka&#039;s Metropolis
Metropolis (2009)		
Metropolitan Museum		Minna no Uta
Mezame no Hakobune	Open Your Mind	Ark of Awakening
Mezzo DSA		Mezzo Danger Service Agency
Mezzo Forte		
Mi Yu Xing Zhe	Uncharted Walker	
Mi-da-ra	Secret Desires	Midara
Miami Guns		
Mianhada Saranghanda		Sorry I Love You: Between of One Year
Miboujin Nikki: Akogare no Ano Hito to Hitotsu Yane no Shita		
Miboujin: Numeriau Nikuyoku to Midara ni Nureru Mitsusubo	Widow	
Micchiri Neko	Mitchiri Neko	MitchiriNeko
Micchiri Neko March		MitchiriNeko March
Michi		Scarlet Road
Michi (Music)		Minna no Uta: Michi
Michiko to Hatchin	Michiko & Hatchin	Michiko e Hatchin
Michitekuru Toki no Mukou ni		Michiteru Kuru Toki no Mukou ni
Micro Teukgongdae Diatron 5		Micro Teukgongdae Daiyateuron 5
Microid S		Microsuperman
Midnight Crazy Trail		Wakate Animator Ikusei Project
Midnight Eye: Gokuu	Goku: Midnight Eye	
Midnight Eye: Gokuu II	Goku II: Midnight Eye	
Midnight Horror School		
Midnight Panther		
Midori no Hibi	Midori Days	My Days With Midori
Midori no Kuni no Otomodachi: Koeda-chan		
Midori no Makibao	Green Makibao	The Incredible Race Horse
Midori no Makibao Compilation OVA		
Midori no Neko	The Green Cat	
Midori-chan		Nice to meAt you☆
Midori-ko	Midori-ko	
Midoriyama Koukou Koushien-hen		Midoriyama Koukou Koushien hen
Midoriyama Koukou Koushien-hen (Movie)		Midoriyama Koko Koshien hen
Mienu Me ni Kanjita Kumotoriyama no Asahi		
Mighty Orbots	Mighty Orbots	
Mighty Thor: Battle Royale		Thor: Ragnarok
Mii-chan no Tenohira		
Miira no Kaikata	How to Keep a Mummy	How to keep a mummy
Miira no Yume	The Mummy&#039;s Dream	
Miitsuketa!		
Mikagura Gakuen Kumikyoku	Mikagura School Suite	Houkago Stride
Mikagura Gakuen Kumikyoku (TV)	Mikagura School Suite	
Mikagura Tanteidan		Mikagura Tanteidan - Katsudou Shashin
Mikakunin de Shinkoukei	Engaged to the Unidentified	
Mikakunin de Shinkoukei: Kamoniku tte Midori-ppoi Aji ga Suru no ne.		Mikakunin de Shinkoukei OVA
Mikakunin de Shinkoukei: Mite. Are ga Watashitachi no Tomatteiru Ryokan yo.		Mikakunin de Shinkoukei Special
Mikan Enikki		Mikan&#039;s Picture Diary
Mikan Enikki Specials		Mikan Enikki Episode 31
Mikan Seijin Arawaru		
Mikan-Seijin	Extraterrestrial Oranges	Mikan Seijin
Mikan-bune	A Ship of Oranges	Mikansen
Mikeneko Holmes no Yuurei Joushu		
Mikosuri Han-Gekijou		
Mikuni no Tame Ni	For the Kingdom	
Military!		Miritari!
Military! Special		Miritari!
Milk House Dreaming: Ai no Shiki		
Milk Junkie: Shimai-hen	Boobalicious	Milk Junky Shimai Hen
Milky Gal: Cats Ai		
Milky Panic twelve		Wakate Animator Ikusei Project
Milky Passion: Dougenzaka - Ai no Shiro		
Milkyway		
Million Doll	Million Doll	
Mim Mam Mint		Mimumamuminto
Mimi wo Sumaseba	Whisper of the Heart	If You Listen Carefully
Mimi-chan no Te to Te to Te		
Mimizu Monogatari	Worm Story	
Mimizuku to Tsuki-sama		
Mina no Bousai Mura Dzukuri		
Mina no Egao	Mina Smiles	
Mina no Mura no Gomi Soudou	Mina&#039;s Village Says Yes! to Waste Management	
Mina no Mura to Kawa	Mina&#039;s Village and the River	
Mina no Mura to Mori	Mina&#039;s Village and the Forest	
Minami Kamakura Koukou Joshi Jitenshabu	Minami Kamakura High School Girls Cycling Club	
Minami Kamakura Koukou Joshi Jitenshabu: Kita yo	 Taiwan!	南鎌倉高校女子自転車部 特別編「来たよ、台湾!!」
Minami no Kuni kara Kita Tegami		Minna no Uta
Minami no Niji no Lucy	Lucy-May of the Southern Rainbow	Sekai Meisaku Gekijou
Minami no Niji no Lucy Specials		Sekai Meisaku Gekijou Kanketsu Ban: Minami no Niji no Lucy
Minami no Shima no Dera-chan		Tamako Market
Minami-ke		Minamike
Minami-ke Betsubara		Minami-ke OVA
Minami-ke Natsuyasumi		
Minami-ke Okaeri		
Minami-ke Okawari		Minamike: Okawari
Minami-ke Omatase		
Minami-ke Tadaima		Minami-ke 4th Season
Minamo		
Minamoto no Yoritomo to Bushi no Yononaka		
Minarai Chameleon		Chameleon Apprentice
Minarai Diva		Apprentice Diva
Mind Game		Mindgame
Minerva no Kenshi	Fencer of Minerva	
Mini Hama: Minimum Hamatora		SD Hamatora
Mini Hama: Minimum Hamatora Movies		Minimum-Hamatora
Mini Moni Yaru no da Pyon!		
Mini Moni the TV		Mini Moni ja TV
Mini Rope		
Mini Sengoku Basara Two: Tsukiyo no Katakura-kun		
Mini Sengoku Basara: Chousokabe-kun to Mouri-kun		
Mini Skirt Gakuen	Girl&#039;s Locker Room Lust	Mini Skirt Jogakuen
Mini Van		Mini Vanguard
Mini Van 2nd Season		Mini Vanguard 2nd Season
Mini Van Special		Mini Vanguard Special
Mini Yon Soldier Rin!		
Mini-Chara Macross		
MiniGARO		
MiniGARO Manner Movie		
MiniPato	Mobile Police Patlabor Minimum	
Minihams no Ai no Uta		Minihamuzu no Ai no Uta
Minihams no Kekkon Song		Minihamuzu no Kekkon Song
Minikui Ahiru no Ko		
Minion	Minion	Apocalypsis
Minions x Godzilla x Toho Cinema Collaboration Tokubetsu Eizou		Minions x Gojira x Toho Cinema Collaboration Movie
Minky Momo in Tabidachi no Eki	Minky Momo: The Station of Your Memories	Minky Momo: Tabidachi no Eki
Minky Momo in Yume ni Kakeru Hashi	Minky Momo in the Bridge Over Dreams	
Minna Agechau♡		I Give My All
Minna Atsumare! Falcom Gakuen		Everyone Assemble! Falcom Academy
Minna Atsumare! Falcom Gakuen 3rd Season		
Minna Atsumare! Falcom Gakuen SC		Minna Atsumare! Falcom Gakuen Second Season
Minna Atsumare! Falcom Gakuen SC Special		Minna Atsumare! Falcom Gakuen Second Season
Minna Ichiban!		
Minna Tomodachi		
Minna de Bokumetsu Inshu Unten		
Minna de Tonda		
Minna ga Shitteru: Kokoro Atatamaru Natsukashii  Ohanashi Series		
Minna no Doutoku		
Minna no Jouhou Moral		
Minna no Okayama-ken		
Minna no Taabou Konnichiwa		
Minna no Umi		Minna no Uta
Minori Scramble!		
Mint		
Minwa Anime Series		
Miracle Giants Doumu-kun		Half a Hero
Miracle Giants Doumu-kun Special		Half a Hero Special
Miracle Psychicer Seizan		
Miracle Shoujo Limit-chan		Miracle Girl Limit-chan
Miracle Train: Chuo-sen e Youkoso	Miracle Train: Welcome to the Chuo Line	
Miracle! Mimika	Miracle! Mimika	Miracle Mimika
Miracle☆Girls		
Miracle☆Train: Oedo-sen e Youkoso	Miracle Train: Welcome to the Oedo Line	Miracle☆Train: Ooedo-sen e Youkoso
Miraesonyeon Kunta Beomyuda 5000 Nyeon		Future Boy Kunta in Bermuda 5000
Mirai Arise		
Mirai Choujuu Fobia	Fobia	
Mirai Kara Kita Shounen Super Jetter		
Mirai Kara no Message		
Mirai Keisatsu Urashiman	Future Police Urashiman	
Mirai Koushi Harima SACLA		Future Photon Harima Sakura
Mirai Nikki		Mirai Nikki OVA
Mirai Nikki (TV)	The Future Diary	Mirai Nikki
Mirai Nikki (TV): Ura Mirai Nikki	The Future Diary Specials	Mirai Nikki: Ura Mirai Nikki
Mirai Nikki: Redial	The Future Diary: Redial	Mirai Nikki OVA
Mirai Robo Daltanias	Future Robo Daltanius	Mirai Robo Daltanius
Mirai Shouboushi Kyuuta		Future Firefighter Kyuuta
Mirai Shounen Conan	Future Boy Conan	The Boy in Future
Mirai Shounen Conan (Movie)	Future Boy Conan Movie	Mirai Shounen Conan (1979)
Mirai Shounen Conan 2: Taiga Daibouken	Future Boy Conan 2: River Adventure	
Mirai Shounen Conan: Kyodaiki Gigant no Fukkatsu		Future Boy Conan
Mirai e no Kakehashi: Bridge for Future		
Mirai e no Niji: Boku no Ojisan wa	 Hansen-byou	未来への虹 -僕のおじさんは
Mirai e no Tegami: Kono Michi no Tochuu kara		Letter to the Future: Midway Along the Path
Mirai ni Mukete: Bousai wo Kangaeru		Considering Disaster Prevention for the Future
Mirai no Mirai		Mirai Of The Future
Mirai no Watashi		The Future Me
Miraijin Go Home		Future People Go Home
Mirakururun Grand Purin!		
Mirror Mirror (Bombs BiS)	Mirror Mirror (Bombs BiS)	Vampillia
Misato-chan no Yume Nikki		
Misemono Kenbutsu	At the Circus	
Misenai Namida wa	 Kitto Itsuka	ミセナイナミダハ、きっといつか
Miss Monochrome: Music Clips		
Miss Monochrome: The Animation		
Miss Monochrome: The Animation - Manager		
Miss Monochrome: The Animation - Soccer-hen		Miss Monochrome: Supporter
Miss Monochrome: The Animation 2		
Miss Monochrome: The Animation 3		
Miss Monochrome: Watashi dake no Monogatari		Miss Monochrome Music Video
Mission School	Mission School	
Mission-E		
Mister Ajikko		Born to Cook
Mister Ajikko Special		Mister Ajikko Episode 68.5
Misute♡naide Daisy	Don&#039;t Leave Me Alone	みすて♡ないでデイジー
Misuzu: Ikenai Koto		
Mitama: Nin		Mitama Shinobi
Mitsu x Mitsu Drops	Honey x Honey Drops	Honey & Honey Drops
Mitsuami no Kamisama	Pigtails	
Mitsubachi Maya no Bouken	Maya the Bee	Adventures of Maya the Honeybee
Mitsuboshi Colors	Mitsuboshi Colors	
Mitsudomoe	Mitsudomoe	Three Way Struggle
Mitsudomoe Special		
Mitsudomoe Zouryouchuu!		Mitsudomoe Dai Ni Ki
Mitsume ga Tooru		The Three-Eyed One
Mitsuwano		
Miyakawa-ke no Kuufuku		The Miyakawa Family&#039;s Hunger
Miyako	Miyako	
Miyamoto Musashi: Souken ni Haseru Yume	Musashi: The Dream of the Last Samurai	
Miyanishi Tatsuya Gekijou: Omae Umasou da na		
Miyazaki Maya Daizukan		
Miyori no Mori	Miyori&#039;s Forest	
Miyuki		
Mizu no Kotoba		Aquatic Language
Mizu no Tane		The Water Seed
Mizugi Kanojo: The Animation		Mizuho! Ekusasaizu!
Mizugumo Monmon	Water Spider Monmon	
Mizuiro		Mizuiro OVA 1
Mizuiro (2003)		Mizuiro OVA 2
Mizuiro Jidai		Aqua Age
Mizuki Shigeru no Toono Monogatari		Tono Monogatari
Mizutori		Minna no Uta
Mnemosyne: Mnemosyne no Musume-tachi	Rin: Daughters of Mnemosyne	Mnemosyne: Daughters of Mnemosyne
Mo Dao Zu Shi		Modao Zushi
Mo Jing Lieren	Armored Adventure	Drago Monster
Mo Jing Lieren 2nd Season	Armored Adventure 2nd Season	Armored Adventure 2
Mo Jing Lieren 3rd Season	Armored Adventure 3rd Season	Draco Monster 3
Mo Ri Shu Guang	Dawn of the World	Mori Shuguang
Mob Psycho 100	Mob Psycho 100	Mob Psycho Hyaku
Mob Psycho 100 II	Mob Psycho 100	Mob Psycho 100 2nd Season
Mob Psycho 100: Reigen - Shirarezaru Kiseki no Reinouryokusha		Mob Psycho 100: Reigen - The Miracle Psychic that Nobody Knows
Mob Psycho Mini		Mob Psycho 100 Specials
Mobile Dog House￥		Pasocom Music Club
Mobile Fighter G Gundam	Mobile Fighter G Gundam	Mobile Fighter G-Gundam
Mobile Suit Gakuen: G-Reco Koushien		
Mobile Suit Gundam	Mobile Suit Gundam	First Gundam
Mobile Suit Gundam 00	Mobile Suit Gundam 00	Kidou Senshi Gundam 00
Mobile Suit Gundam 00 Second Season	Mobile Suit Gundam 00: Second Season	Kidou Senshi Gundam 00 2nd Season
Mobile Suit Gundam 00 Special Edition	Mobile Suit Gundam 00 Special Edition	Kidou Senshi Gundam 00 Special Edition
Mobile Suit Gundam 00 The Movie: A Wakening of the Trailblazer		Gekijouban Kidou Senshi Gundam 00: A Wakening of the Trailblazer
Mobile Suit Gundam 0080: War in the Pocket	Mobile Suit Gundam 0080: War in the Pocket	Kidou Senshi Gundam 0080- Pocket no Naka no Sensou
Mobile Suit Gundam 0083: Stardust Memory	Mobile Suit Gundam 0083: Stardust Memory	Kidou Senshi Gundam 0083: Stardust Memory
Mobile Suit Gundam 0083: Stardust Memory - The Mayfly of Space		Kidou Senshi Gundam 0083: Stardust Memory - Uchuu no Kagerou
Mobile Suit Gundam 0083: Stardust Memory Picture Drama - The Mayfly of Space 2		Sora no Kagerou 2
Mobile Suit Gundam 0083: The Fading Light of Zeon	Mobile Suit Gundam 0083: The Afterglow Of Zeon	Kidou Senshi Gundam 0083 - JION no Zankou -
Mobile Suit Gundam 00: Tenshitachi no Kiseki		Gundam 00 Recap
Mobile Suit Gundam AGE		Kidou Senshi Gundam AGE
Mobile Suit Gundam AGE: Memory of Eden		Kidou Senshi Gundam AGE: Memory of Eden
Mobile Suit Gundam Battlefield Record: Avant-Title		Kidou Senshi Gundam Senki: Avant Title
Mobile Suit Gundam F91	Mobile Suit Gundam F91	Kidou Senshi Gundam F91
Mobile Suit Gundam I		Kidou Senshi Gundam I Gekijouban
Mobile Suit Gundam II: Soldiers of Sorrow		Kidou Senshi Gundam II: Ai Senshi-hen
Mobile Suit Gundam III: Encounters in Space		Kidou Senshi Gundam III: Meguriai Sora Hen
Mobile Suit Gundam MS IGLOO 2: Gravity of the Battlefront		Kidou Senshi Gundam MS IGLOO 2: Juuryoku Sensen
Mobile Suit Gundam MS IGLOO: Apocalypse 0079		Kidou Senshi Gundam MS IGLOO: Mokushiroku 0079
Mobile Suit Gundam MS IGLOO: The Hidden One Year War		Kidou Senshi Gundam MS IGLOO: Ichinen Sensou Hiwa
Mobile Suit Gundam SEED	Mobile Suit Gundam SEED	Kidou Senshi Gundam SEED
Mobile Suit Gundam SEED C.E.73: Stargazer		Kidou Senshi Gundam SEED C.E. 73: Stargazer
Mobile Suit Gundam SEED Destiny		Kidou Senshi Gundam SEED DESTINY
Mobile Suit Gundam SEED Destiny Final Plus: The Chosen Future	Mobile Suit Gundam SEED Destiny Final Plus: The Chosen Future	GSD: Episode 51
Mobile Suit Gundam SEED Destiny Special Edition	Mobile Suit Gundam SEED Destiny Special Edition	Kidou Senshi Gundam SEED Destiny Special Edition
Mobile Suit Gundam SEED MSV Astray	Mobile Suit Gundam SEED MSV Astray	
Mobile Suit Gundam SEED Special Edition		Kidou Senshi Gundam SEED Special Edition
Mobile Suit Gundam SEED: After-Phase Between the Stars		Kidou Senshi Gundam SEED: Hoshi no Hazama de
Mobile Suit Gundam SEED: SEED Supernova - Tanekyara Gekijou		Mobile Suit Gundam Mini SEED
Mobile Suit Gundam Thunderbolt		Kidou Senshi Gundam Thunderbolt
Mobile Suit Gundam Thunderbolt 2nd Season		Kidou Senshi Gundam Thunderbolt 2nd Season
Mobile Suit Gundam Thunderbolt: Bandit Flower		Kidou Senshi Gundam: Thunderbolt - Bandit Flower
Mobile Suit Gundam Thunderbolt: December Sky		Kidou Senshi Gundam Thunderbolt: December Sky
Mobile Suit Gundam UC: A Phantom World		Kidou Senshi Gundam Unicorn: A Phantom World
Mobile Suit Gundam Unicorn	Mobile Suit Gundam Unicorn	Mobile Suit Gundam UC
Mobile Suit Gundam Unicorn RE:0096	Mobile Suit Gundam Unicorn RE:0096	Mobile Suit Gundam UC RE:0096
Mobile Suit Gundam Unicorn: Episode EX - 100 Years of Solitude		Kidou Senshi Gundam Unicorn: Episode EX - Hyakunen no Kodoku
Mobile Suit Gundam Unicorn: One of Seventy Two		Kidou Senshi Gundam UC: One of Seventy Two
Mobile Suit Gundam Wing	Mobile Suit Gundam Wing	New Mobile Report Gundam Wing
Mobile Suit Gundam Wing: Endless Waltz	Mobile Suit Gundam Wing: Endless Waltz	Shin Kidou Senki Gundam Wing Endless Waltz
Mobile Suit Gundam Wing: Endless Waltz Movie	Mobile Suit Gundam Wing: Endless Waltz	Shin Kidou Senki Gundam W: Endless Waltz Gekijouban
Mobile Suit Gundam Wing: Operation Meteor	Mobile Suit Gundam Wing: Operation Meteor	Gundam Wing: Odd & Even Numbers
Mobile Suit Gundam ZZ	Mobile Suit Gundam ZZ	Kidou Senshi Gundam ZZ
Mobile Suit Gundam ZZ: Gundam Frag.		
Mobile Suit Gundam-san		Kidou Senshi Gundam-san
Mobile Suit Gundam-san (ONA)		
Mobile Suit Gundam-san: Bouya Dakara sa		Kidou Senshi Gundam-san: Because I&#039;m a Boy
Mobile Suit Gundam-san: Hiyoko day&#039;s Ichisuisei Hiyoko to Fushigi na Ofuda		
Mobile Suit Gundam: Char&#039;s Counterattack	Mobile Suit Gundam: Char&#039;s Counterattack	Kidou Senshi Gundam: Gyakushuu no Char
Mobile Suit Gundam: Iron-Blooded Orphans	Mobile Suit Gundam: Iron-Blooded Orphans	Kidou Senshi Gundam: Tekketsu no Orphans
Mobile Suit Gundam: Iron-Blooded Orphans 2nd Season	Mobile Suit Gundam: Iron-Blooded Orphans 2nd Season	Kidou Senshi Gundam: Tekketsu no Orphans 2nd Season
Mobile Suit Gundam: More Information on the Universal Century		
Mobile Suit Gundam: The 08th MS Team	Mobile Suit Gundam: The 08th MS Team	Kidou Senshi Gundam: Dai 08 MS Shotai
Mobile Suit Gundam: The 08th MS Team - A Battle with the Third Dimension		Kidou Senshi Gundam: Dai 08 MS Shotai - A Battle with the Third Dimension
Mobile Suit Gundam: The 08th MS Team - Miller&#039;s Report		Kidou Senshi Gundam: Dai 08 MS Shotai - Miller&#039;s Report
Mobile Suit Gundam: The Origin	Mobile Suit Gundam: The Origin	Kidou Senshi Gundam: The Origin
Mobile Suit Gundam: Twilight Axis		Kidou Senshi Gundam: Twilight Axis
Mobile Suit Gundam: Twilight Axis - Akaki Zan-ei		Mobile Suit Gundam: Twilight Axis - Red Blur
Mobile Suit Gundam: Zeonic Front - Indignation of Zeon.		Mobile Suit Gundam: Zeonic Front Special Movie
Mobile Suit SD Gundam Festival	Mobile Suit SD Gundam Festival	Kidou Senshi SD Gundam Matsuri
Mobile Suit SD Gundam Mk I		Kidou Senshi SD Gundam
Mobile Suit SD Gundam Mk II		Kidou Senshi SD Gundam Mk-II
Mobile Suit SD Gundam Mk III		Kidou Senshi SD Gundam SD Sengokuden
Mobile Suit SD Gundam Mk IV		Kidou Senshi SD Gundam Mk-IV
Mobile Suit SD Gundam Mk V		Kidou Senshi SD Gundam Mk-V
Mobile Suit SD Gundam Musha	 Knight	Musha
Mobile Suit SD Gundam&#039;s Counterattack	Mobile Suit SD Gundam&#039;s Counterattack	Kidou Senshi SD Gundam no Gyakushuu: Arashi o Yobu Gakuensai
Mobile Suit Victory Gundam	Mobile Suit V Gundam	Kidou Senshi Victory Gundam
Mobile Suit Zeta Gundam	Mobile Suit Zeta Gundam	Kidou Senshi Zeta Gundam
Mobile Suit Zeta Gundam: A New Translation - Heir to the Stars	Mobile Suit Zeta Gundam: A New Translation - Heir to the Stars	Kidou Senshi Z Gundam I: Hoshi o Tsugu Mono
Mobile Suit Zeta Gundam: A New Translation II - Lovers	Mobile Suit Zeta Gundam: A New Translation II - Lovers	Kidou Senshi Z Gundam II: Koibito-tachi
Mobile Suit Zeta Gundam: A New Translation III - Love Is the Pulse of the Stars	Mobile Suit Zeta Gundam: A New Translation III - Love Is the Pulse of the Stars	Kidou Senshi Z Gundam III: Hoshi no Kodou wa Ai
Mochi Mochi Panda	Mochi Mochi Panda	
Mochi Mochi no Ki	The Tree of Courage	Mochimochi no Ki
Mochi Mochi no Ki (OVA)	The Tree of Courage	Mochimochi no Ki
Mochibei		
Modern		
Modern No.2		
Moegaku★5		Moegaku*5
Moekan The Animation		Moekan Company OVA
Moero Arthur: Hakuba no Ouji		Prinz Arthus
Moero! Top Striker	Top Striker	L&#039;École des champions
Moeru! Oniisan	The Burning Wild Man	Moeru! Onii-san
Moeru! Oniisan (OVA)		Moeru! Onii-san (OVA)
Moetan		
Moetan Specials	Moetan	
Mofa Ya Ma	Grandma and Her Ghosts	
Mofukuzuma		Mourning Wife
Mofu☆Mofu		
Mogitate Marina-chan		Sister Marina
Mogu Mogu		
Mogura no Adventure		Mole&#039;s Adventure
Mogura no Motoro		Motoro the Mole
Mogyutto Love de Sekkinchuu!		Love Live! School Idol Project: Mogyutto Love de Sekkinchuu!
Mojakou		Mojacko
Moke Moke Taishou Dendo Musume Arisa	Arisa	Mokemoke Taishou Dendou Musume Arisa
Mokei Senshi Gunpla Builders Beginning G		Model Suit Gunpla Builders Beginning G
Mokkai Shiyo?		
Mokke		
Mokke Specials	Mokke Special Episodes	Mokke - Toorikaze
Moldiver		
Molly Star-Racer		
Momiji		
Momo Kyun Sword	Momokyun Sword	
Momo e no Tegami	A Letter to Momo	Momo e no Tegami
Momoiro Bouenkyou Anime Edition		
Momoiro Milk		
Momoiro Sisters		Pink Sisters
Momoiro no Crayon		
Momoko		Shocking Pink Girl Momoko
Momoko	 Kaeru no Uta ga Kikoeru yo.	もも子
Momokuri	momokuri	
Momon&#039;s Sand Witch		Momon&#039;s Sandwitch
Momon&#039;s Sand Witch Bangai-hen: Tanu no Kyuujitsu		Momon&#039;s Sand Witch Special
Momon&#039;s Sand Witch Episode 0		Momon&#039;s Sandwitch Episode 0
Momone	Momone	The Naughty Professor
Momonga-mon	Momonga-mon	
Momotaros no Natsuyasumi		Momotaros&#039;s Summer Vacation
Momotarou		
Momotarou (Music)		
Momotarou Densetsu		Momotaro Densetsu
Momotarou no Hi Asobi Yameyou! Hi no Youjin		
Momotarou no Koutsuu Anzen Kyoushitsu		
Momotarou no Umiwashi	Momotaro&#039;s Sea Eagles	Momotarou&#039;s Sea Eagles
Momotarou: Umi no Shinpei	Momotaro: Sacred Sailors	Momotaro&#039;s Divine Sea Warriors
Momoya Norihei Anime CM		Animation CM of Norihei
Momoya x Peeping Life: Go en Desu yo!		Peeping Life: This Is Fate!
Momoya x Peeping Life: Go en Desu yo! II	Peeping Life: This Is Fate! II	Momoya x Peeping Life: Go en Desu yo! 2
Mon Cheri CoCo		Mon Chéri Coco
Mon-Soni! D&#039;Artagnan no Idol Sengen	MSonic!	Monster Sonic! D&#039;Artagnan no Idol Sengen
Mon-Soni!: Senritsu no Lucifer	 Tada Hitotsu no Hajimari no Uta	モンストアニメ GWスペシャル番外編「センリツのルシファー ただひとつの始まりの歌」
MonHun Nikki Girigiri Airou Mura G		
MonHun Nikki Girigiri Airou Mura: Airou Kiki Ippatsu		Monster Hunters
MonHun Nikki Girigiri Airou Mura: Airou Kiki Ippatsu Specials		Monster Hunters Specials
Monchhichiisu		Monchicchiizu
Mondaiji-tachi ga Isekai kara Kuru Sou Desu yo?	Problem children are coming from another world	問題児たちが異世界から来るそうですよ?
Mondaiji-tachi ga Isekai kara Kuru Sou Desu yo?: Onsen Manyuuki		Mondaiji-tachi ga Isekai kara Kuru Sou Desu yo? OVA
Money Wars: Nerawareta Waterfront Keikaku		
Monkey Magic		
Monkey Punch no Sekai: Alice	Alice	
Monkey Punch: Manga Katsudou Daishashin		Mankatsu
Monkey Punch: Manga Katsudou Daishashin - Crime Mate Special		Mankatsu Special
Monkey Turn		I&#039;ll Be Number 1!
Monkey Turn V		
Monmusu Quest!		Monster Musume Quest!
Mono-darake!	Monodarake!	
Monochrome Factor		
Monogatari Series: Second Season	Monogatari Series: Second Season	Nekomonogatari: Shiro
Monogatari no Aru Satou	Sugar	物語のある砂糖
Mononoke	Mononoke	
Mononoke Dance		Denki Groove: Mononoke Dance
Mononoke Hime	Princess Mononoke	Mononoke Hime
Monoshiri Daigaku: Ashita no Calendar		Monoshiri University: Tomorrow&#039;s Calendar
Monotonous Purgatory		
Monpy	Monpy	Monpi
Monster	Monster	
Monster Extra		
Monster Farm 5: Circus Caravan OVA - Kessei!! Orcoro Circus		
Monster Farm: Enbanseki no Himitsu	Monster Rancher	
Monster Farm: Legend e no Michi	Monster Rancher (2000)	
Monster High: Kowa-ike Girls		Monster High: Scary Cool Girls
Monster Hunter Stories: Ride On	Monster Hunter Stories: Ride On	
Monster Musume no Iru Nichijou	Monster Musume: Everyday Life with Monster Girls	MonMusu
Monster Musume no Iru Nichijou OVA	Everyday Life with Monster Girls OVA	MonMusu OVA
Monster Musume no Iru Nichijou: Hobo Mainichi ◯◯! Namappoi Douga		Almost Daily __! Sort of Live Video
Monster Strike	Monster Strike	
Monster Strike The Movie: Hajimari no Basho e	Monster Strike The Movie: To The Place of Beginnings	Monster Strike The Movie: Beginnings
Monster Strike: Mermaid Rhapsody	Monster Strike: Mermaid Rhapsody	Monster Strike Summer Special
Monster Strike: Rain of Memories	Monster Strike: Rain of Memories	Monster Strike Winter Special
Monster Strike: Zoku Saishuu-banashi - Pandora no Hako	An Encore and Continuance: Pandora&#039;s Box	
Monster ni Natta Domerica	Domerica the Monster	Monster ni Natta Domerika
Monsuto Anime	Monster Strike the Anime 2nd Season	Monster Strike Anime
Monsuto Anime: Katsubou no Hate no Risoukyou	The Night Before Special: The Long-Awaited Utopia	Monster Strike 2 Episode 0
Monsuto Anime: Kieyuku Uchuu-hen	Monster Strike The Fading Cosmos	Monster Strike 3
Montana Jones		
Moom		Muumu
Moon Festa		moonfesta
Moon Pride		
Moonlight Mile 1st Season: Lift Off		
Moonlight Mile 2nd Season: Touch Down		
Moonlight Sonata		
Moonrakers		
Mori no Andou		Andou of the Forest
Mori no Densetsu	Legend of the Forest	Mori no Densetsu PART-1
Mori no Densetsu: Dai Ni Gakushou		
Mori no Hito to Shoutengu-chan		
Mori no Kaori x Kamiusagi Rope		
Mori no Kokoro-Koro		
Mori no Kuma-san	The Bear	
Mori no Ongakudan	Musicians of the Forest	
Mori no Ongakukai		The Forest Concert
Mori no Ongakutai		
Mori no Ratio	Ratio of Forest	Mori no Reshio
Mori no Senshi Bonolon		Bonolon: Fushigina Mori no Iitsutae
Mori no Tonto-tachi		Elves of the Forest
Mori no Youki na Kobito-tachi: Belfy to Lillibit	The Littl&#039; Bits	Littl&#039; Bits
Mori no Yousei: Kinoko no Musume		
Mori no e		Forest Painting
Morimori Shima no Mogu to Perol	Mogu&Perol	Morimori Shima no Mougu to Peroru
Morinaga Nyuugyou x Mary to Majo no Hana		Mary and the Witch&#039;s Flower
Morita-san wa Mukuchi		Miss Morita is Taciturn
Morita-san wa Mukuchi.		Miss Morita is Taciturn (TV)
Morita-san wa Mukuchi. 2		Miss Morita is Taciturn (TV) 2
Morita-san wa Mukuchi. Specials		Miss Morita is Taciturn (TV) Specials
Morizo to Kikkoro		
Mormorando		
Moshidora		Moshi Koukou Yakyuu no Joshi Manager ga Drucker no Management wo Yondara
Moshidora Recap		Moshidora Futatabi Soushuuhen
Moshimoshi	 Terumi Desu.	もしもし
Mother Teresa		
Mother: Saigo no Shoujo Eve	E.Y.E.S. of Mars	
Motion Lumine		
Mottainai		
Motto To LOVE-Ru	Motto To LOVE Ru	Motto To-Love-Ru
Motto! Ojamajo Doremi	More! Useless Witch Doremi	
Motto! Ojamajo Doremi: Kaeru Ishi no Himitsu	More! Ojamajo Doremi: Secret of the Frog Stone	More! Useless Witch Doremi - Secret of the Frog Stone
Mou Hasamazu ni wa Irarenai♥: Hoshi ni Onegai shitara Konnani Okkiku Nacchatta!		I just can&#039;t stand not getting between them!
Mou Hitotsu no Mirai wo.		Mou Hitotsu no Mirai o.
Mou Hitotsu no Nijiiro Toshi		
Moudouken Quill no Isshou		
Moufu no Hi		Minna no Uta
Mouretsu Atarou		Furious Ataro
Mouretsu Atarou (1990)		Extraordinary Ataro 2
Mouretsu Pirates	Bodacious Space Pirates	Mouretsu Uchuu Kaizoku
Mouretsu Pirates: Abyss of Hyperspace	Bodacious Space Pirates the Movie: Abyss of Hyperspace	Mouretsu Pirates Movie
Mouryou Senki Madara	Madara	
Mouryou no Hako		Moryo no Hako
Mouryou no Hako Special		Mouryou no Hako - Hako no Yuurei no Koto
Mouryou no Nie		
Mouse		MØUSE
Mouse and His Child		Oyako Nezumi no Fushigi na Tabi
Moushin Soloist Life!		Irodorimidori
Mousou Dairinin	Paranoia Agent	Mousou Dairinin
Mousou Kagaku Series: Wandaba Style	Mousou Kagaku Series: Wandaba Style	Mousou Kagaku Series Wandaba Style
Moving Colors		
Moyashimon		Moyasimon
Moyashimon CGI Anime		Tales of Agriculture CGI Anime
Moyashimon Returns		Moyashimon Returns: Tales of Agriculture
Moyashimon: Kin Gekijou Deluxe		Moyashimon: Microbe Theatre Deluxe
Mozu no Nie	House of 100 Tongues	The Offering of the Shrike
Mr. Bond	Mr. Bond	
Mr. Deniroo in Henteko Mushi		
Mr. Empty	Mr. Empty	Denki Groove: Mr. Empty
Mr. Men Little Miss	Mr. Men Little Miss	
Mr. Pen Pen		
Mr. Pen Pen II		
Mr. Shape		
Mr. Shape: High Touch Taisou		Mr. Shape: High Touch Gymnastics
Mrs. Junkie		Consenting Adultery
Mu Di		The Cowboy&#039;s Flute
Mu Wang Zhi Wang: Qi Lin Jue		Great King of the Grave: Secrets of the Qilin
Mudai		Untitled
Mudazumo Naki Kaikaku: The Legend of Koizumi		Mudadumo Naki Kaikaku
Mugen Kouro		Infinite Space
Mugen Senki Portriss		Tank Knights Portriss
Mugen Senshi Valis	Valis: The Fantasm Soldier	Mugen Senshi Varisu
Mugen Shinshi: Bouken Katsugeki-hen	Dream Dimension Gentleman	Mugen Shinshi BKH
Mugen no Kyoukai	The Boundary between Dream and Reality	
Mugen no Ryvius	Infinite Ryvius	
Mugen no Ryvius: Illusion		Infinite Ryvius: Illusion
Muhyo to Rouji no Mahouritsu Soudan Jimusho		Muhyo & Roji&#039;s Bureau of Supernatural Investigation
Mujaki no Rakuen	Paradise of Innocence	
Mujeokcheorin Rambot		Invincible Ironman Rambo
Mujigen Hunter Fandora	Dream Dimension Hunter Fandora	Yume Jigen Hunter Fandora
Mujin Wakusei Survive		Uninhabited Planet Survive
Mujintou Monogatari X	Desert Island Story X	
Mujintou Monogatari XX	Desert Island Story XX	
Muka Muka Paradise		Mukamuka
Mukashi Mukashi Momotarou		Mukashimukashi Momotarou
Mukashi Toilet ga Kowakatta!		Minna no Uta
Mukidashi no Mitsuko		
Mukougaoka Chisato wa Tada Mitsumeteita no Datta		Mukougaoka Chisato Was Only Gazing
Muku Hatojuu no Meiken Monogatari		
Muku no Ki no Hanashi		
Mune Kyun! Heartful Cafe	Heartful Cafe	
Munto	Munto	
Munto: Toki no Kabe wo Koete	Munto 2: Beyond the Walls of Time	
Mura Matsuri	Harvest Festival	Muramatsuri Omatsuri
Muramasa	Muramasa	
Murder	Murder	Satsujin
Murder Princess	Murder Princess	
Musaigen no Phantom World	Myriad Colors Phantom World	Musaigen no Phantom World
Musaigen no Phantom World Special	Myriad Colors Phantom World Special	
Musaigen no Phantom World: Limitless Phantom World		Myriad Colors Phantom World: Limitless Phantom World
Musashi no Ken		
Musashino!		
Musekinin Galaxy☆Tylor	The Irresponsible Galaxy☆Tylor	
Musekinin Kanchou Tylor	The Irresponsible Captain Tylor	
Musekinin Kanchou Tylor OVA	Irresponsible Captain Tylor OVA	
Mushi Mushi Mura no Nakama-tachi: Minna Ii Toko Arun Da yo		
Mushi no Tameiki		Insect&#039;s Sigh
Mushi-Uta	Mushi-Uta	Mushiuta
Mushiba Tetsudou		Cavity Express
Mushibugyou	Mushibugyo	
Mushibugyou OVA		Joujuu Senjin!! Mushibugyou OVA
Mushinin	Mushinin	Mushi Shinobu
Mushishi	Mushi-Shi	
Mushishi Special: Hihamukage	The Shadow that Devours the Sun	Mushi-shi Tokubetsu-hen: Hihamu Kage
Mushishi Zoku Shou	MUSHI-SHI -Next Passage-	Mushi-shi Zoku Shou
Mushishi Zoku Shou 2nd Season		Mushishi Zoku Shou 2nd Season
Mushishi Zoku Shou: Odoro no Michi	Mushishi Path of Thorns	Mushishi Zoku Shou Special
Mushishi Zoku Shou: Suzu no Shizuku		Mushishi Tokubetsu-hen: Suzu no Shizuku
Mushrambo	Shinzo	
Mushrambo (2008)		Kokoro wo Chikara ni
Music S.T.A.R.T!!		Love Live! School Idol Project: Music S.T.A.R.T!!
Music Up		Crazy for the Song
Musuko no Tomodachi ni Okasarete	The Cougar Trap	
Mutant Turtles: Choujin Densetsu-hen		Mutant Turtles: Superman Legend
Muteki Choujin Zanbot 3	Invincible Superman Zanbot 3	Muteki Choujin Zambot 3
Muteki Kanban Musume	Ramen Fighter Miki	Noodle Fighter Miki
Muteki Koujin Daitarn 3		Muteki Kojin Daitarn 3
Muteki Robo Trider G7	Invincible Robo Trider G7	
Muteki We Are One!!		Irodorimidori
Muteki no Jiichan		Minna no Uta
Mutekiou Tri-Zenon	Invincible King Tri-Zenon	TriZenon
Mutsu Enmei Ryuu Gaiden: Shura no Toki	Time of Shura	Shura no Toki - Age of Chaos
Mutsugo to Ouma no Monogatari	The Story of the Sextuplets and a Horse	Osomatsu-san x JRA Collaboration
Muttsuri Dosukebe Tsuyu Gibo Shimai no Honshitsu Minuite Sex Sanmai		
Muu no Hakugei	The White Whale of Mu	Moo no Hakugei
Muumin		Mumin
Muumin (1972)		Shin Muumin
Muumindani no Suisei		A Comet in Moominvalley
Muv-Luv Alternative: Total Eclipse	Muv-Luv Alternative: Total Eclipse	MuvLuv Alternative Total Eclipse
Muv-Luv Alternative: Total Eclipse Recap - Climax Chokuzen Special		Muv-Luv Alternative: Total Eclipse Soushuuhen
Muybridge no Ito		Muybridge&#039;s Strings
Muzumuzu Eighteen		Mzmz18
My Dearest Song	My Dearest Song	Irodorimidori
My Home	My Home	
My Imouto: Koakuma na A-Cup		My Sister: Little-Devil with an A-Cup
My Life		
My Life As		My Life as a Chicken
My Melody no Akazukin		My Melody&#039;s Little Red Riding Hood
My Melody no Akazukin (OVA)	My Melody in Little Red Riding Hood	My Melody&#039;s Little Red Riding Hood
My Wish	My Wish	Minna no Uta
Myself ; Yourself Specials		
Myself; Yourself	Myself; Yourself	
MÄR		Marchen Awakens Romance
Märchen Mädchen	Maerchen Maedchen	Fairy Tale Girls
