W&#039;z		
W-Tails Cat: A Strange Presence		W Tails Cat: A Strange Presence
W: Wish	Double Wish	
W: Wish Omake		W Wish Special
WWW.Working!!	WWW.WAGNARIA!!	
WXIII Kidou Keisatsu Patlabor	Patlabor Movie 3: WXIII	Patlabor the Movie 3
Wa Wa Wa Wappi-chan		Wa-Wa-Wa Wappi-chan
Wa Wa Wa Wappi-chan 2nd Season		Wa Wa Wa Wappi-chan Dai 2 Series
Waanabi.jk	I wanna be!	Wanna Be.jk
Waga Na wa Cowboy		Minna no Uta
Waga Seishun no Arcadia		Arcadia of My Youth
Waga Seishun no Arcadia: Mugen Kidou SSX	Endless Orbit SSX	Arcadia of My Youth: Endless Orbit SSX
Wagahai wa Inu de Aru: Don Matsugorou no Seikatsu		Wagahai wa Inu de Aru: Don Matsugoro no Seikatsu
Wagahai wa Neko de Aru		I Am a Cat
Wagamama High Spec	Wagamama High Spec	
Wagamama☆Fairy Mirumo de Pon!	Mirmo Zibang!	Milmo de Pon!
Wagaya no Koutsuu Anzen: Chichi to no Yakusoku		
Wagaya no Oinari-sama.	Our Home&#039;s Fox Deity	Wagaya no Oinarisama
Wagaya no Oinari-sama. Specials		
Waisetsu Missile The Animation		Obscene Missle
Wakaba*Girl	Wakaba Girl	
Wakaba*Girl: Onsen Tsukaritai	Wakaba Girl Special	Wakaba*Girl Special
Wakako-zake	Wakakozake	Wakako Sake
Wakakusa Monogatari	Little Women	Little Women (1980)
Wakakusa Monogatari: Nan to Jo-sensei	Little Women II: Jo&#039;s Boys	Sekai Meisaku Gekijou
Wakakusa Monogatari: Nan to Jo-sensei Specials		Sekai Meisaku Gekijou Kanketsu Ban: Wakakusa Monogatari: Nan to Jo-sensei
Wakakusa no Charlotte		Charlotte of the Young Grass
Wakakusa no Yon Shimai	Little Women	Wakakusa Monogatari Yori Wakakusa no Yon Shimai
Wakamono to Koinu to Croissant		Minna no Uta
Wakaokami wa Shougakusei!		
Wakaokami wa Shougakusei! Movie		
Wakaranai Buta	In a Pig&#039;s Eye	
Wake Up		ClariS - Wake Up
Wake Up	 Girl Zoo!	 Girls! ZOO
Wake Up	 Girl Zoo! Miyagi PR de Go!	うぇいくあっぷがーるZOO！ 宮城PRでGO！
Wake Up	 Girl Zoo! Taiwan de Go!	うぇいくあっぷがーるZOO！ 台湾でGO！
Wake Up	 Girls!	 Girls!
Wake Up	 Girls! Beyond the Bottom	Wake Up
Wake Up	 Girls! Deai no Kiroku: A Brief Recording	Wake Up
Wake Up	 Girls! Seishun no Kage	Wake Up
Wake Up	 Girls! Shichinin no Idol	 Girls! The Movie
Wake Up	 Girls! Shin Shou	 Girls! New Chapter
Wake Up	 Girls! no Miyagi PR Yarasete Kudasai!	Wake Up
Wake Up! Aria: Majokko Virgin Kiki Ippatsu	Wake Up! Aria	Aria
Wake Up! Dodo	Wake Up! Dodo	
Wake up!! Tamala		
Wakie Wakie		Merci Merci Me
Waku Waku Koma-chan	The Curious Kitty & Friends	Wakuwaku Koma-chan
Wakusei Daikaiju Negadon	Negadon: The Monster from Mars	Wakusei Dai Kaiju Negadon
Wakusei Robo Danguard Ace	Dangard Ace	Planetary Robo Dangard A
Wakusei Robo Danguard Ace tai Konchuu Robot Gundan		Dangard Ace tai Konchuu Robot Gundan
Wakusei Robo Danguard Ace: Uchuu Daikaisen		Dangard Ace Movie: The Great Space War
Wakuwaku♥Nukegake Daisakusen		dorlis × SOFFet
Wala! Pyeon-uijeom The Animation	Welcome to Wara Store!	Welcome to Convenience Store!
Walking Man		Scrap Diary 2: Walking Man
Walkure Romanze		Valkyrie Romanze
Wall		
Wamono		Hifana - Wamono
Wan Wan Celepoo Soreyuke! Tetsunoshin		Wanwan Celepoo Sore Yuke! Tetsunoshin
Wan Wan Chuushingura		Doggie March
Wana: Hakudaku Mamire no Houkago		
Wangan Midnight		
Wanghu Sim Cheong		Empress Chung
Wangpai Yushi		Ace Censorate
Wangpai Yushi Di 0 Ji		Wangpai Yu shi Episode 0
Wangu Xian Qiong	Everlasting Immortal Firmament	Everlasting Immortal Firmament
Wangu Xian Qiong 2nd Season		Everlasting Immortal Firmament 2nd Season
Wankorobee		
Wanna Be a Tuna	Wanna Be A Tuna	
Wanna-Be&#039;s		Wannabes
Wanna. SpartanSex Spermax!!!		
Wanpaku Oomukashi Kum Kum	Kum Kum	Wanpaku Omukashi Kumu Kumu
Wanpaku Ouji no Orochi Taiji	Orochi	わんぱく王子の大蛇退治
Wanpaku Tanteidan		Boy&#039;s Detective Team
Wansa-kun	Little Wansa	
Wansa-kun OVA		
Wanwan Sanjuushi	Dogtanian and the Three Muskehounds	Wanwan Sanjuushi
Wanwanwan Coin		
Wao-kun no Hane		
Warai Kawasemi ni Hanasu na yo		Minna no Uta
Warai no Show Gakkou		School of Show Laughter
Warau Hyouteki	Laughing Target	Rumic World 3
Warau Kangofu The Animation	Laughing Nurse	In Warau Kangofu The Animation
Warau Salesman	Laughing Salesman	Smiling Salesman
Warau Salesman Dai SP-banashi		Laughing Salesman Specials
Warau Salesman Episode 0		Warau Salesman Prologue
Warau Salesman New	The Laughing Salesman	Smiling Salesman New
Warau Salesman Tokubetsu Bangumi		
Warau Tsuki	Laughing Moon	
Warenai Tamago		Minna no Uta
Warera Salaryman Tou		
Wares: Beyond		
Wareware no Heya	Echo Chamber	Notre Chambre
Warui no wo Taose!! Salaryman Man		Defeat the Evil One!! Salaryman Man
Washimo		Wasimo
Washimo 2nd Season		Washimo Second Season
Washimo 3rd Season		Wasimo Third Season
Washimo 4th Season		Wasimo 4
Washimo 5th Season		Wasimo 5
Washimo 6th Season		Wasimo 6
Wasure-boshi		Wasureboshi
Wasurenagumo	Li&#039;l Spider Girl	Wakate Animator Ikusei Project
Wasurenai yo		Minna no Uta
Wasurerareta Ningyou		
Wasurerumonka!		
Wata no Kuni Hoshi	Fantasy of a Kitten	The Star of Cottonland
Wata no Kuni Hoshi Pilot		The Star of Cottonland Pilot Film
Watashi	 Nouryoku wa Heikinchi de tte Itta yo ne!	私、能力は平均値でって言ったよね!
Watashi ga Motenai no wa Dou Kangaetemo Omaera ga Warui!	WataMote: No Matter How I Look At It	私がモテないのはどう考えてもお前らが悪い!
Watashi ga Motenai no wa Dou Kangaetemo Omaera ga Warui!: Motenaishi	 Nazomeite Miru	私がモテないのはどう考えてもお前らが悪い! 未放送第13話
Watashi ga Motete Dousunda	Kiss Him	私がモテてどうすんだ
Watashi ga Nakou Hototogisu		Let Me Cry
Watashi ga Toriko ni Natte Yaru		I&#039;ll be Your Slave and Have Sex with You
Watashi no Ashinaga Ojisan	My Daddy Long Legs	Sekai Meisaku Gekijou
Watashi no Ashinaga Ojisan Specials		Sekai Meisaku Gekijou Kanketsu Ban: Watashi no Ashinaga Ojisan
Watashi no Coffee Samurai: Jihanki-teki na Kareshi	Coffee Samurai	My Coffee Samurai: A Vending Machine Boyfriend
Watashi no Kamifuusen		Minna no Uta
Watashi no Kao		My Face
Watashi no Naka no Gensou-teki Sekaikan Oyobi Sono Kengen wo Souki Saseta Aru Genjitsu de no Dekigot		Irodorimidori
Watashi no Shiranai Mesu no Kao		
Watashi to Watashi: Futari no Lotte	The Two Lottes	I and Myself: The Two Lottes
Watashi wa	 Kairaku Izonshou	私は、快楽依存症
Watashi wa Buranko		Minna no Uta
Watashi wa Tofu Desu		Minna no Uta
Watashitachi	 Luck Logic-bu!	私たち、らくろじ部！
Watashitachi	 Luck Logic-bu! 2	私たち、らくろじ部! 2
Watashitachi no Kurashi to Doboku		Civil Engineering and Our Lives
Watashitachi no Mirai		
Watt Poe to Bokura no Ohanashi	Watt Poe	Wat Bo
Waver	Behind Closed Doors	
Waza no Tabibito		
Wazaguu! vs. Dangerous Jiisan Ja: Houfukuzettou! Anime Quiz		
Weaving	Weaving	
Weekender Girl		
Wei Qi Shao Nian	Chess Player	
Wei Qi Shao Nian 2	Go Player 2; Go Youngsters 2; Go Boy 2	
Weiß Kreuz	Knight Hunters	Weiss Kreuz
Weiß Kreuz Glühen	Knight Hunters Eternity	Weiss Kreuz Gluehen
Weiß Kreuz OVA	Knight Hunters OVA	Weiss Kreuz OVA
Weiß Survive		Weiss Survive
Weiß Survive R		Weiss Survive R
Wellber no Monogatari: Kanashimi no Senshi Galahad no Banka	Sisters of Wellber - Elegy for a Sad Warrior	
Wellber no Monogatari: Sisters of Wellber		Wellber Story: Sisters of Wellber
Wellber no Monogatari: Sisters of Wellber Zwei	Sisters of Wellber Zwei	Wellber no Monogatari
What&#039;s Michael?		
What&#039;s Michael? (TV)		
What&#039;s Michael? 2		
Wheels		
Whistle!		
Whistle! (ONA)	Whistle!	
White Album	White Album	W.A.
White Album 2	White Album 2	White Album2
White Album 2 Picture Drama		WA2 Picture Drama
White Album 2nd Season	White Album Season 2	White Album Second Season
White Fantasy	WHITE FANTASY	K-Swiss All White Project
White Tree	White Tree	
Why		
Why Re-Mix 2002		
Wild 7		Wild 7: Biker Knights
Wild 7 Another Bouryaku Unga	Wild 7 Another	Wild 7 Swirling Canal
Wild Adapter	Wild Adapter	
Wild Arms: Twilight Venom	Wild Arms	
Wind: A Breath of Heart		
Wind: A Breath of Heart (TV)		Wind: A Breath of Heart (2004)
Wind: A Breath of Heart OVA		
Wind: A Breath of Heart Specials		
Windaria	Once Upon A Time	 童話めいた戦史ウインダリア
Windy	Windy	
Wingcle Bear Hamkkehaneun Lomentig Hwaiteudei		Romantic White Day Together with Wingcle Bear
Winner		Minna no Uta
Winter Garden	Di Gi Charat: Winter Garden	DiGi Charat: Winter Garden
Winter Sonata		Fuyu no Sonata
Winter Sonata Episode 0		Fuyu no Sonata Episode 0
Wish		CLAMP - Wish
Wish Me Mell		Wish Me Mell: Miracle Circus
Witch Craft Works		Witchcraft Works
Witch Craft Works OVA		Witchcraft Works
Witch Craft Works Specials		Witchcraft Works Specials
Witch Hunter Robin	Witch Hunter Robin	WHR
Witch Village Story		
Witch Village Story Specials		ウィッチ ヴィレッジ ストーリー
Witchblade	Witchblade	
With You: Mitsumeteitai		
Within the Bloody Woods		
Wizard Barristers: Benmashi Cecil	Wizard Barristers	
Wizard Girl Ambitious		
Wizardry		
Wo De Ni Tian Shen Qi		Wo De Nitian Shenqi
Wo De Tian Jie Nv You	My Cultivator Girlfriend	Wo De Tian Jie Nuyou
Wo Jia Da Shixiong Naozi You Keng		There&#039;s a Pit in My Senior Martial Brother&#039;s Brain
Wo Jiao Bai Xiaofei		Shi Xiong Season 2
Wo Shi Jiang Xiaobai	I&#039;m Joybo	Wo Shi Jiang Xiao Bai
Wo Shi Jiang Xiaobai (2018)	I&#039;m Joybo OVA	Wo Shi Jiang Xiao Bai: Xiao Ju Chang
Wo Shi Na Zha	I Am Nezha	
Wolf Guy		
Wolf&#039;s Rain	Wolf&#039;s Rain	Wolf Rain
Wolf&#039;s Rain OVA	Wolf&#039;s Rain OVA	
Wolverine	Wolverine	
Women		
Wonder		1000say: Live in Planetarium 1
Wonder (Movie)	Wonder	
Wonder 3	The Amazing 3	W3
Wonder 3 Pilot		Wonder Three Pilot
Wonder Beat Scramble		Wonder Beat Scrumble
Wonder Bebil-kun		Little Bebil in Wonderland
Wonder Garden		Control Bear [WONDER GARDEN] Short Animation Film
Wonder Gravity: Pino To Juuryoku Tsukai	Wonder Gravity: Pino and the Gravity Users	Wonder Gravity Opening Movie
Wonder Momo		
Wonder-kun no Hatsu Yume Uchuu Ryokou		First Marvelous Dream In Wonder-Boy&#039;s Space Trip
Wonderful Days	Sky Blue	
Wonderful Rush		Love Live! School Idol Project: Wonderful Rush
Wonderful World: Ganmen Shintaisou		Minna no Uta
Wonderland		
Wonderland to Hitsuji no Uta	Wonderland to Hitsujinouta	Wonderland and the Sheep&#039;s Song
Woo to Wah	Wooh & Wah	
Wooser no Sono Higurashi	Wooser&#039;s Hand-to-Mouth Life	Project Wooser
Wooser no Sono Higurashi: Kakusei-hen	Wooser&#039;s Hand-to-Mouth Life: Awakening Arc	Wooser no Sono Higurashi Second Season
Wooser no Sono Higurashi: Ken to Pants to Wooser to	Wooser&#039;s Hand-to-Mouth Life Special	Wooser no Sono Higurashi Special
Wooser no Sono Higurashi: Mugen-hen	Wooser&#039;s Hand-to-Mouth Life: Phantasmagoric Arc	Wooser no Sono Higurashi Third Season
Words Worth		Wordsworth
Words Worth Gaiden		Words Worth: Outer Story
Working Boys		
Working!!	Wagnaria!!	Working!!
Working!!!	Wagnaria!!3	Working!! 3rd Season
Working!!!: Lord of the Takanashi		Working!!! Episode 14
Working&#039;!!	Wagnaria!!2	Working!! 2
Working&#039;!! Announcement Specials	Wagnaria&#039;!! Announcement Specials	
Worku		Worku: From Behind
World Calling		
World Destruction: Sekai Bokumetsu no Rokunin	Sands of Destruction	
World Fool News		
World Fool News (TV)	World Fool News	World Fool News (2014)
World Fool News (TV) Part II	World Fool News Part II	World Fool News (TV) 2nd Season
World Trigger		World Trigger
World&#039;s End Umbrella	World&#039;s End Umbrella	Hatsune Miku
Wotaku ni Koi wa Muzukashii		It&#039;s Difficult to Love an Otaku
Wrestler Gundan Seisenshi Robin Jr.		Wrestler Corps Commander Holy Warrior Robin Jr.
Wu Geng Ji		The Legend and the Hero
Wu Geng Ji 2nd Season		Wu Geng Ji: Tian Qi
Wu Kong Da Zhan Er Lang Shen		Monkey King vs. Er Lang Shen
Wu Lan Qi Qi Ge	Twins on the Pasture	
W・TAILS CAT - A STRANGE PRESENCE	W-TAILS CAT - A STRANGE PRESENCE	
