E no Umakatta Tomodachi		
E&#039;s Otherwise	E&#039;s Otherwise	
EDEN		
Eagle Sam		Sam the Olympic Eagle
Early Reins	Early Reins	
Earthian	Earthian	
Easy Cooking Animation: Seishun no Shokutaku		Easy Cooking Animation: Youth&#039;s Dining Table
Eat You Up/Bunny		
Eat-Man		Eatman
Eat-Man &#039;98		
Ebenbourg no Kaze		Wind of Ebenbourg
Ebiten: Kouritsu Ebisugawa Koukou Tenmonbu	Ebiten	
Ebiten: Kouritsu Ebisugawa Koukou Tenmonbu OVA		Ebiten: Kouritsu Ebi Sugawa Koukou Tenmonbu OAD
Ebiten: Kouritsu Ebisugawa Koukou Tenmonbu Specials		
Ecchan no Sensou		The War of the Girl
Ecchi de Happy! Pin! Pin! Pin!		
Ecchi na Shintai Sokutei Anime Edition		
Ecchies		
Echigo no Mukashibanashi: Attaten Ganoo	Tales from the Snow Country	
Echo: Kodama Suru Uta		Minna no Uta
Echolocation	Echolocation	LITE
Eddie the Fast Break	Eddie the Fast Break	
Eddy & Emmy no Initial Ring wa Futari de		The Vaudeville Duo
Eden&#039;s Bowy		EDENsBOwY
Edokko Boy: Gatten Tasuke		Tasuke
Efficus: Kono Omoi o Kimi ni...		
Egao		Smile
Egao ni Dai Sekkin		Minna no Uta
Egao no Hana		Minna no Uta
Egao no Orquesta!		
Egomama	Egomama	
Eguchi Hisashi no Kotobuki Gorou Show		Kotobuki Goro Show
Eguchi Hisashi no Nantoka Narudesho!		
Ehon Yose		
Eien		Forever
Eien no Aselia	The Eternal Aseria	Eien no Aseria: The Spirit of Eternity Sword
Eien no Filena		Eternal Filena
Eien no Hou	The Laws of Eternity	Happy Science Movie 4
Eievui to Colorful Friends	Eevee and Colorful Friends	Pokemon: Eevee and Colorful Friends
Eiga Ensetsu Seiji no Rinrika Gotou Shinpei 1926	Film Address Ethicization of Politics by Shinpei Goto	映画演説 政治の倫理化 後藤新平 1926
Eiga de Toujou! Tamagotchi Dokidoki! Uchuu no Maigotchi!?		
Eiga de Utaou! Mother Goose	Let&#039;s sing! Mother Goose	
Eiga! Tamagotchi Uchuu Ichi Happy na Monogatari!?		
Eightman	8 Man	Eight Man
Eightman After	8 Man After	Eight Man After
Eigo de Asobo: Tanken Goblin Tou		Expedition to Tanken Goblin Island
Eigo de Utatte Asobou		Hello Kitty Fushigina Tabi
Eiji		
Eiken: Eikenbu yori Ai wo Komete	Eiken	
Eikoku Ikka	 Nihon wo Taberu	英国一家、日本を食べる
Eikoku Ikka	 Nihon wo Taberu: English Ikka	Sushi and Beyond: An English Family Eats New Year&#039;s
Eikoku Koi Monogatari Emma	Emma: A Victorian Romance	
Eikoku Koi Monogatari Emma: Intermission	Emma: A Victorian Romance - Intermission	Emma: A Victorian Romance - Intermission
Eikoku Koi Monogatari Emma: Molders-hen	Emma: A Victorian Romance Season Two	
Eikou Naki Tensai-tachi Kara no Monogatari		Stories From Geniuses Without Glory
Eikou e no Spur: Igaya Chiharu Monogatari		
Eikyuu Kazoku		Eternal Family
Eine Kleine		
Eisai Kyoiku		Study-A-Broad episode #1
Eiyuu Banka Koushi-den		Koshi-den
Eiyuu Densetsu: Sora no Kiseki The Animation	Legend of the Heroes: Trails in the Sky	
Eiyuu Gaiden Mozaicka		Mozaika
Eiyuu Kaitai	Eiyu Kaitai	Heroes Dismissed
Eiyuu ni wa Narenai Bokura Dakara		
Ekimemo!	Ekimemo	Station Memories!
Eko Eko Azarak		
Ekubo Ouji		Hirake! Ponkikki: Ekubo Ouji
El	Elle	E&#039;l
El Cazador de la Bruja	El Cazador de la Bruja	El Cazador
El Hazard 2: The Magnificent World		Shinpi no Sekai Eru Hazaado dai 2 ki
El Hazard: The Alternative World		Ijigen no Sekai El Hazard
El Hazard: The Magnificent World		Shinpi no Sekai Eru Hazaado
El Hazard: The Wanderers	El-Hazard: The Wanderers	Shinpi no Sekai El-Hazard TV
Elec-king The Animation		
Element Hunters		Elementhunters
Elf 17		Elf Seventeen
Elf Hime Nina		
Elf no Futagohime: Willan to Arsura		
Elf no Wakaokusama	The Elven Bride	Elf no Waka Okusama
Elf wo Karu Mono-tachi	Those Who Hunt Elves	
Elf wo Karu Mono-tachi II	Those Who Hunt Elves II	
Elf-ban Kakyuusei: Anata dake wo Mitsumete...		Kakyuusei: Elf Version
Elfen Lied	Elfen Lied	Elfen Song
Elfen Lied Special	Elfen Lied: In the Passing Rain	Elfen Lied OVA
Elfina: Yoru e to Urareta Oukoku de... The Animation		Elfeana
Elite Banana Banao	Elite Banana Banao	
Elite Jack!!		Elite Jack!! Ciao Ciao OVA
Elleair x Kamiusagi Rope		
Elmer no Bouken: My Father&#039;s Dragon	Elmer&#039;s Adventure: My Father&#039;s Dragon	Elmer no Boken: My Father&#039;s Dragon
Elsword: Ain-ui Gieog Animation		
Elsword: El-ui Yeoin		Elsword: El Lady
Elysium		The Last Ark
Embah		
Emblem Take 2		
Emi to Yobanaide		Amy to Yobanaide
Emiya-san Chi no Kyou no Gohan	Today&#039;s Menu for the Emiya Family	
En En Nikoli		En En Nikori
Enbi		
Enbo	Taboo Charming Mother	Erotic Heart Mother
Endless Serenade		
Endless Summer		
Endride	Endride	
Energy Kyouka!!		
Engimon		Wakate Animator Ikusei Project
Enkinhou no Hako: Hakase no Sagashimono	The Researcher&#039;s Search - Perspectivenbox	Perspektivenbox
Enkou JK Bitch Gal: Ojisan to Namapako Seikatsu		Enkou JK Bitch Gyaru: Oji-san to Nama Pako Seikatsu
Enkou Shoujo: Rikujoubu Yukki no Baai The Animation		
Enoshimans		
Ensemble Stars! The Animation		
Enshou Nihon Mukashibanashi		
Entaku no Kishi Monogatari: Moero Arthur		King Arthur
Entotsuya Peroo		Chimney Sweep Pero
Enyoku		
Enzai		eine falsche Beschuldi-gung
Erementar Gerad	Elemental Gelade	Erementar Gerade
Erementar Gerad: Aozora no Senki		Erementar Gerade: Flag of Bluesky
Ergo Proxy	Ergo Proxy	
Ero Manga Mitai na Koi Shiyo		Let&#039;s Fall in Love The Ero-manga
Ero Manga! H mo Manga mo Step-up♪		
Ero Semi: Ecchi ni Yaruki ni ABC - The Animation		Ero Zemi: Ecchi ni Yaruki ni ABC
Eroge! H mo Game mo Kaihatsu Zanmai		
Eromame		
Eromanga-sensei	Eromanga Sensei	
Eromanga-sensei OVA		Ero Manga Sensei: Imouto to Akazu no Ma OVA
Escaflowne	Escaflowne: A Girl in Gaea	Escaflowne: The Movie
Escalator-jou no Hokou no Kiken-sei		
Escape from Tsuki no Uragawa Zoo	Escape from Tsuki no Uragawa Zoo	
Escha & Logy no Atelier: Tasogare no Sora no Renkinjutsushi		Atelier Escha & Logy: Alchemists of the Dusk Sky
Escha Chron		
Esoragoto Spiral	A Fiction Spiral	Fabrication Spiral
Esper Bishoujo Manami	Sexy Fighter Manami	
Esper Mami		
Esper Mami Special: My Angel Mami-chan		
Esper Mami: Hoshizora no Dancing Doll		Mami the ESPer: Dancing Dolls in a Starry Sky
Estima: Sense of Wonder		Toyota Previa
Eto wa Merry-Go-Round		Minna no Uta
Etotama	Etotama	Eto Tamashii
Etotama 2		Eto Tamashii 2
Etotama Specials		Eto Tamashii Specials
Etsuraku no Tane The Animation		
Eun-sil-i	The Dearest	Eunsil-i
Eunhahamdae Jiguho		Galaxy Fleet Jiguho
Eunhajeonseol Tera		Tera
Euphoria		
Eureka Seven	Eureka Seven	Koukyoushihen
Eureka Seven AO		Eureka Seven Astral Ocean
Eureka Seven AO Final Episode: One More Time - Lord Don&#039;t Slow Me Down		
Eureka Seven AO: Aratanari Fukaki Ao		Eureka Seven AO Original Short Anime
Eureka Seven AO: Jungfrau no Hanabana-tachi		Eureka Seven AO: Jungfrau no Hanabanatachi
Eureka Seven: Navigation ray=out		Eureka Seven Recap
Eureka Seven: New Order		Eureka Seven Episode 51
Eureka Seven: Pocket ga Niji de Ippai	Eureka Seven - good night	 young lovers
Evangelion: 1.0 You Are (Not) Alone	Evangelion: 1.0 You Are (Not) Alone	Evangelion Shin Gekijouban: Jo
Evangelion: 2.0 You Can (Not) Advance	Evangelion: 2.0 You Can (Not) Advance	Evangelion Shin Gekijouban: Ha
Evangelion: 3.0 You Can (Not) Redo	Evangelion: 3.0 You Can (Not) Redo	Evangelion Shin Gekijouban: Kyuu
Evangelion: 3.0+1.0		Evangelion: 4.0
Eve no Jikan	Time of Eve	Eve&#039;s Time
Eve no Jikan (Movie)	Time of Eve	Eve&#039;s Time
Everyday Affair	Everyday Affair	in the blue shirt
Evidence		Daisy x Daisy - Bouei Honoo
Evil or Live	Evil or Live	Lixiang Jinqu
Evil or Live Recap		Evil or Live 9.5
Examurai Sengoku		Exile Generation
Examurai Sengoku Recap		Exile Generation Recap
Exper Zenon		
Experiment		
Explorer Woman Ray		
Extra	Extra	Ken Ishii: Extra
Eyedrops		
Eyedrops Episode 0		Eye Drops Episode 0
Eyedrops Special Episode	Eyedrops Special Episode	Sante MediGuard EX
Eyeshield 21		Eyeshield21
Eyeshield 21: Jump Festa 2005 Special		Eyeshield 21: Jump Super Anime Tour 2005 Special
Eyeshield 21: Maboroshi no Golden Bowl	The Illusionary Golden Bowl	Eyeshield 21 Jump Fest 2004
