G-9	G-9	
G-On Riders		
G-On Riders Special		G-On Riders OVA
G-Taste		
G-Taste (2010)	G-Best	
G-senjou no Higeki		G String
G.T.R G-cup Teacher Rei		
GA: Geijutsuka Art Design Class		GA: ADC
GA: Geijutsuka Art Design Class OVA		GA: ADC OVA
GAME OVER feat. Hatsune Miku		
GJ-bu	GJ Club	Good Job-bu
GJ-bu@		GJ-bu Guruguru
GJ8man	GJ8man	
GJ8man: Dai 1-bu - Soushuuhen	GJ8man: Season 1 Highlights	GJ8man Recap
GO-GO Tamagotchi!		
GR: Giant Robo		Giant Robo 40th Anniversary
GS Mikami: Gokuraku Daisakusen!!	Ghost Sweeper Mikami Movie	
GUNbare! Game Tengoku 2 the Movie		Gunbare! The Game Paradise 2
Ga no Iru Tokoro	A Place Where There Are Moths	Thinking and Drawing: Nihon no Shinseiki Art Animation
Ga-Rei: Zero	Ga-Rei-Zero	Garei: Zero
Gabriel DropOut	Gabriel DropOut	
Gabriel DropOut Specials		
Gad Guard		
Gaegujang-i Cheonsadeul		The Double Lottie
Gag Manga Biyori: Jump Festa 2002 Special		Gyagu Manga Biyori: Jump Festa 2002 Special
Gaia Getter A-kun		Gaia Getter Aa-kun
Gaiking: Legend of Daiku-Maryu		Great Sky Demon Dragon Gaiking
Gaikotsu Shotenin Honda-san		
Gaist Crusher		
Gake no Ue no Ponyo	Ponyo	Ponyo on the Cliff by the Sea
Gaki Deka		Brat Cop
Gaki Deka (OVA)		Brat Cop OVA
Gakkatsu!		
Gakkatsu! 2nd Season		Gakkatsu! Dai 2 Series
Gakken no Zunou Kaihatsu Video		Gakken ka Nani ka no Mukashi no Video
Gakkou no Kaidan	Ghost Stories	Ghosts at School
Gakkou no Kaidan (OVA)		
Gakkou no Kaidan Recaps		Gakkou no Kaidan: New Year&#039;s Special
Gakkou no Kaidan: Kubinashi Rider!! Shi no Noroi	Ghost Stories: The Headless Horsemen!! Curse of Death	Gakkou no Kaidan Special
Gakkou no Kowai Uwasa Shin: Hanako-san ga Kita!!		
Gakkou no Kowai Uwasa: Hanako-san ga Kita!!	Scary High School Rumors	Here Comes Hanako
Gakkou no Yuurei		Gakko no Yurei
Gakkougurashi!	School-Live!	Gakkou Gurashi!
Gakkyuu Ou Yamazaki	King of Classroom	学級王ヤマザキ
Gakkyuu Ou Yamazaki Specials		Gakkyuu Ou Yamazaki Episodes 21.5 and 46.5
Gakuen 2		
Gakuen 3		
Gakuen Alice	Gakuen Alice	Campus Alice
Gakuen Babysitters	School Babysitters	
Gakuen Basara		
Gakuen Handsome	Gakuen Handsome	
Gakuen Handsome Special		Gakuen Handsome 12.5
Gakuen Handsome The Animation		
Gakuen Handsome: Haitoku no Lesson		Shuumatsu no Mellow Dance
Gakuen Handsome: Legend of Sexy		Kagami no Naka no ME
Gakuen Heaven	Gakuen Heaven	Boy&#039;s Love Scramble
Gakuen Heaven: Hamu Hamu Heaven	Heaven Academy Specials	Boy&#039;s Love Scramble Specials
Gakuen Maria: Bakunyuu Teachers		Schoolmistress Maria
Gakuen Nanafushigi	Sex Craft	
Gakuen Saimin Reido		
Gakuen Senki Muryou	Shingu: Secret of the Stellar Wars	
Gakuen Senki Muryou Recaps		Gakuen Senki Muryou Episode 14.5
Gakuen Shimai		
Gakuen Shinshoku: XX of the Dead		
Gakuen Sodom	Professor Pain	
Gakuen Tokusou Hikaruon	Campus Special Investigator Hikaruon	Pink Noise
Gakuen Utopia Manabi Straight!		Manabi Straight!
Gakuen Utopia Manabi Straight! Special		Gakuen Utopia Manabi Straight! Episode 6.5
Gakuen de Jikan yo Tomare		
Gakuen no Ikenie: Nagusami Mono to Kashita Kyonyuu Furyou Shoujo		Gakuen no Ikenie: Nagusami Mono to Kashita Kyonyuu Furyou Shoujo - The Animation
Gakuen no Shuryousha	Wicked Lessons	
Gakuen: Chijoku no Zushiki	Debts of Desire	Campus: Scheme of Shame
Gakuentoshi Varanoir Joukan		Gakuen Toshi Valanoir
Gakumon!: Ookami Shoujo wa Kujikenai		School of Monsters! Wolf Girl Won&#039;t Give Up
Gakusen Toshi Asterisk	The Asterisk War	Academy Battle City Asterisk
Gakusen Toshi Asterisk 2nd Season	The Asterisk War Season 2	Academy Battle City Asterisk
Gakushuu Animation Nihon Koku Kenpou		
Galactic Patrol Lensman		Lensman: Power of the Lens
Galaxy Angel		
Galaxy Angel 3		Galaxy Angel A
Galaxy Angel 3 Specials		Galaxy Angel A Specials
Galaxy Angel 4		Galaxy Angel 4th
Galaxy Angel Music Collection: Shouen to Shien no Cassoulet		Galaxy Angel Z: Kasure of Gunpowder & Tobacco Smoke
Galaxy Angel Rune		Galaxy Ange-lune
Galaxy Angel S		
Galaxy Angel Specials		Galaxy Angel: Sukiyaki Bentou Goninmae
Galaxy Angel Z		Galaxy Angel 2
Galerians: Rion		Galerians: Rion (2003)
Galilei Donna	Galilei Donna: Storia di tre sorelle a caccia di un mistero	Galilei Donna: the story of three sisters in the search of a mystery
Gall Force 1: Eternal Story	Gall Force 1: Eternal Story	
Gall Force 2: Destruction		
Gall Force 3: Stardust War		
Gall Force: Chikyuu Shou	Gall Force: Earth Chapter	
Gall Force: New Era		Gall Force: Shin Seiki Hen
Gall Force: The Revolution		
Gallery Fake		
Galo Sengen		
Gamba no Bouken	Adventure of Gamba	Gamba&#039;s Adventure
Gamba to Kawauso no Bouken		The Adventure of Gamba and the Otter
Gamba: Gamba to Nakama-tachi	Air Bound	Gamba: Gamba and Companions
Gambo	Gambo	Short Peace
Game Center Arashi		Game Centre Arashi
Game Tengoku OVA	The Game Paradise OVA	
Gamers!	Gamers!	
Gan Gan Ganko-chan		
Gan Gan Ganko-chan 2nd Season		
Gan to Gon		Gan and Gon
Ganbare Genki		Forza Sugar
Ganbare Goemon	Legend of the Mystical Ninja	
Ganbare Goemon: Chikyuu Kyuushutsu Daisakusen		Ganbare Goemon: Chikyu Kyushutsu Daisakusen
Ganbare Goemon: Jigen Jou no Akumu		
Ganbare Gonbe		Come On! Gonbe
Ganbare Swimmy		
Ganbare! Bokura no Hit and Run	Hit and Run	
Ganbare! Kickers	Fight! Kickers	Die Kickers
Ganbare! Kickers Specials	Fight! Kickers	Ganbare! Kickers ep 24
Ganbare! Kickers: Hitoribocchi no Ace Striker	Fight! Kickers	Die Kickers
Ganbare! Lulu Lolo	TINY★TWIN★BEARS	
Ganbare! Lulu Lolo 2nd Season	TINY★TWIN★BEARS 2nd Season	
Ganbare! Lulu Lolo 3rd Season	TINY★TWIN★BEARS 3rd Season	
Ganbare! Marine Kid	Marine Boy	Hang On! Marine Kid
Ganbare! Moudouken Serve		
Ganbare! Oden-kun	The Adventure of Oden-kun	Fight! Oden-kun
Ganbare!! Nattou-san		
Ganbare!! Tabuchi-kun!!		
Ganbare!! Tabuchi-kun!! (ONA)		
Ganbare!! Tabuchi-kun!! Aa Tsuppari Jinsei		
Ganbare!! Tabuchi-kun!! Gekitou Pennant Race		Go For It
Ganbare-bu Next!		Gan Volley-bu Next!
Ganbarist! Shun		Ganba Fly High
Gancheopjamneun Ttorijanggun		
Gang-aji Ttong	Doggy Poo	
Gangsta.	Gangsta.	
Gangsta. Recap	Gangsta.	Gangsta. Episode 9.5
Gankutsuou	Gankutsuou: The Count of Monte Cristo	The King of the Cavern
Ganso Banana no Tamashii		Minna no Uta
Ganso Tensai Bakabon		Original Genius Bakabon
Gantz	Gantz	GANTZ
Gantz 2nd Stage	Gantz: Second Stage	Gantz *uncut*
Gantz:O		Gantz Movie
Garakuta-doori no Stain	Mr. Stain on Junk Alley	Ga-Ra-Ku-Ta: Mr. Stain on Junk Alley
Garakuta-doori no Stain: Epilogue	Mr. Stain on Junk Alley: Epilogue	Ga-Ra-Ku-Ta: Mr. Stain on Junk Alley: Epilogue
Gararin to Gororin		Gararin and Gororin
Garden		
Garo Movie: Divine Flame		
Garo: Guren no Tsuki	Garo: Crimson Moon	Garo 2nd Season
Garo: Guren no Tsuki - Yurugaro		Garo: Guren no Tsuki Omake
Garo: Guren no Tsuki Special	Garo: Crimson Moon - The Butterfly of Time	Garo: Crimson Moon OVA
Garo: Honoo no Kokuin	GARO: THE ANIMATION	Garo Project
Garo: Honoo no Kokuin - Home	GARO: THE ANIMATION - HOME	Garo: Honoo no Kokuin Special
Garo: Honoo no Kokuin - Yurugaro		Garo the Animation Specials
Garo: Uzusumizakura		
Garo: Vanishing Line	GARO -VANISHING LINE-	
Garo: Vanishing Line Recap		Garo: Vanishing Line Episode 12.5
Garon		Garon the Guardian
Gasaraki	Gasaraki	
Gasshin Sentai Mechander Robo	Combining Squadron Mechander Robo	Mekanda Robo
Gatapishi		Gatapin
Gatchaman		Kagaku Ninja-Tai Gatchaman 1994
Gatchaman Crowds	Gatchaman Crowds	
Gatchaman Crowds Insight	Gatchaman Crowds Insight	Gatchaman Crowds 2nd Season
Gatchaman Crowds Insight: Inbound	Gatchaman Crowds Insight	Gatchaman Crowds 2nd Season: Episode 0
Gatchaman Crowds: Embrace		Gatchaman Crowds Special
Gate Keepers		Gatekeepers
Gate Keepers 21		Gatekeepers 21
Gate: Jieitai Kanochi nite	 Kaku Tatakaeri	GATE（ゲート）自衛隊　彼の地にて、斯く戦えり
Gate: Jieitai Kanochi nite	 Kaku Tatakaeri 2nd Season	GATE（ゲート）自衛隊　彼の地にて、斯く戦えり　第2クール
Gattai Robot Atranger		
Gaza: Changing the World		
Gdleen		
Gear Fighter Dendoh		GEAR Senshi Dendoh
Geba Geba Shou Time!		
Gedo Senki	Tales from Earthsea	Ged Senki
Gedou Gakuen	Nightmare Campus	Gendou Gakuen
Gegege no Kitarou (1968 Movie)	Spooky Kitaro	
Gegege no Kitarou (1968)		Cackling Kitarou
Gegege no Kitarou (1971)		
Gegege no Kitarou (1985 Movie)	Spooky Kitaro	
Gegege no Kitarou (1985)		Spooky Kitaro
Gegege no Kitarou (1996)	Spooky Kitaro	
Gegege no Kitarou (2007)		
Gegege no Kitarou (2018)	GeGeGe no Kitaro	Spooky Kitaro
Gegege no Kitarou: Chisougan	Spooky Kitaro: The All Seeing Eye	
Gegege no Kitarou: Daikaijuu	Spooky Kitaro: Giant Sea Monster	Gegege no Kitarou: The Great Sea Beast
Gegege no Kitarou: Gekitotsu!! Ijigen Youkai no Daihanran	Spooky Kitaro: Crash!! The Great Rebellion of the Multi-Dimensional Yōkai	Gegege no Kitaro: Gekitotsu!! Ijigen Yokai no Daihanran
Gegege no Kitarou: Jigoku-hen		Gegege no Kitarou: Jigokuhen
Gegege no Kitarou: Kitarou Tanjou-hen		Kitaro Tanjo Hen
Gegege no Kitarou: Kitarou no Yuurei Densha	Gegege no Kitarou: Kitarou&#039;s Ghost Train	
Gegege no Kitarou: Nippon Bakuretsu	Spooky Kitaro: Japan Explodes!!	
Gegege no Kitarou: Obake Nighter	Spooky Kitaro: The Obake Nighter	Gegege no Kitaro: Obake Nighter
Gegege no Kitarou: Saikyou Youkai Gundan! Nippon Jouriku!!	Spooky Kitarou: The Strongest Ghost Army! Landing in Japan!!	
Gegege no Kitarou: Youkai Daisensou	Spooky Kitarou: Ghost War Struggle	Gegege no Kitarou: Youkai Taisen Arasou
Gegege no Kitarou: Youkai Japan Rally 3D		
Gegege no Kitarou: Youkai Tokkyuu! Maboroshi no Kisha		Gegege no Kitarou: Yokai Express! The Phantom Train
Geisters Movie: Hikari no Shou		Geisters: Fractions of the Earth Recap
Geisters Movie: Inochi no Shou		Geisters: Fractions of the Earth Recap
Geisters: Fractions of the Earth	Geisters: Fractions of the Earth	Guystars: Fractions of the Earth
Geki Drive	Geki Drive	
Gekidol		
Gekiganger 3: The Movie	Gekiganger 3	Gekiganger 3: Nekketsu Daikessen
Gekikara Gag Gekijou: Tabasco Shower		Spicy Gag Theater: Tabasco Shower
Gekisou! Rubenkaiser		Formula 1
Gekitou! Crush Gear Turbo		
Gekitou! Crush Gear Turbo: Kaizabaan no Chousen	Crush Gear Turbo The Movie - Kaiservern&#039;s Ultimate Challenge	Crush Gear Turbo The Movie
Gekka Bijin		Maison Plaisir
Gekkan Shoujo Nozaki-kun	Monthly Girls&#039; Nozaki-kun	Gekkan Shoujo Nozaki-kun
Gekkan Shoujo Nozaki-kun Specials		
Gekkou Shokudou		
Gekkou no Pierce: Yumemi to Gin no Bara no Kishidan	Moonlight Pierce	Gekko no Piasu
Genbaku Dome Monogatari		Bomb Dome Story
Genbanojou		Wakate Animator Ikusei Project
Gendai Kibunroku Kaii Monogatari	Strange Tales of Modern Mysterious Events	
Gene		
Gene Diver		
Genei Toshi	Illusion City	
Genei Toushi Bastof Lemon	BASToF Syndrome	
Genei wo Kakeru Taiyou	Day Break Illusion	Gen&#039;ei wo Kakeru Taiyou
Genei wo Kakeru Taiyou: Fumikomenai Kokoro		Gen&#039;ei wo Kakeru Taiyou Episode 14
Generation of Chaos		The Generation of Chaos: Prologue OVA
Generation of Chaos III: Toki no Fuuin		Generation of Chaos III: Time of the Seal
Generation of Chaos Next: Chikai no Pendant		
Generator Gawl		
Geneshaft		
Genesis Climber Mospeada: Love	 Live	Genesis Climber Mospeada: Love
Genius Party		Shanghai Dragon
Genius Party Beyond		Genius Party 2
Genji		
Genji Monogatari		The Tale of Genji
Genji Monogatari Sennenki	Millennium Old Journal: Tale of Genji	Genji Monogatari Sennenki Genji
Genji Tsuushin Agedama		Murasaki Shikibu Genji Monogatari
Genkaku Cool na Sensei ga Aheboteochi!		
Genki Bakuhatsu Ganbaruger	Energetic Bomb Ganbaruger	Genki Bakuhatsu Ganbarugar
Genki Bakuhatsu Ganbaruger: Hyakka		Genki Bakuhatsu Ganbaruger Encyclopedia
Genki Genki Non-tan		Genki Genki Nontan
Genki Genki Non-tan (2004)		Genki Genki Nontan
Genki Genki Non-tan (2006)		Genki Genki Nontan
Genki Genki Non-tan: Deka Deka Arigatou		Genki Genki Non-tan: Deka Deka Thank You
Genki Genki Non-tan: Obake Mura Meiro		
Genki Genki Non-tan: Spoon Tan Tan Tan		
Genki Genki Non-tan: Utaou! Christmas		Genki Genki Non-tan: Sing! Christmas
Genki!! Ekoda-chan		Rinshi!! Ekoda Chang
Genki-kun no Christmas @ Tokyo-eki		Terada Mokei: Genki&#039;s Christmas at Tokyo Station
Genki-kun no Oshougatsu @ Tokyo-eki		Terada Mokei: Genki&#039;s New Year at Tokyo Station
Genkichi Jiisan to Kogitsune		
Genma Taisen	Harmagedon	Ghenma Wars
Genma Taisen: Shinwa Zenya no Shou	Genma Wars	Genma Taisen
Genmu Senki Leda	Fantastic Adventure Of Yohko: Leda	Leda the War of the Dreams
Genmukan	Genmukan: The Sin of Desire & Shame	Genmukan: Aiyoku to Ryoujoku no Intsumi
Genocyber		
Genroku Koi Moyou: Sankichi to Osayo	Sankichi and Osayo: A Genroku Romance	
Gensei Shugoshin P-hyoro Ikka		Gense Shugoshin Pihyoro Ikka
Gensei Shugoshin P-hyoro Ikka OVA		Gensei Shugoshin Peehyoro Ikka OVA
Genshi Shounen Ryuu	Ryu the Primitive Boy	Genshi Shonen Ryu
Genshiken	Genshiken	The Society for the Study of Modern Visual Culture
Genshiken 2	Genshiken 2	Gendai Shikaku Bunka Kenkyuukai 2
Genshiken Nidaime	Genshiken Second Season	The Society for the Study of Modern Visual Culture
Genshiken Nidaime OVA		Genshiken Nidaime OAD
Genshiken Nidaime Specials		Genshiken Second Season Specials
Genshiken OVA		The Society for the Study of Modern Visual Culture OVA
Gensou Jotan Ellcia	Ellcia	Genso Jodan Elicia
Gensoumaden Saiyuuki	Saiyuki	Gensou Maden Saiyuki
Gensoumaden Saiyuuki Movie: Requiem - Erabarezaru Mono e no Chinkonka	Saiyuki: Requiem	Gensoumaden Saiyuki: Requiem - For the One Not Chosen
Gensoumaden Saiyuuki OVA		Gensomaden Saiyuki OVA
Gensoumaden Saiyuuki: Kibou no Zaika	Saiyuki Interactive	Gensou Maden Saiyuuki: Kibou no Zaika
Genzai Byoto	The Ward of Original Sin	
Geobreeders 2: Mouryou Yuugekitai File-XX Ransen Toppa	Geobreeders: Breakthrough	
Geobreeders: File-X Chibi Neko Dakkan	Geobreeders: (File-X) Get Back The Kitty	
Geori-eui Mubeopja		Street Fighter
Geragera Boes Monogatari	Ox Tales	Gera Gera Booth Monogatari
Gerotan		
Get Ride! AMDriver		AM Driver
GetBackers	Getbackers	GetBackers: Dakkan&#039;ya
Getsumen To Heiki Mina		Getsumen Usagi Heiki Miina
Getsumen To Heiki Mina Specials		Getsumen To Heiki Mina DVD Episodes
Getsuyoubi no Tawawa		Tawawa on Monday
Getsuyoubi no Tawawa Specials	Tawawa on Monday Specials	
Getter Robo	Getter Robo	Getta Robo
Getter Robo G	Getter Robo G	Getta Robo G
Getter Robo Go	Getter Robo Go	Getter Robo Gou
Geunyeoneun Yeppeotda	Life is Cool	She Was Beautiful
Ghana	Ghana	D.A.N.
Ghibli ga Ippai Special Short Short		
Ghiblies		
Ghost		
Ghost Hunt	Ghost Hunt	
Ghost Messenger		
Ghost Messenger Movie		Ghost Messenger Geugjangpan
Ghost Sweeper GS Mikami		Ghost Sweeper Mikami
Ghost in the Shell	Ghost in the Shell	Koukaku Kidoutai
Ghost in the Shell (2015)	Ghost in the Shell: The New Movie	Koukaku Kidoutai: Shin Gekijouban
Ghost in the Shell 2.0	Ghost in the Shell 2.0	GitS 2.0
Ghost in the Shell 2: Innocence	Ghost in the Shell 2: Innocence	
Ghost in the Shell Arise Episode: [.jp]		Koukaku Kidoutai Arise [.jp]
Ghost in the Shell: Arise - Alternative Architecture	Ghost in the Shell: Arise - Alternative Architecture	Koukaku Kidoutai: Arise (TV)
Ghost in the Shell: Arise - Another Mission		Koukaku Kidoutai Arise: Another Mission
Ghost in the Shell: Arise - Border:1 Ghost Pain	Ghost in the Shell: Arise - Border 1: Ghost Pain	Koukaku Kidoutai Arise: Ghost in the Shell - Border:1 Ghost Pain
Ghost in the Shell: Arise - Border:2 Ghost Whispers	Ghost in the Shell: Arise - Border 2: Ghost Whispers	Koukaku Kidoutai Arise: Ghost in the Shell - Border:2 Ghost Whispers
Ghost in the Shell: Arise - Border:3 Ghost Tears	Ghost in the Shell: Arise - Border 3: Ghost Tears	Koukaku Kidoutai Arise: Ghost in the Shell - Border:3 Ghost Tears
Ghost in the Shell: Arise - Border:4 Ghost Stands Alone	Ghost in the Shell: Arise - Border 4: Ghost Stands Alone	Koukaku Kidoutai Arise: Ghost in the Shell - Border:4 Ghost Stands Alone
Ghost in the Shell: Arise - Logicoma Specials		Koukaku Kidoutai: Arise - Logicoma Beat
Ghost in the Shell: Nyuumon Arise		Koukaku Kidoutai Nyuumon Arise
Ghost in the Shell: Stand Alone Complex	Ghost in the Shell: Stand Alone Complex	Ghost in the Shell SAC
Ghost in the Shell: Stand Alone Complex - Solid State Society	Ghost in the Shell: Stand Alone Complex - Solid State Society	Koukaku Kidoutai Stand Alone Complex - Solid State Society
Ghost in the Shell: Stand Alone Complex - Solid State Society - Uchikoma no Hibi	Ghost in the Shell: Stand Alone Complex - Solid State Society: Uchikomatic Days	Koukaku Kidoutai Stand Alone Complex - Solid State Society - Uchikoma no Hibi
Ghost in the Shell: Stand Alone Complex - Solid State Society 3D	Ghost in the Shell: Stand Alone Complex: Solid State Society 3D	GitS Another Dimension
Ghost in the Shell: Stand Alone Complex - Solid State Society 3D - Tachikoma no Hibi	Ghost in the Shell: Stand Alone Complex: Solid State Society 3D: Tachikomatic Days	Koukaku Kidoutai S.A.C. Solid State Society 3D - Tachikoma no Hibi
Ghost in the Shell: Stand Alone Complex - Tachikoma na Hibi	Ghost in the Shell: Stand Alone Complex: Tachikomatic Days	Ghost in the Shell: Stand Alone Complex - Tachikoma Specials
Ghost in the Shell: Stand Alone Complex - Tachikoma na Hibi (TV)	Ghost in the Shell: Stand Alone Complex: Tachikomatic Days	Ghost in the Shell: Stand Alone Complex - Tachikoma na Hibi Specials
Ghost in the Shell: Stand Alone Complex - Tachikoma no Hibi Fan Disc	Ghost in the Shell: Stand Alone Complex: Tachikomatic Days Fan Disc	Ghost in the Shell: Stand Alone Complex - Tachikoma Fan Disc Specials
Ghost in the Shell: Stand Alone Complex - The Laughing Man	Ghost in the Shell: Stand Alone Complex - The Laughing Man	Ghost in the Shell: STAND ALONE COMPLEX Movie
Ghost in the Shell: Stand Alone Complex - The Laughing Man - Tachikoma no Hibi	Ghost in the Shell: Stand Alone Complex - The Laughing Man - Tachikomatic Days	Koukaku Kidoutai: Stand Alone Complex - The Laughing Man - Tachikoma no Hibi
Ghost in the Shell: Stand Alone Complex 2nd GIG	Ghost in the Shell: Stand Alone Complex 2nd GIG	Koukaku Kidoutai S.A.C. 2nd GIG
Ghost in the Shell: Stand Alone Complex 2nd GIG - Individual Eleven	Ghost in the Shell: Stand Alone Complex 2nd GIG - Individual Eleven	Ghost in the Shell: SAC 2nd GIG Movie
Ghost in the Shell: Stand Alone Complex 2nd GIG - Individual Eleven - Tachikoma no Hibi	Ghost in the Shell: Stand Alone Complex 2nd GIG - Individual Eleven - Tachikomatic Days	Koukaku Kidoutai: Stand Alone Complex Complex 2nd GIG - Individual Eleven - Tachikoma no Hibi
Ghost in the Shell: Stand Alone Complex 2nd GIG - Tachikoma na Hibi	Ghost in the Shell: Stand Alone Complex 2nd GIG - Tachikomatic Days	Ghost in the Shell: Stand Alone Complex 2nd GIG - Tachikoma Specials
Ghost in the Shell: The New Movie Virtual Reality Diver		Koukaku Kidoutai: Shin Gekijou-ban Virtual Reality Diver
Gi(a)rlish Number	Girlish Number	
Gi(a)rlish Number Shura		
Giant Gorg	Giant Gorg	Kyoshin Gorg
Giant Killing	Giant Killing	
Giant Robo		Giant Robo Prologue-hen
Giant Robo Gaiden Ginrei		Giant Robo: Gin-Rei Special
Giant Robo the Animation: Chikyuu ga Seishi Suru Hi	Giant Robo the Animation: The Day the Earth Stood Still	
Gibo	Stepmother&#039;s Sin	
Gibo no Toiki: Haitoku Kokoro ni Tadayou Haha no Iroka	Do You Know the Milfing Man?	
Gibomai	Step Sister	Stepsister
Gift: Eternal Rainbow		
Gift: Eternal Rainbow Special		Gift: Eternal Rainbow OVA
Gifuu Doudou!!: Kanetsugu to Keiji		Gifuu Doudou!! Naoe Kanetsugu Maeda Keiji Sakegatari
Giga Tribe		Giga Trive
Gijinka de Manabo!		
Gilgamesh	Gilgamesh	
Gin no Guardian	The Silver Guardian	Gin no Hakamori
Gin no Guardian 2nd Season	The Silver Guardian 2	Shirogane no Guardian
Gin no Otoko		
Gin no Rousokutate		
Gin no Saji	Silver Spoon	
Gin no Saji 2nd Season	Silver Spoon 2nd Season	Gin no Saji 2nd Season
Ginban Kaleidoscope	Skating Rink Kaleidoscope	
Ginga	Ginga	Oresama
Ginga Densetsu Weed		Ginga Legend Weed
Ginga Eiyuu Densetsu	Legend of the Galactic Heroes	LoGH
Ginga Eiyuu Densetsu Gaiden		Ginga Eiyuu Densetsu Gaiden: Senoku no Hoshi
Ginga Eiyuu Densetsu Gaiden (1999)		Legend of the Galactic Heroes Gaiden: Spiral Labyrinth
Ginga Eiyuu Densetsu Gaiden: Ougon no Tsubasa		Legend of the Galactic Heroes Gaiden: Golden Wings
Ginga Eiyuu Densetsu: Arata Naru Tatakai no Overture		Legend of the Galactic Heroes: Overture to a New War
Ginga Eiyuu Densetsu: Die Neue These - Kaikou		The Legend of the Galactic Heroes: The New Thesis - Encounter
Ginga Eiyuu Densetsu: Die Neue These Seiran 1		Ginga Eiyuu Densetsu (2019)
Ginga Eiyuu Densetsu: Die Neue These Seiran 2		Ginga Eiyuu Densetsu (2019)
Ginga Eiyuu Densetsu: Die Neue These Seiran 3		Ginga Eiyuu Densetsu (2019)
Ginga Eiyuu Densetsu: Waga Yuku wa Hoshi no Taikai		Legend of the Galactic Heroes: My Conquest Is the Sea of Stars
Ginga Hyouryuu Vifam		Round Vernian Vifam
Ginga Hyouryuu Vifam 13		Galactic Drifter Vifam 13
Ginga Hyouryuu Vifam: Atsumatta 13-nin		Galactic Drifter Vifam:13 Meet Again
Ginga Hyouryuu Vifam: Chicago Super Police 13		Round Vernian Vifam: Chicago Super Police 13
Ginga Hyouryuu Vifam: Kachua Kara no Tayori		Galactic Drifter Vifam: A Letter From Katue
Ginga Hyouryuu Vifam: Keito no Kioku - Namida no Dakkai Sakusen		Galactic Drifter Vifam: Memory of Ms. Kate
Ginga Hyouryuu Vifam: Kieta 12-nin		Galactic Drifter Vifam: 12 Fade Away
Ginga Jinpuu Jinraiger	Galaxy Divine Wind Jinraiger	
Ginga Kikoutai Majestic Prince	Majestic Prince	
Ginga Kikoutai Majestic Prince Movie: Kakusei no Idenshi		Gekijouban Ginga Kikoutai Majestic Prince
Ginga Kikoutai Majestic Prince: Mirai e no Tsubasa	Majestic Prince Episode 25 – Wings to the Future	Ginga Kikoutai Majestic Prince Episode 25
Ginga Nagareboshi Gin		Ginga: Nagareboshi Gin
Ginga Ojousama Densetsu Yuna: Kanashimi no Siren	Galaxy Fraulein Yuna	Galaxy Fraulein Yuna OVA 1
Ginga Ojousama Densetsu Yuna: Shin&#039;en no Fairy	Galaxy Fraulein Yuna Returns	Galaxy Fraulein Yuna OVA 2: Shin&#039;en no Fairy
Ginga Patrol PJ		Once Upon a Time... Space
Ginga Reppuu Baxingar	Galactic Gale Baxingar	Ginga Reppu Baxinger
Ginga Sengoku Gunyuuden Rai	Galaxy Warring State Chronicle Rai	Rai: Galactic Civil War Chronicle
Ginga Senpuu Braiger	Galactic Whirlwind Braiger	Bryger
Ginga Shippuu Sasuraiger	Galactic Gale Sasuraiger	Ginga Shippu Sasuraiger
Ginga Tansa 2100-nen: Border Planet	Galaxy Investigation 2100: Border Planet	Ginga Tansa Nisenhyakunen: Border Planet
Ginga Teikoku no Metsubou Gaiden: Aoki Ookami-tachi no Densetsu	The Legend of the Blue Wolves	Legend of the Blue Wolf
Ginga Tetsudou 999		Galaxy Express 999
Ginga Tetsudou 999 (Movie)	Galaxy Express 999	Ginga Tetsudo 999
Ginga Tetsudou 999 (ONA)		Galaxy Express 999 (ONA)
Ginga Tetsudou 999 for Planetarium		Galaxy Express 999 for Planetarium
Ginga Tetsudou 999: Akai Hoshi Betelgeuze - Inochi no Kagayaki		
Ginga Tetsudou 999: Diamond Ring no Kanata e	Galaxy Express 999: Beyond the Diamond Ring	Ginga Tetsudo 999: Diamond Ring no Kanata e
Ginga Tetsudou 999: Eien no Tabibito Emeraldas	Galaxy Express 999: Eternal Traveller Emeraldas	Ginga Tetsudo 999: Eien no Tabibito Emeraldas
Ginga Tetsudou 999: Eternal Fantasy	Galaxy Express 999: Eternal Fantasy	
Ginga Tetsudou 999: Glass no Clair	Galaxy Express 999: Claire of the Glass	Galaxy Express 999: Glass no Clair
Ginga Tetsudou 999: Hoshizora wa Time Machine		Galaxy Express 999: The Starlit Sky is a Time Machine
Ginga Tetsudou 999: Jikuu wo Koeta Energy no Tabi		Galaxy Express 999: Jikuu wo Koeta Energy no Tabi
Ginga Tetsudou 999: Kimi wa Haha no You ni Aiseru ka!!	Galaxy Express 999: Can You Love Like a Mother?!!	Ginga Tetsudo 999: Kimi wa Haha no You ni Aiseru ka!!
Ginga Tetsudou 999: Kimi wa Senshi no You ni Ikirareru ka?	Galaxy Express 999: Can You Live Like A Warrior?	Ginga Tetsudo 999: Kimi wa Senshi no You ni Ikirareru ka?
Ginga Tetsudou 999: Niji no Michishirube		
Ginga Tetsudou 999: Shounen no Tabidachi to Wakare		Galaxy Express 999: The Boy&#039;s Departure and Parting
Ginga Tetsudou Monogatari	The Galaxy Railways	
Ginga Tetsudou Monogatari: Eien e no Bunkiten		The Galaxy Railways 2
Ginga Tetsudou Monogatari: Wasurerareta Toki no Wakusei	The Galaxy Railways: A Letter from the Abandoned Planet	The Galaxy Railways: Planet of Forgotten Time
Ginga Tetsudou no Yoru	Night on the Galactic Railroad	
Ginga Tetsudou no Yoru: Fantasy Railroad in the Stars		The Celestial Railroad
Ginga Tetsudou no Yoru: Fantasy Railroad in the Stars Special		The Celestial Railroad
Ginga e Kickoff!!		
Ginga e Kickoff!!: Natsuyasumi Special		Ginga e Kickoff!! Special
Ginga no Uo Ursa Minor Blue		
Gingirl	Gingirl	Silver Girl
Gingitsune	Gingitsune: Messenger Fox of the Gods	Silver Fox
Giniro no Kami no Agito	Origin: Spirits of the Past	Gin-iro no Kami no Agito
Giniro no Olynsis: Tokito		Giniro no Olynsis: Tokito
Ginsoukikou Ordian		Platinumhugen Ordian
Gintama	Gintama	Gin Tama
Gintama Movie 1: Shinyaku Benizakura-hen	Gintama: The Movie	Gintama: Benizakura Arc - A New Retelling
Gintama Movie 2: Kanketsu-hen - Yorozuya yo Eien Nare		Gintama: The Final Chapter - Be Forever Yorozuya
Gintama x Mameshiba		Gintama: Kanketsu-hen - Yorozuya yo Eien Nare TV Special
Gintama&#039;	Gintama Season 2	Gintama (2011)
Gintama&#039;: Enchousen	Gintama: Enchousen	Gintama&#039; (2012)
Gintama&#039;: Futon ni Haitte kara Buki Nokoshi ni Kizuite Neru ni Nerenai Toki mo Aru		Gintama: Jump Festa 2014 Special
Gintama.	Gintama Season 5	Gintama (2017)
Gintama.: Porori-hen	Gintama.: Slip Arc	
Gintama.: Shirogane no Tamashii-hen		Gintama.: Silver Soul Arc
Gintama.: Shirogane no Tamashii-hen 2		Gintama.: Silver Soul Arc 2
Gintama: Dai Hanseikai		Gintama Harumatsuri 2010
Gintama: Nanigoto mo Saiyo ga Kanjin nano de Tasho Senobisuru Kurai ga Choudoyoi		Gintama: Jump Festa 2005 Special
Gintama: Shinyaku Benizakura-hen		Gintama: Shinyaku Benizakura-hen OVA
Gintama: Shiroyasha Koutan		Gintama: Jump Festa 2008 Special
Gintama: Yorinuki Gintama-san on Theater 2D		Shinsengumi Douran Hen
Gintama°	Gintama Season 4	Gintama&#039; (2015)
Gintama°: Aizome Kaori-hen		Gintama° OVA
Gintama°: Umai-mono wa Atomawashi ni Suru to Yokodorisareru kara Yappari Saki ni Kue		Gintama: Jump Festa 2015 Special
Ginyuu Mokushiroku Meine Liebe		Meine Liebe
Ginyuu Mokushiroku Meine Liebe Wieder		Meine Liebe Wieder
Giovanni no Shima	Giovanni&#039;s Island	Giovanni no Shima
Girl Electric	Girl Electric	The Breakaways
Girlfriend (Kari)	Girl Friend Beta	GF Kari
Girlfriend (Note)	Girl Friend Note	Girlfriend (Onpu)
Girls & Panzer	Girls & Panzer	Garupan
Girls & Panzer Heartful Tank Disc Picture Drama		
Girls & Panzer Heartful Tank Disc: Fushou Akiyama Yukari no Sensha Kouza		Bangai-hen
Girls & Panzer Movie	Girls und Panzer der Film	Girls & Panzer Gekijouban
Girls & Panzer Movie Specials		Girls und Panzer der Film: Arisu War!
Girls & Panzer Movie: 3-pun Chotto de Wakaru!! Girls & Panzer		Girls und Panzer Movie: Understanding Girls und Panzer in 3 Minutes!!
Girls & Panzer Specials	Girls & Panzer OVAs	Girls und Panzer
Girls & Panzer: Dai 63-kai Senshadou Zenkoku Koukousei Taikai Soushuuhen		Girls und Panzer
Girls & Panzer: Fushou Akiyama Yukari no Sensha Kouza		Girls und Panzer: Akiyama Yukari&#039;s Tank Course
Girls & Panzer: Kore ga Hontou no Anzio-sen desu! - Fushou Akiyama Yukari no Sensha Kouza		Girls und Panzer: Akiyama Yukari&#039;s Tank Course
Girls & Panzer: Nihon Senshadou Renmei News		Girls & Panzer: Die Madchen und Panzer Wochenschau
Girls & Panzer: Saishuushou		Girls und Panzer das Finale
Girls & Panzer: Shoukai Shimasu!		Girls und Panzer Recap
Girls Bravo: First Season	Girls Bravo	
Girls Bravo: Second Season	Girls Bravo: Second Season	
Girls und Panzer: Kore ga Hontou no Anzio-sen Desu!	Girls & Panzer: This is the Real Anzio Battle!	Girls und Panzer OVA
Girls★Battle Aloe Megumi		
Gitai Saimin		
Glamorous Heroes	Glamorous Heroes	
Glass no Chikyuu wo Sukue Unico Special	Saving Our Fragile Earth: Unico Special Chapter	Glass no Chikyuu o Sukue Unico Tokubetsu Hen
Glass no Hana to Kowasu Sekai	Garakowa -Restore the World-	Garasu no Hana to Kowasu Sekai
Glass no Kamen		Glass Mask
Glass no Kamen (2005)	Glass Mask	
Glass no Kamen Desu ga		Glass Mask Desu ga
Glass no Kamen Desu ga the Movie: Onna Spy no Koi! Murasaki no Bara wa Kiken na Kaori!?		
Glass no Kamen Desu ga to Z		Glass Mask Desu ga to Z
Glass no Kamen Desu ga to Z Specials		
Glass no Kamen: Sen no Kamen wo Motsu Shoujo	Glass Mask: The Girl of a Thousand Masks	Glass no Kamen OVA
Glass no Kantai: La Legende du Vent de l&#039;Univers	Glass Fleet: The Legend of the Wind of the Universe	Garakan
Glass no Kantai: La Legende du Vent de l&#039;Univers Specials	Glass Fleet: The Legend of the Wind of the Universe Specials	Garasu no Kantai Special
Glass no Usagi	Glass Rabbit	Garasu no Usagi
Glasslip	Glasslip	
Gloria: Kindan no Ketsuzoku	Gloria	GLO*RI*A
Glory Days	Glory Days	Seize the Day
Go Go Smile Anime		Gogosumanime
Go Go Toraemon		
Go! Go! 575		
Go! Go! 575: Meippai ni	 Hajiketeru?	GO! GO! 575 「めいっぱいに、はじけてる？」
Go! Go! Ackman		
Go! Go! Itsutsugo Land		Let&#039;s Go Quintuplets
Go! Go! Kadendanshi		
Go! Go! Kadendanshi 2nd Season		
Go! Go! Veggie-tan		Go! Go! Bejitan
Go! Princess Precure		
Go! Princess Precure Movie: Go! Go!! Gouka 3-bondate!!!		Go! Princess Precure: Go! Go!! Grand 3-Part Movie!!!
Go! Samurai		
Go-Q-Choji Ikkiman	Battle Ball	Gou-Q-Chouji Ikkiman
Go-hiki no Kobuta to Charleston		Minna no Uta: Go-hiki no Kobuta to Charleston
Go-hiki no Kozaru-tachi		
Goal FH: Field Hunter	Goal Field Hunter	
Goannai Shimasu Another World e		
Goblin Slayer		
Gochuumon wa Usagi desu ka?	Is the Order a Rabbit?	GochiUsa
Gochuumon wa Usagi desu ka??	Is the Order a Rabbit??	Gochuumon wa Usagi desu ka? 2
Gochuumon wa Usagi desu ka??: Dear My Sister	Is the order a rabbit?? Dear My Sister	
God Eater	God Eater	
God Eater Prologue		Gods Eater Burst Prologue
God Eater Reso Nantoka Gekijou Episode 0		God Eater Reso Nantoka Gekijou: Nage Rareta Shokupan
God Mazinger		
Goddamn		
Godzilla: Hoshi wo Kuu Mono		Godzilla Part 3
Godzilla: Kaijuu Wakusei		Godzilla: Planet of the Monsters
Godzilla: Kessen Kidou Zoushoku Toshi		Godzilla: City on the Edge of Battle
Goesu Daejeonjaeng		The War of Great Monsters
Gogo no Kouchou: Junai Mellow yori		
Gogulyeoui Jeolm-eun Musadeul		Young Warriors of Koguryo
Gohan Kaijuu Pap		Rice Monster Pap
Gohan Suki		
Goi-sensei to Tarou		
Goichi Jiisan	Old Man Goichi	Goichi-jiisan
Gokiburi Hime	Cockroach Princess	
Gokiburi Taisou	Cockroach Calisthenics	
Gokiburi-tachi no Tasogare	Twilight of the Cockroaches	
Gokicha!!	Cockroach Girls	
Gokinjo Monogatari	Neighborhood Stories	Neighborhood Story
Gokinjo Monogatari the Movie	Neighborhood Story The Movie	Gokinjyo Monogatari (1996)
Goku Sayonara Zetsubou Sensei	Goodbye Mr. Despair OAD	Sayonara Zetsubou Sensei OAD
Gokudou Sakaba Denden: Gokudou Daisensou Gaiden		Yakuza Bar-Room Denden: Yakuza Apocalypse Side-Story
Gokudou-kun Manyuuki	Gokudo	Gokudo-kun Manyuki
Gokujo.: Gokurakuin Joshikou Ryou Monogatari		Gokujyo
Gokujo.: Souda Onsen ni Ikou!!		
Gokujou Seitokai	Best Student Council	Gokujo Seitokai
Gokujou!! Mecha Mote Iinchou	The Best!! Extremely Cool Student Council President	Gokujo!! Mecha Mote Iincho
Gokujou!! Mecha Mote Iinchou Second Collection	The Best!! Extremely Cool Student Council President Second Collection	Gokujo!! Mecha Mote Iincho Second Collection
Gokukoku no Brynhildr	Brynhildr in the Darkness	Gokukoku no Brynhildr
Gokukoku no Brynhildr Special	Brynhildr in the Darkness Special	Gokukoku no Brynhildr Episode 11.5
Gokusen	The Gokusen	
Gokuu no Daibouken	Adventures of the Monkey King	Adventures of Goku
Gokuu no Daibouken Pilot		Gokuu no Daibouken Pilot Film
Gokyoudai Monogatari		
Gold Pencil And Alien Boy		
Golden Batman		
Golden Boy	Golden Boy	
Golden Kamuy		
Golden Kamuy OVA		
Golden Kamuy: Golden Douga Gekijou		Golden Kamuy Short Anime: Golden Douga Gekijou
Golden Time	Golden Time	
Golden Time (Movie)	Golden Time	
Golden★Kids		
Goldfish Fetish		
Golgo 13	Golgo 13: The Professional	Golgo 13: The Professional
Golgo 13 (TV)	Golgo 13	
Golgo 13: Queen Bee	Golgo 13: Queen Bee	
Goman-hiki		
Gomen ne	 Mii-chan	ごめんね
Gomen ne Chitchi		
Gomen yo! Wanwan		Minna no Uta
Gomennasai		Minna no Uta
Gon		
Gon 2nd Season		Gon (2015)
Gondora		
Gongitsune		Gon
Gonglyong Mecard	Dino Mecard	Dinosaur Mecard
Gongnyong Baengmannyeon Ttori	One Million Year Dinosaur Dddli	Ttori and the Tyrannosaurus
Good Morning		
Good Morning Althea		
Good Morning Call		
Good Morning!!! Doronjo		Doronjo ZIP!
Good-by Elvis and USA		Good-bye Elvis and USA
Good-by Marilyn	Good-by Marilyn	
Gooorgeous		
Gori Papa Ikka no Nougyou wa Omoshiroi		
Gorillaman		
Goro-chan		Hirake! Ponkikki
Gosenzo San&#039;e	Masquerade	
Gosenzo-sama Banbanzai!		Gosenzosama Banbanzai!
Gosho Aoyama&#039;s Collection of Short Stories		Aoyama Goushou Tanpen-shuu
Goshuushou-sama Ninomiya-kun	Good Luck! Ninomiya-kun	Goshusho-sama Ninomiya-kun
Gosick		
Gosick Recap		Haru Kitaru Gosick Special: Utsukushiki Kaibutsu wa Kondon no Saki wo Miru
Gothicmade: Hana no Utame		
Gotou ni Naritai.		5-tou ni Naritai.
Gou-chan. Moko to Chinjuu no Mori no Nakama-tachi		
Goulart Knights: Evoked the Beginning Black	Goulart Knights: Evoked the Beginning Black	Goulart Kishidan: Evoked the Beginning Black
Goulart Knights: Evoked the Beginning White	Goulart Knights: Evoked the Beginning White	Goulart Kishidan: Evoked the Beginning White
Gowapper 5 Gordam	Goliath the Super Fighter	Go Wapper 5 Go Dam
Gozonji! Gekkou Kamen-kun		Moonlight Mask
Gra-P & Rodeo		GuraP & Rodeo
Gra-P & Rodeo II		GuraP & Rodeo 2nd Season
Gra-P & Rodeo: Band wo P		Gra-P & Rodeo Special
Granblue Fantasy	Granblue Fantasy	
Granblue Fantasy The Animation		
Granblue Fantasy The Animation 2		
Granblue Fantasy The Animation: Kabocha no Lantern		Granblue Fantasy The Animation Episode 14
Grancrest Senki	Record of Grancrest War	
Grancrest Senki Tsuisou	Record of Grancrest War Reminiscence	Grancrest Senki Episode 11.5
Grand Blue		
Grand Marche no Meikyuu		
Grandeek		Grandeek Gaiden
Grander Musashi RV		Musashi the Great RV
Graphillion: Kazoeage Oneesan wo Sukue	Don&#039;t Count Naively	
Grappler Baki		Grappler Baki: The Ultimate Fighter
Grappler Baki (TV)		Baki the Grappler
Grappler Baki: Saidai Tournament-hen		Baki the Grappler II
Grasshopper Monogatari		Grasshopper Story
Gravitation	Gravitation	
Gravitation: Lyrics of Love		
Gravity		
Gravity Daze The Animation: Ouverture		Gravity Rush
Great Hunt		Greathunt
Great Mazinger		
Great Mazinger tai Getter Robo		Great Mazinger vs. Getter Robo
Great Mazinger tai Getter Robo G: Kuuchuu Daigekitotsu		Great Mazinger tai Getter Robo G: Kuuchuu Dai-Gekitotsu
Great Rabbit	The Great Rabbit	Gureto Rabitto
Great Teacher Onizuka	Great Teacher Onizuka	GTO
Greed		
Greek Roman Sinhwa: Olympus Guardian		Greek & Roman Mythology: Olympus Guardian
Greek Roman Sinhwa: Olympus Guardian (Movie)		Greek & Roman Mythology: Olympus Guardian
Green Dakara x Bakemono no Ko		Green Dakara x The Boy and the Beast
Green Eyes: Ane Kyun! yori The Animation		
Green Green	Green Green	Green Green TV
Green Green OVA		Green Green
Green Green Specials		
Green Green Thirteen: Erolutions		Green Green 13
Green Legend Ran		
Green Saver	Green Saver	Green Sabre
Gregorio		Gregorio feat. Chibita
Gregory Horror Show	Gregory Horror Show	
Gregory Horror Show: The Bloody Karte		
Gregory Horror Show: The Last Train		
Gregory Horror Show: The Second Guest		
Grenadier: Hohoemi no Senshi	Grenadier: The Beautiful Warrior	Grenadier: The Smiling Senshi
Grenadier: Hohoemi no Senshi Specials		Grenadier: The Beautiful Warrior Specials
Grendizer Giga		Grendizer Giga PV
Grendizer: Getter Robo G - Great Mazinger Kessen! Daikaijuu		
Grey: Digital Target		
Grick no Bouken	The Enchanted Journey	
Grim		
Grimm Douwa Anime Series		
Grimm Douwa: Kin no Tori	The Golden Bird	Grimm Fairy Tale: The Golden Bird
Grimm Masterpiece Theater	Grimm&#039;s Fairy Tale Classics	Gurimu Meisaku Gekijou
Grimm Masterpiece Theater II	Grimm&#039;s Fairy Tale Classics	Shin Gurimu Meisaku Gekijou
Grimms Notes		
Grisaia no Kajitsu	The Fruit of Grisaia	Le Fruit de la Grisaia
Grisaia no Kajitsu Specials		Le Fruit de la Grisaia Specials
Grisaia no Meikyuu Special		Grisaia no Meikyuu Tokuten Eizou
Grisaia no Meikyuu: Caprice no Mayu 0	The Labyrinth of Grisaia: The Cocoon of Caprice 0	Le Labyrinthe de la Grisaia
Grisaia no Rakuen	The Eden of Grisaia	Le Eden de la Grisaia
Grisaia no Rakuen Specials		The Eden of Grisaia Specials
Grisaia: Phantom Trigger		
Groizer X	Gloizer X	Groyzer-X
Groove Adventure Rave	Rave Master	Groove Adventure Rave
Grope: Yami no naka no Kotoritachi		Grope: Little Birds in the Darkness
Growlanser IV: Wayfarer of the Time	Growlanser IV: Wayfarer of Time	
Gu-Gu Ganmo		Gu Gu Ganmo
Gu-Gu Ganmo (Movie)		Gu-Gu Ganmo (1985)
Guardian Hearts		
Guardian Hearts-Power UP!	Guardian Hearts-Power UP!	Guardian Hearts OVA seres 2
Gudetama		
Gugure! Kokkuri-san	GUGURE! KOKKURI-SAN	GuguKoku
Gugure! Kokkuri-san Specials		
Guilstein		
Guilty Crown	Guilty Crown	GUILTY CROWN
Guilty Crown Kiseki: Reassortment	Guilty Crown Locus: Reassortment	Guilty Crown Tokubetsuhen: Reassortment
Guilty Crown: 4-koma Gekijou		Guil Cro 4-koma Gekijou
Guilty Crown: Lost Christmas	Guilty Crown: Lost Christmas	
Guin Saga		
Guitar		
Guitar Shoujo!		
Guitar wo Motta Shounen: Kikaider vs. Inazuman	The Boy Who Carried a Guitar: Kikaider vs. Inazuman	Jinzou Ningen Kikaida vs. Inazuman
Gulliver Funtouki	Gulliver&#039;s Great Activities	Gulliver Funtoki
Gulliver no Uchuu Ryokou		Gulliver&#039;s Space Travels: Beyond the Moon
Gum Shaara		Minna no Uta
Gun Frontier		
Gun x Sword	Gun x Sword	Gun vs Sword
Gun x Sword-san		
Gun-dou Musashi	Gun Samurai	Gundou Musashi
Gun-dou Musashi Recap	Gun Samurai Recap	Gun-dou Musashi Special
Gundam Build Divers		
Gundam Build Divers Prologue		
Gundam Build Fighters	Gundam Build Fighters	
Gundam Build Fighters OVA		
Gundam Build Fighters Specials		Gundam Build Fighters: SD Kishi Fighters
Gundam Build Fighters Try	Gundam Build Fighters Try	
Gundam Build Fighters Try: Island Wars		Gundam Build Fighters Try OVA
Gundam Build Fighters: Battlogue		
Gundam Build Fighters: GM no Gyakushuu		Gundam Build Fighters: GM&#039;s Counterattack
Gundam Evolve	Gundam Evolve	Mobile Suit Gundam Evolve
Gundam Neo Experience 0087: Green Divers		0087: Green Divers
Gundam: G no Reconguista	Gundam Reconguista in G	G-Reco
Gundam: G no Reconguista - From the Past to the Future		
Gundam: Mission to the Rise	Gundam: Mission To The Rise	GUNDAM Mission to the Rise
Gundress		
Gungrave	Gungrave	
Gunjou no Magmel		Magmel of the Sea Blue
Gunners		Since 1946. Japan? Gunners
Gunnm	Battle Angel Alita	Ganmu
Gunnm 3D Special		Battle Angel Alita 3D Special
Gunparade March: Arata Naru Kougunka	Gunparade March: A New Song for the March	
Gunparade Orchestra	Gunparade Orchestra	GPO
Gunparade Orchestra OVA		
Gunslinger Girl	Gunslinger Girl	Gunslinger Girls
Gunslinger Girl: Il Teatrino	Gunslinger Girl: Il Teatrino	Gunslinger Girl 2nd Season
Gunslinger Girl: Il Teatrino OVA	Gunslinger Girl: Il Teatrino OVA	Gunslinger Girl OVA
Gunslinger Stratos		
Gunslinger Stratos: The Animation	Gunslinger Stratos: The Animation	
Gunslinger Stratos: The Animation - Bunki/Futatsu no Mirai		Gunslinger Stratos The Animation Episode 12.5
Gunslinger Stratos: The Animation - Kikan/Kaze no Yukue		
Gunsmith Cats	Gunsmith Cats	
Guomin Laogong Dai Huijia		How to Steal 55 Kisses
Guomin Laogong Dai Huijia 2nd season		How to Steal 55 Kisses 2nd Season
Guomin Laogong Dai Huijia 3rd Season		How to Steal 55 Kisses 3rd Season
Gurazeni		
Guren	Blood Shadow	Crimson Lotus
Guru Guru Town Hanamaru-kun		
Guruguru Petit Anime Gekijou		Mahoujin Guruguru Petit Anime Theater
Guskou Budori no Denki	The Life of Guskou Budori	Gusukobudori no Denki
Guskou Budori no Denki (2012)	The Life of Budori Gusuko	Gusukobudori no Denki
Gutchonpa Omoshiro Hanashi		
Guupa Ouji no Koutsuu Anzen Mamorou wo Yakusoku		
Guy: Youma Kakusei	Guy: Double Target	
Gyakkyou Burai Kaiji: Hakairoku-hen	Kaiji: Against All Rules	Gyakkyou Burai Kaiji S2
Gyakkyou Burai Kaiji: Ultimate Survivor	Kaiji: Ultimate Survivor	Tobaku Mokushiroku Kaiji
Gyakusatsu Kikan	Genocidal Organ	Project Itoh
Gyakuten Majo Saiban: Chijo na Majo ni Sabakarechau The Animation		
Gyakuten Saiban 6 Prologue		Ace Attorney 6 Prologue
Gyakuten Saiban: Sono Shinjitsu	 Igi Ari!	逆転裁判 その『真実』、異議あり！
Gyakuten Saiban: Sono Shinjitsu	 Igi Ari! Season 2	逆転裁判~その「真実」
Gyo	GYO: Tokyo Fish Attack!	
Gyouten Ningen Batsealer	Captain Fatz and the Seamorphs	Gyoten Ningen Batsealer
