U-Jin Brand	Tales of Seduction	
UFO Gakuen no Himitsu	The Laws of the Universe - Part 0	Happy Science Movie 7
UFO Nitsukamatta Kodomo-tachi		
UFO Princess Valkyrie	UFO Ultramaiden Valkyrie	UFO Princess Walkyure
UFO Princess Valkyrie 2: Juunigatsu no Yasoukyoku	UFO Ultramaiden Valkyrie 2: December Nocturne	UFO Princess Valkyrie - December&#039;s Nocturne
UFO Princess Valkyrie 3: Seiresetsu no Hanayome	UFO Ultramaiden Valkyrie 3: Bride of Celestial Souls&#039; Day	UFO Ultramaiden Valkyrie 3
UFO Princess Valkyrie 4: Toki to Yume to Ginga no Utage	UFO Ultramaiden Valkyrie 4: Banquet of Time	 and Galaxies
UFO Princess Valkyrie: Recap		UFO Ultramaiden Valkyrie Recap
UFO Princess Valkyrie: Special		UFO Ultramaiden Valkyrie OVA Special: Bridal Training
UFO Robo Grendizer		Atlas UFO Robot
UFO Robo Grendizer tai Great Mazinger		UFO Robo Grandizer vs. Great Mazinger
UFO Senshi Dai Apolon		UFO Warrior Dai Apolon
UFO Senshi Dai Apolon 2		UFO Warrior Dai Apolon 2
UG☆Ultimate Girls	Ultimate Girls	UG Ultimate Girls
UN-GO	Un-Go	
UN-GO: Inga Nikki	UN-GO: Inga Nikki	UN-GO: Inga&#039;s Diary
UN-GO: Inga-ron	UN-GO: Chapter of Inga	UN-GO episode:0 Inga-ron
UQ Holder! OVA		Yuukyuu Holder
UQ Holder!: Mahou Sensei Negima! 2	UQ Holder!	Yuukyuu Holder
Uba	Milk Money	
Ubasuteyama		The Mountain Where Old Women Are Abandoned
Ucchare Goshogawara		Utchare Goshogawara
Uchi no 3 Shimai		Uchi no 3Shimai
Uchi no Maid ga Uzasugiru!		TsubaKuma!
Uchi no Oochopus		
Uchiage Hanabi		Uchiage Hanabi
Uchiage Hanabi	 Shita kara Miru ka? Yoko kara Miru ka?	 Should We See It from the Side or the Bottom?
Uchiko no Mama to Okaasan	Uchiko&#039;s Mom & Mother	
Uchiyama Aki		Lolita Anime (Nikkatsu Video)
Uchouten Kazoku	The Eccentric Family	Uchoten Kazoku
Uchouten Kazoku 2	The Eccentric Family 2	Uchoten Kazoku 2
Uchurei!		Space Ghost!
Uchuu Ace	Space Ace	Uchu Ace
Uchuu Bouei-tai Taabou no Shinkirou Hoshi wo Sukue!		
Uchuu Bouei-tai Taabou no Toki no Tomatta Hoshi		
Uchuu Densetsu Ulysses 31	Ulysses 31	
Uchuu Enban Dai-Sensou		The Great Battle of the Flying Saucers
Uchuu Hikoushi no Uta		The Song Of An Astronaut
Uchuu Icchokusen		Straight into the Universe
Uchuu Kaizoku Captain Herlock	Space Pirate Captain Harlock	Harlock TV
Uchuu Kaizoku Captain Herlock: Arcadia-gou no Nazo	Space Pirate Captain Harlock: Riddle of the Arcadia Episode	Space Pirate Captain Harlock: The Mystery of Arcadia
Uchuu Kaizoku Mito no Daibouken	Space Pirate Mito	Uchu Kaizoku Mito no Daiboken
Uchuu Kaizoku Mito no Daibouken Pilot		Uchu Kaizoku Mito no Daiboken Pilot
Uchuu Kaizoku Mito no Daibouken: Futari no Joou-sama	Space Pirate Mito 2	Mito no Daiboken: Futari no Jou-sama
Uchuu Kaizoku Sara		Space Pirate Sara
Uchuu Kaizoku Sara Special		Space Pirate Sara: Bonus Video
Uchuu Kazoku Carlvinson		Space Family Carlvinson
Uchuu Koukyoushi Maetel: Ginga Tetsudou 999 Gaiden	Space Symphonic Poem Maetel: Galaxy Express 999 Side Story	Space Symphony Maetel
Uchuu Kuubo Blue Noah	Space Carrier Blue Noah	Thundersub
Uchuu Kyoudai	Space Brothers	Uchuu Kyodai
Uchuu Kyoudai: Apo&#039;s Dream	Space Brothers: Apo&#039;s Dream	Uchu Kyodai: Apo&#039;s Dream
Uchuu Kyoudai: Number Zero		Uchuu Kyoudai: Nanba Zero
Uchuu Majin Daikengou		Uchuu Majin Daikengo
Uchuu Neko: Mardock no Bouken	Space Cat: The Adventures of Mardock	
Uchuu Patrol Hopper	Space Patrol Hopper	Space Patrol Hopper: Space Boy Jun
Uchuu Patrol Luluco	Space Patrol Luluco	
Uchuu Senkan Tiramisù		Space Battleship Tiramisu
Uchuu Senkan Tiramisù Specials		Space Battleship Tiramisu
Uchuu Senkan Yamato	Star Blazers: The Quest for Iscandar	Space Battleship Yamato
Uchuu Senkan Yamato (Movie)	Space Battleship Yamato	
Uchuu Senkan Yamato 2	Star Blazers: The Comet Empire	Space Battleship Yamato 2
Uchuu Senkan Yamato 2199	Star Blazers 2199	Space Battleship Yamato 2199
Uchuu Senkan Yamato 2199: Hoshimeguru Hakobune		Uchuu Senkan Yamato 2199: Hoshi-Meguru Hakobune
Uchuu Senkan Yamato 2199: Tsuioku no Koukai		
Uchuu Senkan Yamato 2202: Ai no Senshi-tachi		
Uchuu Senkan Yamato III	Star Blazers: The Bolar Wars	Uchuu Senkan Yamato 3
Uchuu Senkan Yamato Pilot Film		Star Blazers Pilot Film
Uchuu Senkan Yamato: Aratanaru Tabidachi	Space Battleship Yamato: The New Voyage	
Uchuu Senkan Yamato: Fukkatsu-hen		Space Battleship Yamato: Rebirth Chapter
Uchuu Senkan Yamato: Kanketsu-hen	Space Battleship Yamato - Final Chapter	Final Yamato
Uchuu Senshi Baldios	Space Warrior Bladios	
Uchuu Senshi Baldios (Movie)	Space Warrior Baldios	
Uchuu Shounen Soran		
Uchuu Shounen Soran (Movie)		Uchuu Shounen Soran (1965)
Uchuu Show e Youkoso	Welcome to THE SPACE SHOW	Uchu Show e Youkoso
Uchuu Taitei God Sigma	Space Emperor God Sigma	Uchuu Taitei Goddo Shiguma
Uchuu no Hou: Reimei-hen	The Laws of the Universe: Part 1	Happy Science Movie 8
Uchuu no Kishi Tekkaman	Tekkaman	Tekkaman
Uchuu no Kishi Tekkaman Blade	Tekkaman Blade	Tekkaman Blade
Uchuu no Kishi Tekkaman Blade II	Tekkaman Blade II	Tekkaman Blade 2
Uchuu no Kishi Tekkaman Blade OVA: Burning Clock	Tekkaman Blade: Burning Clock	
Uchuu no Kishi Tekkaman Blade OVA: Missing Link	Tekkaman Blade: Missing Link	
Uchuu no Kishi Tekkaman Blade OVA: Twin Blood	Tekkaman Blade: Twin Blood	Uchuu no Kishi Tekkaman Blade - S1 Twin Blood
Uchuu no Senshi	Starship Troopers	Uchu no Senshi
Uchuu no Stellvia	Stellvia of the Universe	Cosmic Stellvia
Uchuu no Uta		Minna no Uta
Uchuujin Pipi		
Uchuujin Tanaka Tarou	Taro the Space Alien	
Uchuusen Sagittarius		Spaceship Sagittarius
Uchuusen Sagittarius Pilot		Spaceship Sagittarius Pilot
Udauda Yatteru Hima wa Nee!		Uda Uda Yatteru Hima wa Ne!
Udon no Kuni no Kiniro Kemari	Poco&#039;s Udon World	Gaogao-chan to Aoi Sora
Ueki no Housoku	The Law of Ueki	
Ugokie Kori no Tatehiki		
Uhou Renka		
Uju Heukgisa	Captain of Cosmos	Space Black Knight
Uju Jeonsa Hong Gildong		Space Soldier Hong Gildong
Ujusonyeon Kaesi		SpaceBoy Cache
Ukare Violin		Spree Violin
Ukkari Pénélope		Ukkari Penelope
Ukkari Pénélope (2009)		Ukkari Penelope
Ukkari Pénélope (2013)		Ukkari Penelope
Ukkari Pénélope (2017)		Ukkari Penelope
Ukkari Pénélope OVA		Ukkari Penelope OVA
Uli Chingu Kkachi		Ulichingu Kkachi
Uli Sai Jjang-Iya		Uli Sai Jjang Iya
Ulibyeol Ilhowa Eollugso	The Satellite Girl and Milk Cow	Ooleebyeol ilhowa eollugso
Ultra B		
Ultra B: Black Hole kara no Dokusaisha BB!!		Ultra B: Dictator B.B. from the Black Hole
Ultra Dino Makera	Makera Demo	Makera Pilot
Ultra Maniac	Ultramaniac - Magical Girl	
Ultra Maniac OVA		Tokimeki Fushigi Diary: Ultra Maniac
Ultra Nyan 2: The Great Happy Operation		Ultra Nyan 2: Happy Daisakusen
Ultra Nyan: Hoshizora kara Maiorita Fushigi Neko		Ultra Nyan: Extraordinary Cat who Descended from the Starry Sky
Ultraman		
Ultraman Graffiti		
Ultraman Kids no Kotowaza Monogatari		Ultraman Kids&#039; Proverb Stories
Ultraman Kids: Haha wo Tazunete 3000-man Kounen	Ultraman Kids Looking for Mother for 30000000 Light Years	Ultraman Kids: Haha o Tazunete 3000 Man Konen
Ultraman Kids: M7.8 Sei no Yukai na Nakama		
Ultraman M78 Gekijou: Love and Peace		Ultraman M78 Theater Love and Peace
Ultraman USA		Ultraman: The Adventure Begins
Ultraman: Chou Toushi Gekiden - Suisei Senjin Tsuifon Toujou		
Ultrasonico		
Ultraviolet: Code 044	Ultraviolet: Code 044	Ultraviolet:Code044
Ulysses 31 Pilot		
Ulysses: Jeanne d&#039;Arc to Renkin no Kishi		Ulysses: Jehanne Darc to Renkin no Kishi
Uma Musume: Pretty Derby		
Uma Musume: Pretty Derby (TV)		
Uma Musume: Pretty Derby (TV) Special		
Uma no Friends		Kemono Friends x JRA Collaboration
Umacha		Delicious Tea
Umbrella Fighter!		
Umeboshi Denka		Umeboshi-denka
Umeboshi Denka: Uchuu no Hate kara Panparopan!		
Umeboshi Jinsei		Minna no Uta
Umezu Kazuo no Noroi	The Curse of Kazuo Umezu	
Umi Da! Funade Da! Nikoniko	 Pun	海だ! 船出だ! にこにこ
Umi Monogatari: Anata ga Ite Kureta Koto	Umi Monogatari	Umimonogatari Anata ga Itekuretakoto
Umi Monogatari: Anata ga Ite Kureta Koto - Shinjiau Kokoro	Umi Monogatari: Faithful Hearts	Umimonogatari Anata ga Itekuretakoto OVA
Umi Monogatari: Kanon to Iku Amamikoshima	Umi Monogatari: Seeing Amamiko Island with Kanon	Umimonogatari Anata ga Itekuretakoto
Umi Monogatari: Marin no Kore Naani?	Umi Monogatari: Marin&#039;s What Is This?	
Umi ga Kikoeru	The Ocean Waves	I Can Hear the Sea
Umi kara no Shisha		The Messenger from the Sea
Umi ni Ochita Tsuki no Hanashi	The Moon That Fell into the Sea	
Umi no Koumori		
Umi no Mizu wa Naze Karai	Why is the Sea Water Salty?	Umi no Mizu Hanaze Karai
Umi no Momotarou	Momotaro&#039;s Underwater Adventure	Umi no Momotaro
Umi no Triton	Triton of the Sea	Sea of Triton
Umi no Triton (1979)	Triton of the Sea (1979)	Umi no Triton (Movie)
Umi no Yami	 Tsuki no Kage	 Shadow of the Moon
Umigame to Shounen		A Sea Turtle and a Boy
Umihiko Yamahiko		Umi Hiko Yama Hiko
Umineko no Naku Koro ni	Umineko: When They Cry	When They Cry 3
Umineko no Naku Koro ni Specials	When the Seagulls Cry Specials	Uraneko
Umo		
Unbalance	Sibling Secret: She&#039;s the Twisted Sister	
Under World		
Under the Dog		UNDER THE DOG EPISODE 0
Under the Dog: Anthea-chan	UNDER THE DOG Anthea-chan	Under the Dog Short Animation
Undouki Kenshin Manual Taiou Taisou		Musculoskeletal Screening Manual Corresponding Gymnastics
Unico	The Fantastic Adventures Of Unico	Unico Movie 1
Unico: Mahou no Shima e	Unico in the Island of Magic	The Fantastic Adventure of Unico 2
Unicorn no Kyupi		
Uniminipet		Uni Mini Pet
Union Union	Union Union	
Universal Mind	Universal Mind	Predawn: Absence
Universe		
Unkai no Meikyuu Zeguy	Mask of Zeguy	Labyrinth of the Cloud World: Zeguy
Unko-san: Tsuiteru Hito ni Shika Mienai Yousei		
Unko-san: Tsuiteru Hito ni Shika Mienai Yousei Junjou Ha		Shit Naive School
Unsweet: Netorare Ochita Onna-tachi		
Uobbuchou		Fishy Manager
Upotte!!	Upotte!!	
Upotte!! OVA		
Ura Jutaijima		
Ura Tegamibachi	Letter Bee Reverse Specials	Omakebachi
Uragiri wa Boku no Namae wo Shitteiru	The Betrayal Knows My Name	Uraboku
Urahara	Urahara	
Urameshi Denwa		
Urara Meirochou	Urara Meirocho	
Urarochi Diamond		Uraroji Diamond
Urashima Tarou		
Urashima Tarou (1931)	Taro Urashima	Urashima Taro
Urashima Tarou (1952)		
Urawa no Usagi-chan		
Urawa no Usagi-chan Special		Urawa no Usagi-chan Episode 13
Urayasu Tekkin Kazoku		Super Radical Gag Family
Urban Square: Kouhaku no Tsuigeki		Urban Square: Chasing Amber
Urda		Urda: Third Reich
Uriko-hime to Amanojaku		
Urikupen Kyuujo-tai	Urikupen Rescue Team	Urikupen&#039;s Rescue Patrol
Urmă (Zanzou)		
Urusei Yatsura	Urusei Yatsura	Lamu
Urusei Yatsura Movie 1: Only You		
Urusei Yatsura Movie 2: Beautiful Dreamer		
Urusei Yatsura Movie 3: Remember My Love		
Urusei Yatsura Movie 4: Lum The Forever		
Urusei Yatsura Movie 5: Final		Urusei Yatsura - Kanketsuhen
Urusei Yatsura Movie 6: Itsudatte My Darling	Urusei Yatsura Movie 6: Always My Darling	
Urusei Yatsura OVA		
Urusei Yatsura: Haru da	 Tobidase!	うる星やつら 春だ、とびだせ!
Urusei Yatsura: The Shougaibutsu Suieitaikai		Urusei Yatsura: Za Shougaibutsu Suiei Taikai
Usaband		
Usagi Drop	Bunny Drop	Usagi Drop
Usagi Drop Specials		Bunny Drop Specials
Usagi ga Kowai	U-SA-GUI	Usagui
Usagi no Matthew	Matthew the Rabbit	
Usagi no Mofy		
Usagi to Kame		The Hare and The Tortoise
Usagi to Kame (Music)		
Usagi to Kame no Koutsuu Anzen		
Usagi-chan de Cue!!		Usagichan
Usahana: Yumemiru Ballerina		
Usakame	Usakame	
Usakame Special		
Usalullaby		
Usamaru		
Usaru-san		
Usatalk	Usatalk	
Usavich	Usavich	
Usavich II	Usavich II	Usavich 2
Usavich III	Usavich III	Usavich 3
Usavich IV	Usavich IV	Usavich 4
Usavich Special		Usavish Episode 02.5: Time For Work. Another Point of View
Usavich V	Usavich V	Usavich 5
Usavich Zero		Usavich 0
Usawaltz		
Ushi Atama	Oxed-Man	
Ushinawareta Mirai wo Motomete	In Search of the Lost Future	Ushinawareta Mirai o Motomete
Ushinawareta Mirai wo Motomete: Ushinawareta Natsuyasumi wo Motomete		Ushinawareta Mirai wo Motomete Special
Ushio to Tora	Ushio and Tora	Ushio & Tora
Ushio to Tora (TV)	Ushio and Tora	Ushio & Tora
Ushio to Tora (TV) 2nd Season	Ushio & Tora	Ushio and Tora
Ushio to Tora: Comically Deformed Theater	Ushio and Tora: Comically Deformed Theater	Ushio & Tora: Comically Deformed Theater
Ushiro no Hyakutarou		
Ushiro no Seki no Ochiai-kun		
Ushiro no Shoumen Daare	Who&#039;s Left Behind?	Kayoko&#039;s Diary
Usogui		The Lie Eater
Uta Kata	Utakata	Uta-Kata
Uta Kata Special		Uta Kata Special OVA
Uta no☆Prince-sama♪ Maji Love 1000%	Uta no Prince Sama	Uta no Prince-sama: Maji Love 1000%
Uta no☆Prince-sama♪ Maji Love 2000%	Uta no Prince Sama 2	Uta no Prince-sama: Maji Love 1000% 2
Uta no☆Prince-sama♪ Maji Love 2000%: Shining Star Xmas		Uta no☆Prince-sama♪ Maji Love 2000% Episode 14
Uta no☆Prince-sama♪ Maji Love Kingdom Movie		Uta no Prince-sama Movie: Maji Love Kingdom
Uta no☆Prince-sama♪ Maji Love Legend Star	Uta no Prince Sama Legend Star	Uta no☆Prince-sama♪ Maji Love Fourth Season
Uta no☆Prince-sama♪ Maji Love Revolutions	Uta no Prince Sama Revolutions	Uta no☆Prince-sama♪ Maji Love 3
Utakata Hanabi		
Utakata Overdrive		
Utawarerumono	Utawarerumono	The One Being Sung
Utawarerumono OVA	Utawarerumono OVA	Utawareru Mono OVA
Utawarerumono OVA Picture Drama		Utawarerumono OVA Specials
Utawarerumono Recaps		Utawarerumono: The Story So Far
Utawarerumono Specials		The One Being Sung Specials
Utawarerumono: Itsuwari no Kamen	Utawarerumono: The False Faces	Utawarerumono: The False Mask
Utawarerumono: Itsuwari no Kamen Specials		Utawarerumono: The False Faces Specials
Utawarerumono: Tusukuru-koujo no Karei Naru Hibi		Utawarerumono: Imperial Princess Tusukuru&#039;s Splendid Days
Utopa		Wakate Animator Ikusei Project
Utopia		True Tears x Hanasaku Iroha x Tari Tari: Utopia
Utsu Musume Sayuri	Striking Daughter	Utsu-musume Sayuri
Utsukushii		Beautiful
Utsukushii Chikyuu wo Yogosanai de	Cry for Our Beautiful World	
Utsukushii Hoshi	Beautiful Planet	
Utsukushii Message		
Utsukushiki Emono-tachi no Gakuen	Sin Sorority	
Utsukushiki Sei no Dendoushi Reirei	Rei Rei	Rei Rei - Missionary of Love
Utsunomiko		Utsunomiko: Earth Chapter
Utsunomiko: Heaven Chapter		Utsunomiko OAV
Utsurun Desu.		Utsurundesu.
Uwabaki Cook		
Uwabaki Cook no Tekitou Uranai!		
