X	X	X the TV Series
X Densha de Ikou		Take the X Train
X Maiden		
X Maiden: Izakaya Tamaki		X Maiden Specials
X OVA	X: An Omen	X - Yochou
X-Men	X-Men	
X/1999	X - The Movie	 X/1999
Xabungle Graffiti	Xabungle Graffiti	
Xanadu Dragonslayer Densetsu		Xanadu
Xenosaga The Animation		
Xevious		
Xi Avant		
Xi Yang Yang Yu Hui Tai Lang	Pleasant Goat and Big Big Wolf	
Xi Yang Yang Yu Hui Tai Lang: Zhi Fei Ma Qi Yu Ji	Meet The Pegasus	Pleasant Goat and Big Big Wolf Movie 6: Meet The Pegasus
Xi Yang Yang Yu Hui Tai Lang: Zhi Hu Hu Sheng Wei	Pleasant Goat and Big Big Wolf: The Tiger Prowess	Pleasant Goat and Big Big Wolf Movie 2: The Tiger Prowess
Xi Yang Yang Yu Hui Tai Lang: Zhi Kaixin Chuang Long Nian	Pleasant Goat and Big Big Wolf: Mission Incredible: Adventures on the Dragon&#039;s Trail	Pleasant Goat and Big Big Wolf Movie 4: Mission Incredible - Adventures on the Dragon&#039;s Trail
Xi Yang Yang Yu Hui Tai Lang: Zhi Niu Qi Chong Tian	Pleasant Goat and Big Big Wolf: The Super Snail Adventure	Pleasant Goat and Big Big Wolf Movie 1: The Super Snail Adventure
Xi Yang Yang Yu Hui Tai Lang: Zhi Tu Nian Ding Gua Gua	Pleasant Goat and Big Big Wolf: Moon Castle - The Space Adventure	Pleasant Goat and Big Big Wolf Movie 3: Moon Castle - The Space Adventure
Xi Yang Yang Yu Hui Tai Lang: Zhi Xi Qi Yang Yang Guo She Nian	The Mythical Ark: Adventures in Love & Happiness	Pleasant Goat and Big Big Wolf Movie 5: The Mythical Ark - Adventures in Love & Happiness
Xi Yang Yang Yu Hui Tai Lang: Zhi Yang Nian Xi Yang Yang	Amazing Pleasant Goat	Pleasant Goat and Big Big Wolf Movie 7: Amazing Pleasant Goat
Xi You Ji	Journey to the West: Legends of the Monkey King	Saiyuuki
Xia Lan		Man Lan
Xian Yue Meng Ying	Reflection of Crescent	Xián Yuè Mèng Yǐng
Xiang Qi Wang	Xiangqi Master	Chinese Chess Master
Xianjing Chuanshuo RO: Shouhu Yongheng De Ai		Ragnarök Mobile
Xiao Hua Xian		Flower Fairy
Xiao Kedou Zhao Mama	Where is Mama	Where&#039;s Mama
Xiao Li Yu Li Xian Ji	The Adventures of Little Carp	小鲤鱼历险记
Xiao Men Shen	Little Door Gods	Door Guardians
Xiao Qian	A Chinese Ghost Story	A Chinese Ghost Story: The Tsui Hark Animation
Xiao Taiji	Taichi Kid	
Xiao Yeyou	Little Yeyos	Xiao Ye You
Xing Fu Lu Shang		On Happiness Road
Xing Mao Lixian Ji Zhi Shu Fa Pian		Star Cat Adventures
Xing You Ji	Rainbow Sea	Rainbow Sea Season 1
Xing You Ji: Fengbao Famila	Rainbow Sea 2nd Season	Xing You Ji Zhi Feng Bao Fa Mi La
Xingji Biaoche Wang	Galaxy Racers	星际飙车王
Xiong Bing Lian		Transcend the Gods: The Black Troop
Xiong Chumo	Boonie Bears	
Xiong Chumo Zhi: Chunri Dui Dui Peng	Boonie Bears: Spring into Action	Spring into Action of Boonie Bears
Xiong Chumo Zhi: Conglin Zongdongyuan	Boonie Bears: Forest Frenzy	Forest Frenzy of Boonie Bears
Xiong Chumo Zhi: Dongri Le Fantian	Boonie Bears: Snow Daze	Snow Daze of Boonie Bears
Xiong Chumo Zhi: Duo Bao Xiong Bing	Boonie Bears: To the Rescue!	
Xiong Chumo Zhi: Guonian	Boonie Bears: Homeward Journey	Boonie Bears or Bust
Xiong Chumo Zhi: Huanqiu Da Maoxian	Boonie Bears or Bust	
Xiong Chumo Zhi: Nianhuo	Boonie Bears: Robo-Rumble	
Xiong Chumo Zhi: Qihuan Kongjian	Boonie Bears: Entangled Worlds	
Xiong Chumo Zhi: Qiu Ri Tuantuanzhuan	Boonie Bears: Autumn Awesomeness	Autumn Awesomeness of Boonie Bears
Xiong Chumo Zhi: Tanxian Riji	Boonie Bears: The Adventurers	
Xiong Chumo Zhi: Xiari Lianlian Kan	Boonies Bears: Sunsational Summer	Sunsational Summer of Boonie Bears
Xiong Chumo Zhi: Xiong Zin Guilai	Boonie Bears: The Big Top Secret	
Xiong Chumo Zhi: Xiongxiong Leyuan	Boonie Cubs	
Xiong Chumo Zhi: Xue Ling Xiong Feng	Boonie Bears: Mystical Winter	
Xiongmao He Xiao Yan Shu	Panda and Little Mole	The Little Mole and Panda
Xiongmao Monogatari TaoTao		Shunmao Monogatari Taotao
Xiyouji zhi Dasheng Guilai	Monkey King: Hero Is Back	CUG: King of Heroes
Xiyue Qi Tong	Saving Mother	Lotus Lantern
Xiyue Qi Tong (2006)	Saving Mother	Lotus Lanturn
Xue Haizi		The Snow Child
Xue Se Cang Qiong	Bloody Code	Xuese Cangqiong
X²: Double X		X^2
