.hack//G.U. Returner		
.hack//G.U. Trilogy	.hack//G.U. Trilogy	
.hack//G.U. Trilogy: Parody Mode	.hack//G.U. Trilogy: Parody Mode	
.hack//Gift	.hack//Gift	
.hack//Intermezzo		.hack//Another Story
.hack//Liminality	.hack//Liminality	Hack OVA
.hack//Quantum		
.hack//Quantum: Sore ike! Bokura no Chimuchimu-chan!!	.hack//Quantum: Go	.hack//Quantum 映像特典 それいけ！ぼくらのチムチムちゃん！！
.hack//Roots	.hack//roots	
.hack//Sign	.hack//Sign	
.hack//Tasogare no Udewa Densetsu	.hack//Legend Of The Twilight	.hack//Udeden
.hack//Tasogare no Udewa Densetsu: Offline de Aimashou	.hack//Legend of the Twilight Offline Meeting Special	.hack//DUSK Special
.hack//The Movie: Sekai no Mukou ni		.hack//Beyond the World
.hack//Unison		.hack//SIGN Episode 28
.hack//Versus: The Thanatos Report		.hack//Versus OVA
